{
  "seed": 1574449239073622610,
  "steps": 32,
  "total_reward": 82.55000000000001,
  "chase_count": 4,
  "samples": 32,
  "episode": 1501,
  "replay_size": 20000,
  "loss": 0.9318226277828217,
  "policy_loss": 0.9305776655673981,
  "value_loss": 0.0012449759524315596
}
{
  "seed": 3561821738785778322,
  "steps": 30,
  "total_reward": 85.65,
  "chase_count": 5,
  "samples": 30,
  "episode": 1502,
  "replay_size": 20000,
  "loss": 0.9704562127590179,
  "policy_loss": 0.9689385294914246,
  "value_loss": 0.0015176954912021756
}
{
  "seed": 5499821612736483153,
  "steps": 27,
  "total_reward": 64.30000000000001,
  "chase_count": 5,
  "samples": 27,
  "episode": 1503,
  "replay_size": 20000,
  "loss": 0.8929102122783661,
  "policy_loss": 0.8919554054737091,
  "value_loss": 0.0009547857043799013
}
{
  "seed": 6532238211282992748,
  "steps": 34,
  "total_reward": 67.57000000000001,
  "chase_count": 5,
  "samples": 34,
  "episode": 1504,
  "replay_size": 20000,
  "loss": 0.8215796053409576,
  "policy_loss": 0.8206224739551544,
  "value_loss": 0.0009571281843818724
}
{
  "seed": 7207116993413380150,
  "steps": 33,
  "total_reward": 93.89000000000001,
  "chase_count": 4,
  "samples": 33,
  "episode": 1505,
  "replay_size": 20000,
  "loss": 0.8178511261940002,
  "policy_loss": 0.8166305422782898,
  "value_loss": 0.0012205843813717365
}
{
  "seed": 8145376715001609051,
  "steps": 33,
  "total_reward": 113.67000000000004,
  "chase_count": 4,
  "samples": 33,
  "episode": 1506,
  "replay_size": 20000,
  "loss": 0.8978732526302338,
  "policy_loss": 0.8968245685100555,
  "value_loss": 0.0010487000399734825
}
{
  "seed": 7117218964656644400,
  "steps": 30,
  "total_reward": 96.31000000000003,
  "chase_count": 4,
  "samples": 30,
  "episode": 1507,
  "replay_size": 20000,
  "loss": 0.7736386954784393,
  "policy_loss": 0.7720412015914917,
  "value_loss": 0.001597499824129045
}
{
  "seed": 9141581163937449526,
  "steps": 36,
  "total_reward": 98.68000000000002,
  "chase_count": 4,
  "samples": 36,
  "episode": 1508,
  "replay_size": 20000,
  "loss": 0.8665468990802765,
  "policy_loss": 0.8652893006801605,
  "value_loss": 0.0012575829168781638
}
{
  "seed": 2193978129490634424,
  "steps": 40,
  "total_reward": 79.44000000000004,
  "chase_count": 5,
  "samples": 40,
  "episode": 1509,
  "replay_size": 20000,
  "loss": 0.8160177767276764,
  "policy_loss": 0.8142559230327606,
  "value_loss": 0.0017618422862142324
}
{
  "seed": 1421688729964702948,
  "steps": 30,
  "total_reward": 82.08000000000001,
  "chase_count": 4,
  "samples": 30,
  "episode": 1510,
  "replay_size": 20000,
  "loss": 0.9116330444812775,
  "policy_loss": 0.9103881120681763,
  "value_loss": 0.0012449560163076967
}
{
  "seed": 1573814335582726460,
  "steps": 28,
  "total_reward": 82.05000000000001,
  "chase_count": 5,
  "samples": 28,
  "episode": 1511,
  "replay_size": 20000,
  "loss": 0.8381414413452148,
  "policy_loss": 0.8365200161933899,
  "value_loss": 0.0016214143252000213
}
{
  "seed": 4442783796475419490,
  "steps": 33,
  "total_reward": 90.67000000000002,
  "chase_count": 5,
  "samples": 33,
  "episode": 1512,
  "replay_size": 20000,
  "loss": 0.8702056407928467,
  "policy_loss": 0.8685279190540314,
  "value_loss": 0.0016777298878878355
}
{
  "seed": 5493709607486518834,
  "steps": 31,
  "total_reward": 87.93000000000004,
  "chase_count": 4,
  "samples": 31,
  "episode": 1513,
  "replay_size": 20000,
  "loss": 0.735881507396698,
  "policy_loss": 0.7345539033412933,
  "value_loss": 0.0013275900564622134
}
{
  "seed": 2578954276220241185,
  "steps": 29,
  "total_reward": 81.21000000000001,
  "chase_count": 5,
  "samples": 29,
  "episode": 1514,
  "replay_size": 20000,
  "loss": 0.840608537197113,
  "policy_loss": 0.8392326235771179,
  "value_loss": 0.0013759194989688694
}
{
  "seed": 8147336864404369109,
  "steps": 34,
  "total_reward": 91.08000000000001,
  "chase_count": 5,
  "samples": 34,
  "episode": 1515,
  "replay_size": 20000,
  "loss": 0.9066994190216064,
  "policy_loss": 0.9054161012172699,
  "value_loss": 0.0012833178625442088
}
{
  "seed": 8353612829241315714,
  "steps": 35,
  "total_reward": 88.19000000000003,
  "chase_count": 3,
  "samples": 35,
  "episode": 1516,
  "replay_size": 20000,
  "loss": 0.8325340151786804,
  "policy_loss": 0.830988347530365,
  "value_loss": 0.0015456498367711902
}
{
  "seed": 4379303836581361777,
  "steps": 27,
  "total_reward": 68.75999999999999,
  "chase_count": 5,
  "samples": 27,
  "episode": 1517,
  "replay_size": 20000,
  "loss": 1.0004327893257141,
  "policy_loss": 0.9989607632160187,
  "value_loss": 0.001471998984925449
}
{
  "seed": 1111273809567570873,
  "steps": 34,
  "total_reward": 104.73000000000003,
  "chase_count": 4,
  "samples": 34,
  "episode": 1518,
  "replay_size": 20000,
  "loss": 0.7981626093387604,
  "policy_loss": 0.7969830334186554,
  "value_loss": 0.001179581682663411
}
{
  "seed": 4853229982031288487,
  "steps": 33,
  "total_reward": 106.48000000000003,
  "chase_count": 4,
  "samples": 33,
  "episode": 1519,
  "replay_size": 20000,
  "loss": 0.8358554542064667,
  "policy_loss": 0.8348225355148315,
  "value_loss": 0.0010329259384889156
}
{
  "seed": 5053519287193063967,
  "steps": 30,
  "total_reward": 100.62,
  "chase_count": 4,
  "samples": 30,
  "episode": 1520,
  "replay_size": 20000,
  "loss": 0.8729493916034698,
  "policy_loss": 0.8713672161102295,
  "value_loss": 0.0015821601264178753
}
{
  "seed": 7155053277850445831,
  "steps": 31,
  "total_reward": 90.22,
  "chase_count": 5,
  "samples": 31,
  "episode": 1521,
  "replay_size": 20000,
  "loss": 0.8987489640712738,
  "policy_loss": 0.8972290456295013,
  "value_loss": 0.0015198994078673422
}
{
  "seed": 6148095428360395392,
  "steps": 31,
  "total_reward": 77.9,
  "chase_count": 5,
  "samples": 31,
  "episode": 1522,
  "replay_size": 20000,
  "loss": 0.7916249632835388,
  "policy_loss": 0.7900694906711578,
  "value_loss": 0.0015554874553345144
}
{
  "seed": 1071318533748351712,
  "steps": 27,
  "total_reward": 77.80000000000001,
  "chase_count": 5,
  "samples": 27,
  "episode": 1523,
  "replay_size": 20000,
  "loss": 0.9045510292053223,
  "policy_loss": 0.9031642973423004,
  "value_loss": 0.0013867286616005003
}
{
  "seed": 7677309791820270841,
  "steps": 30,
  "total_reward": 95.66000000000003,
  "chase_count": 5,
  "samples": 30,
  "episode": 1524,
  "replay_size": 20000,
  "loss": 0.8193645179271698,
  "policy_loss": 0.8180708885192871,
  "value_loss": 0.001293650217121467
}
{
  "seed": 3331175665386034247,
  "steps": 32,
  "total_reward": 112.18000000000002,
  "chase_count": 4,
  "samples": 32,
  "episode": 1525,
  "replay_size": 20000,
  "loss": 0.8612284660339355,
  "policy_loss": 0.8599556386470795,
  "value_loss": 0.001272839610464871
}
{
  "seed": 498185504858961673,
  "steps": 31,
  "total_reward": 92.05000000000003,
  "chase_count": 4,
  "samples": 31,
  "episode": 1526,
  "replay_size": 20000,
  "loss": 0.786759078502655,
  "policy_loss": 0.7856718897819519,
  "value_loss": 0.0010871948616113514
}
{
  "seed": 4750326320040003069,
  "steps": 32,
  "total_reward": 101.36000000000003,
  "chase_count": 5,
  "samples": 32,
  "episode": 1527,
  "replay_size": 20000,
  "loss": 0.8087319731712341,
  "policy_loss": 0.8079361021518707,
  "value_loss": 0.0007958888891153038
}
{
  "seed": 6707448225843408154,
  "steps": 32,
  "total_reward": 79.79000000000002,
  "chase_count": 5,
  "samples": 32,
  "episode": 1528,
  "replay_size": 20000,
  "loss": 0.9756214618682861,
  "policy_loss": 0.974243551492691,
  "value_loss": 0.001377908862195909
}
{
  "seed": 2855323264149396831,
  "steps": 32,
  "total_reward": 96.49000000000001,
  "chase_count": 5,
  "samples": 32,
  "episode": 1529,
  "replay_size": 20000,
  "loss": 0.7701590955257416,
  "policy_loss": 0.7689534425735474,
  "value_loss": 0.0012056546402163804
}
{
  "seed": 2275666687775575979,
  "steps": 36,
  "total_reward": 99.24000000000002,
  "chase_count": 5,
  "samples": 36,
  "episode": 1530,
  "replay_size": 20000,
  "loss": 0.787053644657135,
  "policy_loss": 0.786046177148819,
  "value_loss": 0.001007464190479368
}
{
  "seed": 362438711934555247,
  "steps": 33,
  "total_reward": 104.94000000000003,
  "chase_count": 4,
  "samples": 33,
  "episode": 1531,
  "replay_size": 20000,
  "loss": 0.8684569597244263,
  "policy_loss": 0.8675369322299957,
  "value_loss": 0.0009200358472298831
}
{
  "seed": 8155632690421639575,
  "steps": 32,
  "total_reward": 79.73000000000002,
  "chase_count": 5,
  "samples": 32,
  "episode": 1532,
  "replay_size": 20000,
  "loss": 0.7997784912586212,
  "policy_loss": 0.7982234358787537,
  "value_loss": 0.0015550574753433466
}
{
  "seed": 3726130983404781457,
  "steps": 30,
  "total_reward": 85.91000000000003,
  "chase_count": 4,
  "samples": 30,
  "episode": 1533,
  "replay_size": 20000,
  "loss": 0.7926824390888214,
  "policy_loss": 0.7910660803318024,
  "value_loss": 0.001616360095795244
}
{
  "seed": 43619334375004968,
  "steps": 34,
  "total_reward": 112.03000000000002,
  "chase_count": 4,
  "samples": 34,
  "episode": 1534,
  "replay_size": 20000,
  "loss": 0.8936831653118134,
  "policy_loss": 0.8925259113311768,
  "value_loss": 0.0011572585790418088
}
{
  "seed": 8701278122824087707,
  "steps": 38,
  "total_reward": 95.80000000000003,
  "chase_count": 3,
  "samples": 38,
  "episode": 1535,
  "replay_size": 20000,
  "loss": 0.8531255722045898,
  "policy_loss": 0.8521632552146912,
  "value_loss": 0.0009623310470487922
}
{
  "seed": 4918927722190493978,
  "steps": 28,
  "total_reward": 85.63000000000002,
  "chase_count": 5,
  "samples": 28,
  "episode": 1536,
  "replay_size": 20000,
  "loss": 0.9310272932052612,
  "policy_loss": 0.9299143552780151,
  "value_loss": 0.0011129486956633627
}
{
  "seed": 1769330883432294469,
  "steps": 34,
  "total_reward": 112.59000000000003,
  "chase_count": 5,
  "samples": 34,
  "episode": 1537,
  "replay_size": 20000,
  "loss": 0.879575103521347,
  "policy_loss": 0.8780045211315155,
  "value_loss": 0.0015706053818576038
}
{
  "seed": 5894930614192409402,
  "steps": 33,
  "total_reward": 114.07000000000002,
  "chase_count": 4,
  "samples": 33,
  "episode": 1538,
  "replay_size": 20000,
  "loss": 0.8699863255023956,
  "policy_loss": 0.8683788180351257,
  "value_loss": 0.001607499667443335
}
{
  "seed": 7052628402607169375,
  "steps": 34,
  "total_reward": 95.21000000000001,
  "chase_count": 5,
  "samples": 34,
  "episode": 1539,
  "replay_size": 20000,
  "loss": 0.8032326996326447,
  "policy_loss": 0.8021278977394104,
  "value_loss": 0.0011047939769923687
}
{
  "seed": 7751317917912878321,
  "steps": 31,
  "total_reward": 87.33000000000001,
  "chase_count": 5,
  "samples": 31,
  "episode": 1540,
  "replay_size": 20000,
  "loss": 0.9420711696147919,
  "policy_loss": 0.9404472708702087,
  "value_loss": 0.0016238759271800518
}
{
  "seed": 4848638358047722970,
  "steps": 32,
  "total_reward": 111.16000000000001,
  "chase_count": 5,
  "samples": 32,
  "episode": 1541,
  "replay_size": 20000,
  "loss": 0.8511322140693665,
  "policy_loss": 0.8500258922576904,
  "value_loss": 0.001106327516026795
}
{
  "seed": 397597592339070344,
  "steps": 30,
  "total_reward": 88.32,
  "chase_count": 5,
  "samples": 30,
  "episode": 1542,
  "replay_size": 20000,
  "loss": 0.8052461445331573,
  "policy_loss": 0.8040505945682526,
  "value_loss": 0.0011955428053624928
}
{
  "seed": 5091206295879316712,
  "steps": 34,
  "total_reward": 91.43000000000002,
  "chase_count": 4,
  "samples": 34,
  "episode": 1543,
  "replay_size": 20000,
  "loss": 0.8254939019680023,
  "policy_loss": 0.8244345486164093,
  "value_loss": 0.0010593608894851059
}
{
  "seed": 42945976854941907,
  "steps": 32,
  "total_reward": 79.01,
  "chase_count": 5,
  "samples": 32,
  "episode": 1544,
  "replay_size": 20000,
  "loss": 0.9250915944576263,
  "policy_loss": 0.9241660535335541,
  "value_loss": 0.0009255506738554686
}
{
  "seed": 703143075421867850,
  "steps": 36,
  "total_reward": 101.57000000000002,
  "chase_count": 4,
  "samples": 36,
  "episode": 1545,
  "replay_size": 20000,
  "loss": 0.8670631945133209,
  "policy_loss": 0.865749716758728,
  "value_loss": 0.0013134800246916711
}
{
  "seed": 6317607410146343412,
  "steps": 40,
  "total_reward": 92.51000000000002,
  "chase_count": 5,
  "samples": 40,
  "episode": 1546,
  "replay_size": 20000,
  "loss": 0.7865237295627594,
  "policy_loss": 0.7850208580493927,
  "value_loss": 0.0015028655179776251
}
{
  "seed": 3414576310097992933,
  "steps": 34,
  "total_reward": 80.57000000000001,
  "chase_count": 5,
  "samples": 34,
  "episode": 1547,
  "replay_size": 20000,
  "loss": 0.8052818775177002,
  "policy_loss": 0.8042398989200592,
  "value_loss": 0.0010419819154776633
}
{
  "seed": 2512649911965111111,
  "steps": 35,
  "total_reward": 79.64000000000001,
  "chase_count": 3,
  "samples": 35,
  "episode": 1548,
  "replay_size": 20000,
  "loss": 0.868363231420517,
  "policy_loss": 0.8666184842586517,
  "value_loss": 0.001744753506500274
}
{
  "seed": 1026035051050602005,
  "steps": 40,
  "total_reward": 96.36000000000001,
  "chase_count": 4,
  "samples": 40,
  "episode": 1549,
  "replay_size": 20000,
  "loss": 0.8704078495502472,
  "policy_loss": 0.8684930801391602,
  "value_loss": 0.0019147736602462828
}
{
  "seed": 1078011773612026227,
  "steps": 28,
  "total_reward": 101.42000000000002,
  "chase_count": 4,
  "samples": 28,
  "episode": 1550,
  "replay_size": 20000,
  "loss": 0.918595939874649,
  "policy_loss": 0.9173782765865326,
  "value_loss": 0.001217658631503582
}
{
  "seed": 7953033291230174832,
  "steps": 28,
  "total_reward": 97.54,
  "chase_count": 5,
  "samples": 28,
  "episode": 1551,
  "replay_size": 20000,
  "loss": 0.8743379712104797,
  "policy_loss": 0.872817188501358,
  "value_loss": 0.0015207737451419234
}
{
  "seed": 9042768307832007035,
  "steps": 30,
  "total_reward": 88.89999999999999,
  "chase_count": 4,
  "samples": 30,
  "episode": 1552,
  "replay_size": 20000,
  "loss": 0.8584953546524048,
  "policy_loss": 0.857193112373352,
  "value_loss": 0.0013022242346778512
}
{
  "seed": 4243737533385039105,
  "steps": 33,
  "total_reward": 96.65000000000002,
  "chase_count": 4,
  "samples": 33,
  "episode": 1553,
  "replay_size": 20000,
  "loss": 0.7946380078792572,
  "policy_loss": 0.7934182286262512,
  "value_loss": 0.0012197744799777865
}
{
  "seed": 3618751211275658924,
  "steps": 31,
  "total_reward": 91.74,
  "chase_count": 5,
  "samples": 31,
  "episode": 1554,
  "replay_size": 20000,
  "loss": 0.8183215260505676,
  "policy_loss": 0.8170858025550842,
  "value_loss": 0.0012357006780803204
}
{
  "seed": 5362966070452430055,
  "steps": 29,
  "total_reward": 95.02000000000001,
  "chase_count": 5,
  "samples": 29,
  "episode": 1555,
  "replay_size": 20000,
  "loss": 0.7633524537086487,
  "policy_loss": 0.7618995308876038,
  "value_loss": 0.001452913973480463
}
{
  "seed": 7979848541016429764,
  "steps": 30,
  "total_reward": 92.27000000000001,
  "chase_count": 4,
  "samples": 30,
  "episode": 1556,
  "replay_size": 20000,
  "loss": 0.877152293920517,
  "policy_loss": 0.8761752247810364,
  "value_loss": 0.0009770816541276872
}
{
  "seed": 4089511088074716971,
  "steps": 32,
  "total_reward": 77.35999999999999,
  "chase_count": 5,
  "samples": 32,
  "episode": 1557,
  "replay_size": 20000,
  "loss": 0.7859354019165039,
  "policy_loss": 0.7848362326622009,
  "value_loss": 0.0010991674498654902
}
{
  "seed": 7798669949889980930,
  "steps": 29,
  "total_reward": 95.43,
  "chase_count": 4,
  "samples": 29,
  "episode": 1558,
  "replay_size": 20000,
  "loss": 0.827754557132721,
  "policy_loss": 0.8265401124954224,
  "value_loss": 0.001214437186717987
}
{
  "seed": 7702922773728573107,
  "steps": 32,
  "total_reward": 94.95000000000002,
  "chase_count": 5,
  "samples": 32,
  "episode": 1559,
  "replay_size": 20000,
  "loss": 0.8505791127681732,
  "policy_loss": 0.8498662412166595,
  "value_loss": 0.0007128702418413013
}
{
  "seed": 4898012621862150377,
  "steps": 30,
  "total_reward": 83.48000000000002,
  "chase_count": 5,
  "samples": 30,
  "episode": 1560,
  "replay_size": 20000,
  "loss": 0.8000119030475616,
  "policy_loss": 0.7987538576126099,
  "value_loss": 0.0012580472975969315
}
{
  "seed": 8774058701907515761,
  "steps": 30,
  "total_reward": 66.13000000000002,
  "chase_count": 5,
  "samples": 30,
  "episode": 1561,
  "replay_size": 20000,
  "loss": 0.8513011038303375,
  "policy_loss": 0.8502398431301117,
  "value_loss": 0.001061262795701623
}
{
  "seed": 7844801286868890757,
  "steps": 30,
  "total_reward": 115.30000000000003,
  "chase_count": 3,
  "samples": 30,
  "episode": 1562,
  "replay_size": 20000,
  "loss": 0.8487138152122498,
  "policy_loss": 0.8474970459938049,
  "value_loss": 0.001216768054291606
}
{
  "seed": 6949628066557935816,
  "steps": 35,
  "total_reward": 97.23000000000002,
  "chase_count": 4,
  "samples": 35,
  "episode": 1563,
  "replay_size": 20000,
  "loss": 0.7873654663562775,
  "policy_loss": 0.7863149642944336,
  "value_loss": 0.001050476828822866
}
{
  "seed": 1034763378500806725,
  "steps": 38,
  "total_reward": 104.86000000000001,
  "chase_count": 3,
  "samples": 38,
  "episode": 1564,
  "replay_size": 20000,
  "loss": 0.782902717590332,
  "policy_loss": 0.7817157804965973,
  "value_loss": 0.0011869537411257625
}
{
  "seed": 3838049768753920498,
  "steps": 28,
  "total_reward": 95.73000000000002,
  "chase_count": 4,
  "samples": 28,
  "episode": 1565,
  "replay_size": 20000,
  "loss": 0.8250503838062286,
  "policy_loss": 0.8241585791110992,
  "value_loss": 0.0008918205567169935
}
{
  "seed": 1966732413703177709,
  "steps": 26,
  "total_reward": 87.82000000000002,
  "chase_count": 4,
  "samples": 26,
  "episode": 1566,
  "replay_size": 20000,
  "loss": 0.8707790076732635,
  "policy_loss": 0.8700443208217621,
  "value_loss": 0.0007346904603764415
}
{
  "seed": 5196312121738621901,
  "steps": 36,
  "total_reward": 82.41000000000004,
  "chase_count": 5,
  "samples": 36,
  "episode": 1567,
  "replay_size": 20000,
  "loss": 0.8191801011562347,
  "policy_loss": 0.8181567490100861,
  "value_loss": 0.0010233342181891203
}
{
  "seed": 2360347995440489736,
  "steps": 27,
  "total_reward": 50.419999999999995,
  "chase_count": 5,
  "samples": 27,
  "episode": 1568,
  "replay_size": 20000,
  "loss": 0.8762893080711365,
  "policy_loss": 0.8749457597732544,
  "value_loss": 0.001343549753073603
}
{
  "seed": 2636408132858223887,
  "steps": 28,
  "total_reward": 85.15,
  "chase_count": 4,
  "samples": 28,
  "episode": 1569,
  "replay_size": 20000,
  "loss": 0.7227436602115631,
  "policy_loss": 0.7215402126312256,
  "value_loss": 0.0012034677783958614
}
{
  "seed": 6486852917445393745,
  "steps": 26,
  "total_reward": 68.30999999999999,
  "chase_count": 5,
  "samples": 26,
  "episode": 1570,
  "replay_size": 20000,
  "loss": 0.8713017106056213,
  "policy_loss": 0.8698036968708038,
  "value_loss": 0.0014980228152126074
}
{
  "seed": 2064232997272120746,
  "steps": 36,
  "total_reward": 114.42000000000003,
  "chase_count": 5,
  "samples": 36,
  "episode": 1571,
  "replay_size": 20000,
  "loss": 0.8359861075878143,
  "policy_loss": 0.8344385325908661,
  "value_loss": 0.0015475709806196392
}
{
  "seed": 7505743164340528449,
  "steps": 32,
  "total_reward": 84.66000000000003,
  "chase_count": 4,
  "samples": 32,
  "episode": 1572,
  "replay_size": 20000,
  "loss": 0.8397260308265686,
  "policy_loss": 0.8379487991333008,
  "value_loss": 0.0017772260471247137
}
{
  "seed": 570734598204146218,
  "steps": 32,
  "total_reward": 86.32000000000002,
  "chase_count": 4,
  "samples": 32,
  "episode": 1573,
  "replay_size": 20000,
  "loss": 0.8496981561183929,
  "policy_loss": 0.848112165927887,
  "value_loss": 0.0015860004350543022
}
{
  "seed": 4206250517994639965,
  "steps": 38,
  "total_reward": 128.61,
  "chase_count": 2,
  "samples": 38,
  "episode": 1574,
  "replay_size": 20000,
  "loss": 0.9339460730552673,
  "policy_loss": 0.9327420890331268,
  "value_loss": 0.0012039962748531252
}
{
  "seed": 100292932223476042,
  "steps": 31,
  "total_reward": 78.42000000000002,
  "chase_count": 5,
  "samples": 31,
  "episode": 1575,
  "replay_size": 20000,
  "loss": 0.8703648746013641,
  "policy_loss": 0.8692809641361237,
  "value_loss": 0.0010839176538866013
}
{
  "seed": 5647940648340890998,
  "steps": 39,
  "total_reward": 81.20000000000002,
  "chase_count": 5,
  "samples": 39,
  "episode": 1576,
  "replay_size": 20000,
  "loss": 0.9474514126777649,
  "policy_loss": 0.9465302228927612,
  "value_loss": 0.0009211806755047292
}
{
  "seed": 5967281887769858982,
  "steps": 29,
  "total_reward": 78.39000000000001,
  "chase_count": 5,
  "samples": 29,
  "episode": 1577,
  "replay_size": 20000,
  "loss": 0.8036086857318878,
  "policy_loss": 0.8022240996360779,
  "value_loss": 0.0013845901121385396
}
{
  "seed": 950757048417848260,
  "steps": 29,
  "total_reward": 83.05000000000001,
  "chase_count": 5,
  "samples": 29,
  "episode": 1578,
  "replay_size": 20000,
  "loss": 0.924370676279068,
  "policy_loss": 0.9231021702289581,
  "value_loss": 0.0012685215333476663
}
{
  "seed": 5581803839024542491,
  "steps": 32,
  "total_reward": 105.49000000000002,
  "chase_count": 5,
  "samples": 32,
  "episode": 1579,
  "replay_size": 20000,
  "loss": 0.9270797371864319,
  "policy_loss": 0.9260510206222534,
  "value_loss": 0.0010287075419910252
}
{
  "seed": 7077808620255445024,
  "steps": 34,
  "total_reward": 82.44000000000003,
  "chase_count": 5,
  "samples": 34,
  "episode": 1580,
  "replay_size": 20000,
  "loss": 0.9134420454502106,
  "policy_loss": 0.9119742214679718,
  "value_loss": 0.0014678470906801522
}
{
  "seed": 408779475181731024,
  "steps": 36,
  "total_reward": 121.84000000000003,
  "chase_count": 5,
  "samples": 36,
  "episode": 1581,
  "replay_size": 20000,
  "loss": 0.7926940321922302,
  "policy_loss": 0.7915163338184357,
  "value_loss": 0.001177678699605167
}
{
  "seed": 8082402017938417464,
  "steps": 29,
  "total_reward": 96.97,
  "chase_count": 5,
  "samples": 29,
  "episode": 1582,
  "replay_size": 20000,
  "loss": 0.851132720708847,
  "policy_loss": 0.8496630787849426,
  "value_loss": 0.0014696307480335236
}
{
  "seed": 8634641190995330652,
  "steps": 29,
  "total_reward": 102.36000000000004,
  "chase_count": 5,
  "samples": 29,
  "episode": 1583,
  "replay_size": 20000,
  "loss": 0.8211806118488312,
  "policy_loss": 0.8200183510780334,
  "value_loss": 0.0011622551537584513
}
{
  "seed": 7722609705312904274,
  "steps": 25,
  "total_reward": 85.50000000000001,
  "chase_count": 5,
  "samples": 25,
  "episode": 1584,
  "replay_size": 20000,
  "loss": 0.8058910369873047,
  "policy_loss": 0.8045713305473328,
  "value_loss": 0.0013196977670304477
}
{
  "seed": 1715366531970442464,
  "steps": 30,
  "total_reward": 89.13000000000001,
  "chase_count": 5,
  "samples": 30,
  "episode": 1585,
  "replay_size": 20000,
  "loss": 0.8488336205482483,
  "policy_loss": 0.8471681475639343,
  "value_loss": 0.0016654901555739343
}
{
  "seed": 1054972243676910541,
  "steps": 33,
  "total_reward": 94.77000000000004,
  "chase_count": 4,
  "samples": 33,
  "episode": 1586,
  "replay_size": 20000,
  "loss": 0.8702029883861542,
  "policy_loss": 0.8693318963050842,
  "value_loss": 0.0008710983966011554
}
{
  "seed": 4348664862314759356,
  "steps": 28,
  "total_reward": 79.06,
  "chase_count": 5,
  "samples": 28,
  "episode": 1587,
  "replay_size": 20000,
  "loss": 0.8086481690406799,
  "policy_loss": 0.8066704869270325,
  "value_loss": 0.0019776805420406163
}
{
  "seed": 3276733287726011814,
  "steps": 33,
  "total_reward": 87.71000000000001,
  "chase_count": 5,
  "samples": 33,
  "episode": 1588,
  "replay_size": 20000,
  "loss": 0.8750809133052826,
  "policy_loss": 0.8742201328277588,
  "value_loss": 0.0008607720374129713
}
{
  "seed": 1452467732767840865,
  "steps": 35,
  "total_reward": 79.13000000000004,
  "chase_count": 3,
  "samples": 35,
  "episode": 1589,
  "replay_size": 20000,
  "loss": 0.8779208064079285,
  "policy_loss": 0.8769168853759766,
  "value_loss": 0.001003912097075954
}
{
  "seed": 2588503327211165199,
  "steps": 38,
  "total_reward": 99.05000000000004,
  "chase_count": 4,
  "samples": 38,
  "episode": 1590,
  "replay_size": 20000,
  "loss": 0.9367259740829468,
  "policy_loss": 0.9355856478214264,
  "value_loss": 0.001140328706242144
}
{
  "seed": 4179080632712724234,
  "steps": 33,
  "total_reward": 81.13,
  "chase_count": 5,
  "samples": 33,
  "episode": 1591,
  "replay_size": 20000,
  "loss": 0.8758967816829681,
  "policy_loss": 0.8743031024932861,
  "value_loss": 0.0015936670824885368
}
{
  "seed": 732459106192434284,
  "steps": 36,
  "total_reward": 74.39000000000001,
  "chase_count": 5,
  "samples": 36,
  "episode": 1592,
  "replay_size": 20000,
  "loss": 0.8379382789134979,
  "policy_loss": 0.8364690244197845,
  "value_loss": 0.0014692418044432998
}
{
  "seed": 3979085909259050031,
  "steps": 24,
  "total_reward": 73.5,
  "chase_count": 5,
  "samples": 24,
  "episode": 1593,
  "replay_size": 20000,
  "loss": 0.8013105094432831,
  "policy_loss": 0.8003700375556946,
  "value_loss": 0.0009404611482750624
}
{
  "seed": 7136539929782284821,
  "steps": 41,
  "total_reward": 121.64000000000001,
  "chase_count": 5,
  "samples": 41,
  "episode": 1594,
  "replay_size": 20000,
  "loss": 0.7269177734851837,
  "policy_loss": 0.7253147959709167,
  "value_loss": 0.001602986769285053
}
{
  "seed": 868898042751081093,
  "steps": 37,
  "total_reward": 58.98999999999999,
  "chase_count": 5,
  "samples": 37,
  "episode": 1595,
  "replay_size": 20000,
  "loss": 0.8390447795391083,
  "policy_loss": 0.8377585411071777,
  "value_loss": 0.0012862408184446394
}
{
  "seed": 3437036377826526915,
  "steps": 28,
  "total_reward": 99.24000000000001,
  "chase_count": 4,
  "samples": 28,
  "episode": 1596,
  "replay_size": 20000,
  "loss": 0.8595927059650421,
  "policy_loss": 0.8579797148704529,
  "value_loss": 0.0016129749128594995
}
{
  "seed": 653220252666255367,
  "steps": 32,
  "total_reward": 95.74000000000002,
  "chase_count": 4,
  "samples": 32,
  "episode": 1597,
  "replay_size": 20000,
  "loss": 0.8313784301280975,
  "policy_loss": 0.8303471505641937,
  "value_loss": 0.0010312980157323182
}
{
  "seed": 7458937291298203523,
  "steps": 33,
  "total_reward": 82.22,
  "chase_count": 5,
  "samples": 33,
  "episode": 1598,
  "replay_size": 20000,
  "loss": 0.8354898691177368,
  "policy_loss": 0.8342130780220032,
  "value_loss": 0.0012767933658324182
}
{
  "seed": 8337610820568986163,
  "steps": 30,
  "total_reward": 78.86000000000001,
  "chase_count": 5,
  "samples": 30,
  "episode": 1599,
  "replay_size": 20000,
  "loss": 0.8868885338306427,
  "policy_loss": 0.885493278503418,
  "value_loss": 0.0013952606241218746
}
{
  "seed": 6809422775175437688,
  "steps": 37,
  "total_reward": 93.38000000000002,
  "chase_count": 4,
  "samples": 37,
  "episode": 1600,
  "replay_size": 20000,
  "loss": 0.7947767972946167,
  "policy_loss": 0.7933818399906158,
  "value_loss": 0.0013949665008112788
}
{
  "seed": 4790047590899777880,
  "steps": 33,
  "total_reward": 121.91000000000001,
  "chase_count": 4,
  "samples": 33,
  "episode": 1601,
  "replay_size": 20000,
  "loss": 0.7870602607727051,
  "policy_loss": 0.785092830657959,
  "value_loss": 0.001967452117241919
}
{
  "seed": 2980101877799068044,
  "steps": 29,
  "total_reward": 80.15,
  "chase_count": 4,
  "samples": 29,
  "episode": 1602,
  "replay_size": 20000,
  "loss": 0.7299937605857849,
  "policy_loss": 0.7284740805625916,
  "value_loss": 0.0015196647145785391
}
{
  "seed": 6641378537337239279,
  "steps": 30,
  "total_reward": 90.64000000000001,
  "chase_count": 5,
  "samples": 30,
  "episode": 1603,
  "replay_size": 20000,
  "loss": 0.8385723233222961,
  "policy_loss": 0.8375727236270905,
  "value_loss": 0.0009995975124184042
}
{
  "seed": 5053163487616882821,
  "steps": 30,
  "total_reward": 60.04,
  "chase_count": 5,
  "samples": 30,
  "episode": 1604,
  "replay_size": 20000,
  "loss": 0.7861810922622681,
  "policy_loss": 0.7845740914344788,
  "value_loss": 0.001607013342436403
}
{
  "seed": 6333772694428798728,
  "steps": 43,
  "total_reward": 92.46000000000001,
  "chase_count": 3,
  "samples": 43,
  "episode": 1605,
  "replay_size": 20000,
  "loss": 0.9227360785007477,
  "policy_loss": 0.921451210975647,
  "value_loss": 0.0012848532642237842
}
{
  "seed": 3158948346669897181,
  "steps": 31,
  "total_reward": 80.16000000000003,
  "chase_count": 4,
  "samples": 31,
  "episode": 1606,
  "replay_size": 20000,
  "loss": 0.8876871764659882,
  "policy_loss": 0.8855895400047302,
  "value_loss": 0.0020976553205400705
}
{
  "seed": 4191276475015240248,
  "steps": 37,
  "total_reward": 88.34000000000002,
  "chase_count": 4,
  "samples": 37,
  "episode": 1607,
  "replay_size": 20000,
  "loss": 0.9014367461204529,
  "policy_loss": 0.9000789821147919,
  "value_loss": 0.0013577747158706188
}
{
  "seed": 950554504006701935,
  "steps": 26,
  "total_reward": 85.23,
  "chase_count": 5,
  "samples": 26,
  "episode": 1608,
  "replay_size": 20000,
  "loss": 0.8468138873577118,
  "policy_loss": 0.845603734254837,
  "value_loss": 0.0012101646861992776
}
{
  "seed": 8399908182656193774,
  "steps": 37,
  "total_reward": 94.59000000000003,
  "chase_count": 3,
  "samples": 37,
  "episode": 1609,
  "replay_size": 20000,
  "loss": 0.8859066367149353,
  "policy_loss": 0.8844101130962372,
  "value_loss": 0.0014965087757445872
}
{
  "seed": 3149632667913832358,
  "steps": 30,
  "total_reward": 89.17000000000002,
  "chase_count": 5,
  "samples": 30,
  "episode": 1610,
  "replay_size": 20000,
  "loss": 0.9328424334526062,
  "policy_loss": 0.9313672780990601,
  "value_loss": 0.0014751560520380735
}
{
  "seed": 4713009520511721822,
  "steps": 34,
  "total_reward": 99.97,
  "chase_count": 5,
  "samples": 34,
  "episode": 1611,
  "replay_size": 20000,
  "loss": 0.8316358625888824,
  "policy_loss": 0.8303833901882172,
  "value_loss": 0.0012524701305665076
}
{
  "seed": 2873036307599715924,
  "steps": 34,
  "total_reward": 90.65000000000002,
  "chase_count": 4,
  "samples": 34,
  "episode": 1612,
  "replay_size": 20000,
  "loss": 0.8999161124229431,
  "policy_loss": 0.8986552655696869,
  "value_loss": 0.0012608386459760368
}
{
  "seed": 5202698791502989086,
  "steps": 34,
  "total_reward": 99.68000000000002,
  "chase_count": 4,
  "samples": 34,
  "episode": 1613,
  "replay_size": 20000,
  "loss": 0.8793286085128784,
  "policy_loss": 0.8780557811260223,
  "value_loss": 0.0012728222645819187
}
{
  "seed": 7428212839989943421,
  "steps": 32,
  "total_reward": 83.10000000000002,
  "chase_count": 4,
  "samples": 32,
  "episode": 1614,
  "replay_size": 20000,
  "loss": 0.8230294585227966,
  "policy_loss": 0.8218644857406616,
  "value_loss": 0.0011649674852378666
}
{
  "seed": 1047903209763640678,
  "steps": 34,
  "total_reward": 81.21000000000002,
  "chase_count": 5,
  "samples": 34,
  "episode": 1615,
  "replay_size": 20000,
  "loss": 0.8953979313373566,
  "policy_loss": 0.8945009112358093,
  "value_loss": 0.0008970201888587326
}
{
  "seed": 4522654803631192706,
  "steps": 29,
  "total_reward": 83.42000000000002,
  "chase_count": 4,
  "samples": 29,
  "episode": 1616,
  "replay_size": 20000,
  "loss": 0.86373570561409,
  "policy_loss": 0.8619801104068756,
  "value_loss": 0.0017555837403051555
}
{
  "seed": 6816402730413748492,
  "steps": 28,
  "total_reward": 84.41,
  "chase_count": 5,
  "samples": 28,
  "episode": 1617,
  "replay_size": 20000,
  "loss": 0.8968540728092194,
  "policy_loss": 0.8953088521957397,
  "value_loss": 0.0015451971557922661
}
{
  "seed": 2717950243797827682,
  "steps": 38,
  "total_reward": 111.80000000000001,
  "chase_count": 3,
  "samples": 38,
  "episode": 1618,
  "replay_size": 20000,
  "loss": 0.8258809745311737,
  "policy_loss": 0.8248864412307739,
  "value_loss": 0.0009945397905539721
}
{
  "seed": 354604669898888887,
  "steps": 35,
  "total_reward": 99.97000000000003,
  "chase_count": 3,
  "samples": 35,
  "episode": 1619,
  "replay_size": 20000,
  "loss": 0.8132432997226715,
  "policy_loss": 0.8115716278553009,
  "value_loss": 0.0016716495156288147
}
{
  "seed": 4550116801644105556,
  "steps": 29,
  "total_reward": 85.13000000000002,
  "chase_count": 5,
  "samples": 29,
  "episode": 1620,
  "replay_size": 20000,
  "loss": 0.8574715256690979,
  "policy_loss": 0.8564417660236359,
  "value_loss": 0.0010297877306584269
}
{
  "seed": 5400274879434180730,
  "steps": 27,
  "total_reward": 72.45000000000002,
  "chase_count": 5,
  "samples": 27,
  "episode": 1621,
  "replay_size": 20000,
  "loss": 0.7130661904811859,
  "policy_loss": 0.7119666934013367,
  "value_loss": 0.0010994885233230889
}
{
  "seed": 9009191356722876428,
  "steps": 28,
  "total_reward": 86.66,
  "chase_count": 5,
  "samples": 28,
  "episode": 1622,
  "replay_size": 20000,
  "loss": 0.8458206355571747,
  "policy_loss": 0.8444322049617767,
  "value_loss": 0.0013884520740248263
}
{
  "seed": 7403319526578548451,
  "steps": 30,
  "total_reward": 88.21000000000001,
  "chase_count": 4,
  "samples": 30,
  "episode": 1623,
  "replay_size": 20000,
  "loss": 0.9070154130458832,
  "policy_loss": 0.9056253433227539,
  "value_loss": 0.0013900750200264156
}
{
  "seed": 1888299599684271022,
  "steps": 36,
  "total_reward": 86.13,
  "chase_count": 4,
  "samples": 36,
  "episode": 1624,
  "replay_size": 20000,
  "loss": 0.8575864434242249,
  "policy_loss": 0.8564145267009735,
  "value_loss": 0.0011719402391463518
}
{
  "seed": 2844985280311006524,
  "steps": 35,
  "total_reward": 97.54000000000002,
  "chase_count": 5,
  "samples": 35,
  "episode": 1625,
  "replay_size": 20000,
  "loss": 0.84825599193573,
  "policy_loss": 0.8474226593971252,
  "value_loss": 0.0008333553851116449
}
{
  "seed": 6185373969402244395,
  "steps": 34,
  "total_reward": 79.74000000000001,
  "chase_count": 5,
  "samples": 34,
  "episode": 1626,
  "replay_size": 20000,
  "loss": 0.9244972765445709,
  "policy_loss": 0.9234108328819275,
  "value_loss": 0.0010864390642382205
}
{
  "seed": 7443315803855213410,
  "steps": 26,
  "total_reward": 49.59,
  "chase_count": 5,
  "samples": 26,
  "episode": 1627,
  "replay_size": 20000,
  "loss": 0.949398398399353,
  "policy_loss": 0.9478085935115814,
  "value_loss": 0.0015897995326668024
}
{
  "seed": 3852929659541588698,
  "steps": 31,
  "total_reward": 98.99000000000004,
  "chase_count": 5,
  "samples": 31,
  "episode": 1628,
  "replay_size": 20000,
  "loss": 0.929592102766037,
  "policy_loss": 0.9281778037548065,
  "value_loss": 0.0014143003209028393
}
{
  "seed": 3486833357281944296,
  "steps": 30,
  "total_reward": 72.4,
  "chase_count": 5,
  "samples": 30,
  "episode": 1629,
  "replay_size": 20000,
  "loss": 0.9054864048957825,
  "policy_loss": 0.9040775895118713,
  "value_loss": 0.0014088170137256384
}
{
  "seed": 7725253062645468525,
  "steps": 31,
  "total_reward": 111.60000000000002,
  "chase_count": 3,
  "samples": 31,
  "episode": 1630,
  "replay_size": 20000,
  "loss": 0.78440260887146,
  "policy_loss": 0.7832211256027222,
  "value_loss": 0.0011814700555987656
}
{
  "seed": 4887215739031028283,
  "steps": 35,
  "total_reward": 89.86000000000001,
  "chase_count": 5,
  "samples": 35,
  "episode": 1631,
  "replay_size": 20000,
  "loss": 0.9317249059677124,
  "policy_loss": 0.9304467737674713,
  "value_loss": 0.0012781335972249508
}
{
  "seed": 8322829040154481135,
  "steps": 33,
  "total_reward": 83.83000000000001,
  "chase_count": 5,
  "samples": 33,
  "episode": 1632,
  "replay_size": 20000,
  "loss": 0.8564651310443878,
  "policy_loss": 0.8553967177867889,
  "value_loss": 0.001068423327524215
}
{
  "seed": 680005468049830089,
  "steps": 32,
  "total_reward": 111.05000000000004,
  "chase_count": 3,
  "samples": 32,
  "episode": 1633,
  "replay_size": 20000,
  "loss": 0.8567396402359009,
  "policy_loss": 0.8551677167415619,
  "value_loss": 0.0015719312359578907
}
{
  "seed": 8154347436941589682,
  "steps": 33,
  "total_reward": 70.17000000000002,
  "chase_count": 5,
  "samples": 33,
  "episode": 1634,
  "replay_size": 20000,
  "loss": 0.8720012903213501,
  "policy_loss": 0.8704083561897278,
  "value_loss": 0.0015929295914247632
}
{
  "seed": 6158547180768393166,
  "steps": 37,
  "total_reward": 108.48000000000002,
  "chase_count": 3,
  "samples": 37,
  "episode": 1635,
  "replay_size": 20000,
  "loss": 0.9564529061317444,
  "policy_loss": 0.95530766248703,
  "value_loss": 0.0011452407343313098
}
{
  "seed": 717808717906435819,
  "steps": 25,
  "total_reward": 77.92000000000002,
  "chase_count": 5,
  "samples": 25,
  "episode": 1636,
  "replay_size": 20000,
  "loss": 0.8818468749523163,
  "policy_loss": 0.880861908197403,
  "value_loss": 0.0009849857888184488
}
{
  "seed": 8600282106536508248,
  "steps": 31,
  "total_reward": 130.76000000000005,
  "chase_count": 4,
  "samples": 31,
  "episode": 1637,
  "replay_size": 20000,
  "loss": 0.8563777506351471,
  "policy_loss": 0.8551458120346069,
  "value_loss": 0.00123193534091115
}
{
  "seed": 1780983317718901186,
  "steps": 37,
  "total_reward": 99.69000000000003,
  "chase_count": 4,
  "samples": 37,
  "episode": 1638,
  "replay_size": 20000,
  "loss": 0.9461207687854767,
  "policy_loss": 0.9446076154708862,
  "value_loss": 0.001513194350991398
}
{
  "seed": 3011477618219660570,
  "steps": 33,
  "total_reward": 104.34,
  "chase_count": 5,
  "samples": 33,
  "episode": 1639,
  "replay_size": 20000,
  "loss": 0.8972508311271667,
  "policy_loss": 0.8959793448448181,
  "value_loss": 0.0012714764452539384
}
{
  "seed": 5684623013712218294,
  "steps": 31,
  "total_reward": 88.25000000000001,
  "chase_count": 5,
  "samples": 31,
  "episode": 1640,
  "replay_size": 20000,
  "loss": 0.9519961476325989,
  "policy_loss": 0.951002836227417,
  "value_loss": 0.0009933314868249
}
{
  "seed": 4821678062044398008,
  "steps": 32,
  "total_reward": 113.13000000000002,
  "chase_count": 4,
  "samples": 32,
  "episode": 1641,
  "replay_size": 20000,
  "loss": 0.8401979804039001,
  "policy_loss": 0.8384879529476166,
  "value_loss": 0.0017100246041081846
}
{
  "seed": 2352594701516475931,
  "steps": 31,
  "total_reward": 101.32000000000001,
  "chase_count": 5,
  "samples": 31,
  "episode": 1642,
  "replay_size": 20000,
  "loss": 0.9044890999794006,
  "policy_loss": 0.902581661939621,
  "value_loss": 0.0019074511947110295
}
{
  "seed": 1707554900979204133,
  "steps": 32,
  "total_reward": 85.72,
  "chase_count": 5,
  "samples": 32,
  "episode": 1643,
  "replay_size": 20000,
  "loss": 0.8813875317573547,
  "policy_loss": 0.87980717420578,
  "value_loss": 0.0015803578426130116
}
{
  "seed": 7335527922972735341,
  "steps": 36,
  "total_reward": 122.91000000000001,
  "chase_count": 3,
  "samples": 36,
  "episode": 1644,
  "replay_size": 20000,
  "loss": 0.852422297000885,
  "policy_loss": 0.8514985144138336,
  "value_loss": 0.000923775922274217
}
{
  "seed": 2006729645768938822,
  "steps": 26,
  "total_reward": 100.93000000000004,
  "chase_count": 5,
  "samples": 26,
  "episode": 1645,
  "replay_size": 20000,
  "loss": 0.8697279095649719,
  "policy_loss": 0.8684494495391846,
  "value_loss": 0.0012784587452188134
}
{
  "seed": 5204272296063540417,
  "steps": 38,
  "total_reward": 113.50000000000003,
  "chase_count": 3,
  "samples": 38,
  "episode": 1646,
  "replay_size": 20000,
  "loss": 0.8807342946529388,
  "policy_loss": 0.8793134391307831,
  "value_loss": 0.0014208643115125597
}
{
  "seed": 1753911198698384779,
  "steps": 34,
  "total_reward": 107.20000000000002,
  "chase_count": 4,
  "samples": 34,
  "episode": 1647,
  "replay_size": 20000,
  "loss": 0.9084675312042236,
  "policy_loss": 0.9071722030639648,
  "value_loss": 0.0012953347759321332
}
{
  "seed": 2612869526859871882,
  "steps": 32,
  "total_reward": 100.77000000000001,
  "chase_count": 5,
  "samples": 32,
  "episode": 1648,
  "replay_size": 20000,
  "loss": 0.8297779560089111,
  "policy_loss": 0.8282541930675507,
  "value_loss": 0.0015237464103847742
}
{
  "seed": 6327132914351404885,
  "steps": 32,
  "total_reward": 80.61000000000001,
  "chase_count": 5,
  "samples": 32,
  "episode": 1649,
  "replay_size": 20000,
  "loss": 0.855768084526062,
  "policy_loss": 0.8545837998390198,
  "value_loss": 0.001184288616059348
}
{
  "seed": 6959241301463067884,
  "steps": 26,
  "total_reward": 78.03999999999999,
  "chase_count": 4,
  "samples": 26,
  "episode": 1650,
  "replay_size": 20000,
  "loss": 0.7809545695781708,
  "policy_loss": 0.7799744009971619,
  "value_loss": 0.0009801729174796492
}
{
  "seed": 5627033972037326836,
  "steps": 31,
  "total_reward": 100.76,
  "chase_count": 4,
  "samples": 31,
  "episode": 1651,
  "replay_size": 20000,
  "loss": 0.8364290595054626,
  "policy_loss": 0.8353385031223297,
  "value_loss": 0.001090553472749889
}
{
  "seed": 5194897761542177578,
  "steps": 31,
  "total_reward": 91.10000000000002,
  "chase_count": 4,
  "samples": 31,
  "episode": 1652,
  "replay_size": 20000,
  "loss": 0.9456778168678284,
  "policy_loss": 0.9444566369056702,
  "value_loss": 0.001221200916916132
}
{
  "seed": 3658062448456246445,
  "steps": 31,
  "total_reward": 88.14000000000001,
  "chase_count": 4,
  "samples": 31,
  "episode": 1653,
  "replay_size": 20000,
  "loss": 0.811635434627533,
  "policy_loss": 0.8103700280189514,
  "value_loss": 0.0012654089950956404
}
{
  "seed": 3270118813225211701,
  "steps": 30,
  "total_reward": 84.72,
  "chase_count": 5,
  "samples": 30,
  "episode": 1654,
  "replay_size": 20000,
  "loss": 0.7382895052433014,
  "policy_loss": 0.7365824282169342,
  "value_loss": 0.0017070637550204992
}
{
  "seed": 1829680976101873708,
  "steps": 35,
  "total_reward": 83.84000000000002,
  "chase_count": 5,
  "samples": 35,
  "episode": 1655,
  "replay_size": 20000,
  "loss": 0.8724490702152252,
  "policy_loss": 0.8708244860172272,
  "value_loss": 0.0016245754668489099
}
{
  "seed": 1443200195326498909,
  "steps": 29,
  "total_reward": 85.88000000000002,
  "chase_count": 4,
  "samples": 29,
  "episode": 1656,
  "replay_size": 20000,
  "loss": 0.8770625591278076,
  "policy_loss": 0.8756275773048401,
  "value_loss": 0.0014349949196912348
}
{
  "seed": 1020622813212165148,
  "steps": 32,
  "total_reward": 98.94000000000003,
  "chase_count": 5,
  "samples": 32,
  "episode": 1657,
  "replay_size": 20000,
  "loss": 0.780369222164154,
  "policy_loss": 0.7792041003704071,
  "value_loss": 0.0011651039822027087
}
{
  "seed": 2939375154697517382,
  "steps": 36,
  "total_reward": 88.03,
  "chase_count": 4,
  "samples": 36,
  "episode": 1658,
  "replay_size": 20000,
  "loss": 0.8213693499565125,
  "policy_loss": 0.8203512132167816,
  "value_loss": 0.0010181530087720603
}
{
  "seed": 3209466400066005843,
  "steps": 28,
  "total_reward": 86.48000000000002,
  "chase_count": 4,
  "samples": 28,
  "episode": 1659,
  "replay_size": 20000,
  "loss": 0.8769960105419159,
  "policy_loss": 0.8756042718887329,
  "value_loss": 0.0013917435426265001
}
{
  "seed": 1682860520070687141,
  "steps": 30,
  "total_reward": 108.34000000000002,
  "chase_count": 4,
  "samples": 30,
  "episode": 1660,
  "replay_size": 20000,
  "loss": 0.9077085852622986,
  "policy_loss": 0.906639963388443,
  "value_loss": 0.0010686307214200497
}
{
  "seed": 5678406689980575396,
  "steps": 32,
  "total_reward": 122.60999999999999,
  "chase_count": 4,
  "samples": 32,
  "episode": 1661,
  "replay_size": 20000,
  "loss": 0.8849749565124512,
  "policy_loss": 0.8837922513484955,
  "value_loss": 0.0011826920963358134
}
{
  "seed": 5392635764968014456,
  "steps": 33,
  "total_reward": 112.00000000000003,
  "chase_count": 4,
  "samples": 33,
  "episode": 1662,
  "replay_size": 20000,
  "loss": 0.8848036229610443,
  "policy_loss": 0.8834625482559204,
  "value_loss": 0.0013410915271379054
}
{
  "seed": 375614237182962463,
  "steps": 29,
  "total_reward": 92.19000000000001,
  "chase_count": 5,
  "samples": 29,
  "episode": 1663,
  "replay_size": 20000,
  "loss": 0.8028580546379089,
  "policy_loss": 0.8011967837810516,
  "value_loss": 0.0016612736508250237
}
{
  "seed": 4755660325412166118,
  "steps": 32,
  "total_reward": 75.77000000000001,
  "chase_count": 4,
  "samples": 32,
  "episode": 1664,
  "replay_size": 20000,
  "loss": 0.8520666658878326,
  "policy_loss": 0.8507327139377594,
  "value_loss": 0.0013339410652406514
}
{
  "seed": 3152195707556661195,
  "steps": 29,
  "total_reward": 115.87000000000002,
  "chase_count": 5,
  "samples": 29,
  "episode": 1665,
  "replay_size": 20000,
  "loss": 0.8303647935390472,
  "policy_loss": 0.8292309939861298,
  "value_loss": 0.0011338133190292865
}
{
  "seed": 5316174782220529915,
  "steps": 33,
  "total_reward": 90.7,
  "chase_count": 5,
  "samples": 33,
  "episode": 1666,
  "replay_size": 20000,
  "loss": 0.9225102663040161,
  "policy_loss": 0.9214542806148529,
  "value_loss": 0.001055968226864934
}
{
  "seed": 4009920497191859637,
  "steps": 34,
  "total_reward": 87.31,
  "chase_count": 5,
  "samples": 34,
  "episode": 1667,
  "replay_size": 20000,
  "loss": 0.8780835568904877,
  "policy_loss": 0.8765027821063995,
  "value_loss": 0.001580783980898559
}
{
  "seed": 6943287653396467077,
  "steps": 35,
  "total_reward": 102.31000000000003,
  "chase_count": 5,
  "samples": 35,
  "episode": 1668,
  "replay_size": 20000,
  "loss": 0.885630339384079,
  "policy_loss": 0.8843975365161896,
  "value_loss": 0.001232791633810848
}
{
  "seed": 943325454979927754,
  "steps": 26,
  "total_reward": 84.09,
  "chase_count": 4,
  "samples": 26,
  "episode": 1669,
  "replay_size": 20000,
  "loss": 0.8741406798362732,
  "policy_loss": 0.8725525438785553,
  "value_loss": 0.0015881362487562
}
{
  "seed": 3960463299699959918,
  "steps": 29,
  "total_reward": 93.61000000000001,
  "chase_count": 5,
  "samples": 29,
  "episode": 1670,
  "replay_size": 20000,
  "loss": 0.8359600603580475,
  "policy_loss": 0.8349493443965912,
  "value_loss": 0.0010107270791195333
}
{
  "seed": 7985993987094112880,
  "steps": 32,
  "total_reward": 110.15000000000003,
  "chase_count": 5,
  "samples": 32,
  "episode": 1671,
  "replay_size": 20000,
  "loss": 0.8876390159130096,
  "policy_loss": 0.8864216208457947,
  "value_loss": 0.0012173872091807425
}
{
  "seed": 1944272087224766459,
  "steps": 32,
  "total_reward": 105.14000000000001,
  "chase_count": 4,
  "samples": 32,
  "episode": 1672,
  "replay_size": 20000,
  "loss": 0.9012989103794098,
  "policy_loss": 0.8999567925930023,
  "value_loss": 0.001342106086667627
}
{
  "seed": 8755218356915798542,
  "steps": 29,
  "total_reward": 102.29000000000002,
  "chase_count": 5,
  "samples": 29,
  "episode": 1673,
  "replay_size": 20000,
  "loss": 0.8000556826591492,
  "policy_loss": 0.798702746629715,
  "value_loss": 0.0013529418502002954
}
{
  "seed": 6435891312012526871,
  "steps": 28,
  "total_reward": 110.37,
  "chase_count": 4,
  "samples": 28,
  "episode": 1674,
  "replay_size": 20000,
  "loss": 0.8199470341205597,
  "policy_loss": 0.8190628588199615,
  "value_loss": 0.0008841632516123354
}
{
  "seed": 7669111541894813754,
  "steps": 31,
  "total_reward": 97.87000000000003,
  "chase_count": 4,
  "samples": 31,
  "episode": 1675,
  "replay_size": 20000,
  "loss": 0.8460105061531067,
  "policy_loss": 0.8446005284786224,
  "value_loss": 0.0014099692343734205
}
{
  "seed": 5811884713546503841,
  "steps": 32,
  "total_reward": 68.66,
  "chase_count": 5,
  "samples": 32,
  "episode": 1676,
  "replay_size": 20000,
  "loss": 0.8380291163921356,
  "policy_loss": 0.8370064795017242,
  "value_loss": 0.0010226517333649099
}
{
  "seed": 6250024691547850497,
  "steps": 35,
  "total_reward": 76.68,
  "chase_count": 4,
  "samples": 35,
  "episode": 1677,
  "replay_size": 20000,
  "loss": 0.8639457821846008,
  "policy_loss": 0.8627470135688782,
  "value_loss": 0.0011987657053396106
}
{
  "seed": 6017643824209980412,
  "steps": 29,
  "total_reward": 82.79000000000002,
  "chase_count": 5,
  "samples": 29,
  "episode": 1678,
  "replay_size": 20000,
  "loss": 0.8431250751018524,
  "policy_loss": 0.8411386609077454,
  "value_loss": 0.0019863980705849826
}
{
  "seed": 1008063514908290903,
  "steps": 36,
  "total_reward": 109.66000000000003,
  "chase_count": 5,
  "samples": 36,
  "episode": 1679,
  "replay_size": 20000,
  "loss": 0.8167569041252136,
  "policy_loss": 0.8160101175308228,
  "value_loss": 0.000746761477785185
}
{
  "seed": 3284593648933002247,
  "steps": 36,
  "total_reward": 78.06,
  "chase_count": 4,
  "samples": 36,
  "episode": 1680,
  "replay_size": 20000,
  "loss": 0.8934809267520905,
  "policy_loss": 0.8920053541660309,
  "value_loss": 0.0014755579177290201
}
{
  "seed": 7759420794611845960,
  "steps": 24,
  "total_reward": 70.29,
  "chase_count": 5,
  "samples": 24,
  "episode": 1681,
  "replay_size": 20000,
  "loss": 0.8530695736408234,
  "policy_loss": 0.8514785170555115,
  "value_loss": 0.0015910390065982938
}
{
  "seed": 4786477034414764820,
  "steps": 40,
  "total_reward": 87.24000000000002,
  "chase_count": 4,
  "samples": 40,
  "episode": 1682,
  "replay_size": 20000,
  "loss": 0.8793991506099701,
  "policy_loss": 0.8786193430423737,
  "value_loss": 0.0007797817816026509
}
{
  "seed": 6337265338271123093,
  "steps": 35,
  "total_reward": 110.49000000000002,
  "chase_count": 3,
  "samples": 35,
  "episode": 1683,
  "replay_size": 20000,
  "loss": 0.8633415699005127,
  "policy_loss": 0.862189918756485,
  "value_loss": 0.001151632342953235
}
{
  "seed": 5260581673747907059,
  "steps": 29,
  "total_reward": 96.55000000000001,
  "chase_count": 5,
  "samples": 29,
  "episode": 1684,
  "replay_size": 20000,
  "loss": 0.7316731214523315,
  "policy_loss": 0.7303781509399414,
  "value_loss": 0.0012949713855050504
}
{
  "seed": 1499371625392363350,
  "steps": 34,
  "total_reward": 82.61000000000001,
  "chase_count": 5,
  "samples": 34,
  "episode": 1685,
  "replay_size": 20000,
  "loss": 0.8776018917560577,
  "policy_loss": 0.8766792714595795,
  "value_loss": 0.0009226492547895759
}
{
  "seed": 8034014009629241843,
  "steps": 29,
  "total_reward": 97.68000000000004,
  "chase_count": 5,
  "samples": 29,
  "episode": 1686,
  "replay_size": 20000,
  "loss": 0.9869956374168396,
  "policy_loss": 0.9860531091690063,
  "value_loss": 0.0009425595926586539
}
{
  "seed": 8636788129135295414,
  "steps": 33,
  "total_reward": 84.06,
  "chase_count": 4,
  "samples": 33,
  "episode": 1687,
  "replay_size": 20000,
  "loss": 0.8397292196750641,
  "policy_loss": 0.8382824659347534,
  "value_loss": 0.0014467629953287542
}
{
  "seed": 7040080502539623337,
  "steps": 36,
  "total_reward": 97.92000000000003,
  "chase_count": 4,
  "samples": 36,
  "episode": 1688,
  "replay_size": 20000,
  "loss": 0.8238846063613892,
  "policy_loss": 0.8228787779808044,
  "value_loss": 0.0010058428160846233
}
{
  "seed": 8120718392915344401,
  "steps": 36,
  "total_reward": 82.65,
  "chase_count": 5,
  "samples": 36,
  "episode": 1689,
  "replay_size": 20000,
  "loss": 0.917847216129303,
  "policy_loss": 0.9169274568557739,
  "value_loss": 0.0009197616600431502
}
{
  "seed": 5378553431077226074,
  "steps": 31,
  "total_reward": 85.47000000000001,
  "chase_count": 5,
  "samples": 31,
  "episode": 1690,
  "replay_size": 20000,
  "loss": 0.8105585277080536,
  "policy_loss": 0.8093346357345581,
  "value_loss": 0.0012238736962899566
}
{
  "seed": 7109590810511280448,
  "steps": 34,
  "total_reward": 81.97000000000001,
  "chase_count": 5,
  "samples": 34,
  "episode": 1691,
  "replay_size": 20000,
  "loss": 0.8505780398845673,
  "policy_loss": 0.8493708968162537,
  "value_loss": 0.0012071538949385285
}
{
  "seed": 5976260175778915523,
  "steps": 32,
  "total_reward": 104.08000000000003,
  "chase_count": 3,
  "samples": 32,
  "episode": 1692,
  "replay_size": 20000,
  "loss": 0.8507036864757538,
  "policy_loss": 0.8495980799198151,
  "value_loss": 0.0011055830691475421
}
{
  "seed": 6402751431737463560,
  "steps": 35,
  "total_reward": 107.59,
  "chase_count": 4,
  "samples": 35,
  "episode": 1693,
  "replay_size": 20000,
  "loss": 0.792707771062851,
  "policy_loss": 0.7916431725025177,
  "value_loss": 0.00106460863025859
}
{
  "seed": 2518090911958281958,
  "steps": 35,
  "total_reward": 95.45000000000002,
  "chase_count": 3,
  "samples": 35,
  "episode": 1694,
  "replay_size": 20000,
  "loss": 0.8734852075576782,
  "policy_loss": 0.872470885515213,
  "value_loss": 0.0010143183171749115
}
{
  "seed": 7536695373318341184,
  "steps": 35,
  "total_reward": 93.17000000000002,
  "chase_count": 4,
  "samples": 35,
  "episode": 1695,
  "replay_size": 20000,
  "loss": 0.8241070508956909,
  "policy_loss": 0.8226825892925262,
  "value_loss": 0.0014244470512494445
}
{
  "seed": 1089161469724706918,
  "steps": 36,
  "total_reward": 103.20000000000002,
  "chase_count": 4,
  "samples": 36,
  "episode": 1696,
  "replay_size": 20000,
  "loss": 0.9252681136131287,
  "policy_loss": 0.924159586429596,
  "value_loss": 0.0011085355654358864
}
{
  "seed": 7469230053440253481,
  "steps": 26,
  "total_reward": 53.27,
  "chase_count": 5,
  "samples": 26,
  "episode": 1697,
  "replay_size": 20000,
  "loss": 0.7691569030284882,
  "policy_loss": 0.7681860625743866,
  "value_loss": 0.0009708518045954406
}
{
  "seed": 5552332556875473391,
  "steps": 33,
  "total_reward": 116.60000000000002,
  "chase_count": 4,
  "samples": 33,
  "episode": 1698,
  "replay_size": 20000,
  "loss": 0.8311773836612701,
  "policy_loss": 0.8300299942493439,
  "value_loss": 0.0011473693302832544
}
{
  "seed": 1799825302157090523,
  "steps": 25,
  "total_reward": 88.25,
  "chase_count": 5,
  "samples": 25,
  "episode": 1699,
  "replay_size": 20000,
  "loss": 0.8044746220111847,
  "policy_loss": 0.8028953075408936,
  "value_loss": 0.0015793222119100392
}
{
  "seed": 7303096897102415821,
  "steps": 29,
  "total_reward": 96.19000000000001,
  "chase_count": 4,
  "samples": 29,
  "episode": 1700,
  "replay_size": 20000,
  "loss": 0.9081377685070038,
  "policy_loss": 0.9069847464561462,
  "value_loss": 0.001153028104454279
}
{
  "seed": 4193822849610405361,
  "steps": 29,
  "total_reward": 87.76000000000002,
  "chase_count": 5,
  "samples": 29,
  "episode": 1701,
  "replay_size": 20000,
  "loss": 0.8970307409763336,
  "policy_loss": 0.896142303943634,
  "value_loss": 0.0008884249837137759
}
{
  "seed": 5223168596375429732,
  "steps": 30,
  "total_reward": 88.95000000000002,
  "chase_count": 5,
  "samples": 30,
  "episode": 1702,
  "replay_size": 20000,
  "loss": 0.8280132412910461,
  "policy_loss": 0.8268687427043915,
  "value_loss": 0.0011445052514318377
}
{
  "seed": 4543309529133726841,
  "steps": 27,
  "total_reward": 77.47,
  "chase_count": 5,
  "samples": 27,
  "episode": 1703,
  "replay_size": 20000,
  "loss": 0.8230983912944794,
  "policy_loss": 0.8218374848365784,
  "value_loss": 0.001260911813005805
}
{
  "seed": 2323799866549073846,
  "steps": 36,
  "total_reward": 104.95000000000005,
  "chase_count": 4,
  "samples": 36,
  "episode": 1704,
  "replay_size": 20000,
  "loss": 0.7530580759048462,
  "policy_loss": 0.7517952024936676,
  "value_loss": 0.0012628906406462193
}
{
  "seed": 2895908223921575052,
  "steps": 29,
  "total_reward": 107.23,
  "chase_count": 4,
  "samples": 29,
  "episode": 1705,
  "replay_size": 20000,
  "loss": 0.7395229041576385,
  "policy_loss": 0.7384252846240997,
  "value_loss": 0.00109760626219213
}
{
  "seed": 2705108165102292400,
  "steps": 34,
  "total_reward": 87.29,
  "chase_count": 5,
  "samples": 34,
  "episode": 1706,
  "replay_size": 20000,
  "loss": 0.8716837763786316,
  "policy_loss": 0.8704023063182831,
  "value_loss": 0.0012814711080864072
}
{
  "seed": 9003626396254831634,
  "steps": 25,
  "total_reward": 57.449999999999996,
  "chase_count": 5,
  "samples": 25,
  "episode": 1707,
  "replay_size": 20000,
  "loss": 0.8468369245529175,
  "policy_loss": 0.845390111207962,
  "value_loss": 0.0014468170702457428
}
{
  "seed": 5092900666353617463,
  "steps": 31,
  "total_reward": 101.71000000000002,
  "chase_count": 5,
  "samples": 31,
  "episode": 1708,
  "replay_size": 20000,
  "loss": 0.8396819531917572,
  "policy_loss": 0.8386731743812561,
  "value_loss": 0.0010087615519296378
}
{
  "seed": 7859468713868545665,
  "steps": 31,
  "total_reward": 148.23000000000002,
  "chase_count": 4,
  "samples": 31,
  "episode": 1709,
  "replay_size": 20000,
  "loss": 0.9935364425182343,
  "policy_loss": 0.9922672510147095,
  "value_loss": 0.0012691973242908716
}
{
  "seed": 2838821830293608289,
  "steps": 28,
  "total_reward": 102.68000000000002,
  "chase_count": 4,
  "samples": 28,
  "episode": 1710,
  "replay_size": 20000,
  "loss": 0.8093867599964142,
  "policy_loss": 0.8079804182052612,
  "value_loss": 0.0014063569251447916
}
{
  "seed": 386911653206937024,
  "steps": 35,
  "total_reward": 75.51000000000002,
  "chase_count": 5,
  "samples": 35,
  "episode": 1711,
  "replay_size": 20000,
  "loss": 0.9435544908046722,
  "policy_loss": 0.9424225389957428,
  "value_loss": 0.0011319597251713276
}
{
  "seed": 7388833995378911447,
  "steps": 36,
  "total_reward": 112.90000000000002,
  "chase_count": 4,
  "samples": 36,
  "episode": 1712,
  "replay_size": 20000,
  "loss": 0.8232662379741669,
  "policy_loss": 0.8217337131500244,
  "value_loss": 0.001532532216515392
}
{
  "seed": 6248190144162867291,
  "steps": 27,
  "total_reward": 67.11,
  "chase_count": 5,
  "samples": 27,
  "episode": 1713,
  "replay_size": 20000,
  "loss": 0.9183213412761688,
  "policy_loss": 0.9171549677848816,
  "value_loss": 0.0011663525365293026
}
{
  "seed": 3110812629712665492,
  "steps": 37,
  "total_reward": 74.19000000000003,
  "chase_count": 4,
  "samples": 37,
  "episode": 1714,
  "replay_size": 20000,
  "loss": 0.8075623214244843,
  "policy_loss": 0.8060472309589386,
  "value_loss": 0.0015151002444326878
}
{
  "seed": 7917853255516414480,
  "steps": 35,
  "total_reward": 112.25000000000001,
  "chase_count": 4,
  "samples": 35,
  "episode": 1715,
  "replay_size": 20000,
  "loss": 0.8522887229919434,
  "policy_loss": 0.8510721623897552,
  "value_loss": 0.0012165721273049712
}
{
  "seed": 7728878920018917269,
  "steps": 30,
  "total_reward": 86.66000000000003,
  "chase_count": 5,
  "samples": 30,
  "episode": 1716,
  "replay_size": 20000,
  "loss": 0.942639946937561,
  "policy_loss": 0.941411703824997,
  "value_loss": 0.001228256121976301
}
{
  "seed": 2813001361395344861,
  "steps": 27,
  "total_reward": 100.39000000000001,
  "chase_count": 5,
  "samples": 27,
  "episode": 1717,
  "replay_size": 20000,
  "loss": 1.01747927069664,
  "policy_loss": 1.0162840783596039,
  "value_loss": 0.0011952268541790545
}
{
  "seed": 2051303958550402640,
  "steps": 24,
  "total_reward": 78.11000000000001,
  "chase_count": 5,
  "samples": 24,
  "episode": 1718,
  "replay_size": 20000,
  "loss": 0.9374179840087891,
  "policy_loss": 0.9357620179653168,
  "value_loss": 0.0016559686628170311
}
{
  "seed": 5394581647923289950,
  "steps": 34,
  "total_reward": 109.69000000000003,
  "chase_count": 3,
  "samples": 34,
  "episode": 1719,
  "replay_size": 20000,
  "loss": 0.7766586244106293,
  "policy_loss": 0.7741213738918304,
  "value_loss": 0.002537249878514558
}
{
  "seed": 1334990702057694120,
  "steps": 29,
  "total_reward": 105.87000000000002,
  "chase_count": 3,
  "samples": 29,
  "episode": 1720,
  "replay_size": 20000,
  "loss": 0.8248672783374786,
  "policy_loss": 0.8234813213348389,
  "value_loss": 0.0013859478058293462
}
{
  "seed": 8250516789609384857,
  "steps": 35,
  "total_reward": 105.86000000000004,
  "chase_count": 3,
  "samples": 35,
  "episode": 1721,
  "replay_size": 20000,
  "loss": 0.8083850145339966,
  "policy_loss": 0.8070762157440186,
  "value_loss": 0.001308794307988137
}
{
  "seed": 4300870262453501963,
  "steps": 30,
  "total_reward": 94.19000000000003,
  "chase_count": 5,
  "samples": 30,
  "episode": 1722,
  "replay_size": 20000,
  "loss": 0.9335319697856903,
  "policy_loss": 0.9322120547294617,
  "value_loss": 0.001319903036346659
}
{
  "seed": 2309273200474358344,
  "steps": 37,
  "total_reward": 89.20000000000002,
  "chase_count": 5,
  "samples": 37,
  "episode": 1723,
  "replay_size": 20000,
  "loss": 0.9531200230121613,
  "policy_loss": 0.9515493214130402,
  "value_loss": 0.00157072558067739
}
{
  "seed": 8133511936402630685,
  "steps": 35,
  "total_reward": 94.28000000000003,
  "chase_count": 4,
  "samples": 35,
  "episode": 1724,
  "replay_size": 20000,
  "loss": 0.8720101714134216,
  "policy_loss": 0.8710348606109619,
  "value_loss": 0.0009752933983691037
}
{
  "seed": 67048809881956455,
  "steps": 32,
  "total_reward": 81.85000000000002,
  "chase_count": 4,
  "samples": 32,
  "episode": 1725,
  "replay_size": 20000,
  "loss": 0.9078717529773712,
  "policy_loss": 0.906680554151535,
  "value_loss": 0.0011911916080862284
}
{
  "seed": 74955737348995785,
  "steps": 33,
  "total_reward": 92.49,
  "chase_count": 5,
  "samples": 33,
  "episode": 1726,
  "replay_size": 20000,
  "loss": 0.9002467095851898,
  "policy_loss": 0.8992457091808319,
  "value_loss": 0.0010009976394940168
}
{
  "seed": 4415235693709610450,
  "steps": 34,
  "total_reward": 84.71000000000002,
  "chase_count": 5,
  "samples": 34,
  "episode": 1727,
  "replay_size": 20000,
  "loss": 0.8511715233325958,
  "policy_loss": 0.849366307258606,
  "value_loss": 0.0018052233499474823
}
{
  "seed": 6620139623904169604,
  "steps": 35,
  "total_reward": 88.62,
  "chase_count": 4,
  "samples": 35,
  "episode": 1728,
  "replay_size": 20000,
  "loss": 0.7627698481082916,
  "policy_loss": 0.7617042660713196,
  "value_loss": 0.001065569929778576
}
{
  "seed": 7180272618098785559,
  "steps": 30,
  "total_reward": 106.21000000000002,
  "chase_count": 5,
  "samples": 30,
  "episode": 1729,
  "replay_size": 20000,
  "loss": 0.7687721252441406,
  "policy_loss": 0.7670426070690155,
  "value_loss": 0.001729504787363112
}
{
  "seed": 8531212380331568779,
  "steps": 31,
  "total_reward": 90.83000000000001,
  "chase_count": 5,
  "samples": 31,
  "episode": 1730,
  "replay_size": 20000,
  "loss": 0.884690523147583,
  "policy_loss": 0.8835809826850891,
  "value_loss": 0.0011095679074060172
}
{
  "seed": 457937392058792438,
  "steps": 33,
  "total_reward": 90.50000000000003,
  "chase_count": 5,
  "samples": 33,
  "episode": 1731,
  "replay_size": 20000,
  "loss": 0.8925535976886749,
  "policy_loss": 0.8907065391540527,
  "value_loss": 0.0018470570212230086
}
{
  "seed": 618112173081358230,
  "steps": 37,
  "total_reward": 123.57000000000002,
  "chase_count": 3,
  "samples": 37,
  "episode": 1732,
  "replay_size": 20000,
  "loss": 0.7665181756019592,
  "policy_loss": 0.7651611864566803,
  "value_loss": 0.0013569715083576739
}
{
  "seed": 8110808759437282425,
  "steps": 31,
  "total_reward": 81.69000000000003,
  "chase_count": 5,
  "samples": 31,
  "episode": 1733,
  "replay_size": 20000,
  "loss": 0.9159707427024841,
  "policy_loss": 0.9150862097740173,
  "value_loss": 0.0008845337579259649
}
{
  "seed": 7143850351917058747,
  "steps": 30,
  "total_reward": 102.30000000000001,
  "chase_count": 4,
  "samples": 30,
  "episode": 1734,
  "replay_size": 20000,
  "loss": 0.9147613346576691,
  "policy_loss": 0.9137383103370667,
  "value_loss": 0.0010230332263745368
}
{
  "seed": 4003770682810132309,
  "steps": 37,
  "total_reward": 92.38000000000002,
  "chase_count": 4,
  "samples": 37,
  "episode": 1735,
  "replay_size": 20000,
  "loss": 0.8845724761486053,
  "policy_loss": 0.8829400837421417,
  "value_loss": 0.0016323882155120373
}
{
  "seed": 8977812650274314112,
  "steps": 36,
  "total_reward": 78.63000000000001,
  "chase_count": 3,
  "samples": 36,
  "episode": 1736,
  "replay_size": 20000,
  "loss": 0.7800516486167908,
  "policy_loss": 0.7787353098392487,
  "value_loss": 0.0013163364492356777
}
{
  "seed": 4440121174749655908,
  "steps": 29,
  "total_reward": 76.89,
  "chase_count": 5,
  "samples": 29,
  "episode": 1737,
  "replay_size": 20000,
  "loss": 0.8824138045310974,
  "policy_loss": 0.8815376460552216,
  "value_loss": 0.0008761599601712078
}
{
  "seed": 6069365598597641248,
  "steps": 33,
  "total_reward": 80.83,
  "chase_count": 5,
  "samples": 33,
  "episode": 1738,
  "replay_size": 20000,
  "loss": 0.8723692893981934,
  "policy_loss": 0.8710269927978516,
  "value_loss": 0.0013422940974123776
}
{
  "seed": 1480096152753991976,
  "steps": 36,
  "total_reward": 93.74000000000001,
  "chase_count": 5,
  "samples": 36,
  "episode": 1739,
  "replay_size": 20000,
  "loss": 0.806663453578949,
  "policy_loss": 0.8053274154663086,
  "value_loss": 0.00133603805443272
}
{
  "seed": 8942315008019682803,
  "steps": 34,
  "total_reward": 97.27000000000002,
  "chase_count": 4,
  "samples": 34,
  "episode": 1740,
  "replay_size": 20000,
  "loss": 0.7699108123779297,
  "policy_loss": 0.7686844766139984,
  "value_loss": 0.0012263316311873496
}
{
  "seed": 2131045598300287385,
  "steps": 36,
  "total_reward": 106.97,
  "chase_count": 5,
  "samples": 36,
  "episode": 1741,
  "replay_size": 20000,
  "loss": 0.8026193678379059,
  "policy_loss": 0.8010553121566772,
  "value_loss": 0.0015640524798072875
}
{
  "seed": 8193886715970101518,
  "steps": 37,
  "total_reward": 102.56000000000002,
  "chase_count": 5,
  "samples": 37,
  "episode": 1742,
  "replay_size": 20000,
  "loss": 0.82133749127388,
  "policy_loss": 0.8198810815811157,
  "value_loss": 0.0014564115554094315
}
{
  "seed": 7593070483116220859,
  "steps": 31,
  "total_reward": 87.24000000000004,
  "chase_count": 4,
  "samples": 31,
  "episode": 1743,
  "replay_size": 20000,
  "loss": 0.8159840703010559,
  "policy_loss": 0.8143962025642395,
  "value_loss": 0.0015878520207479596
}
{
  "seed": 8274733479208532954,
  "steps": 30,
  "total_reward": 99.57000000000002,
  "chase_count": 5,
  "samples": 30,
  "episode": 1744,
  "replay_size": 20000,
  "loss": 0.817587822675705,
  "policy_loss": 0.8158644735813141,
  "value_loss": 0.0017233475227840245
}
{
  "seed": 5961585040537908130,
  "steps": 30,
  "total_reward": 90.26000000000002,
  "chase_count": 4,
  "samples": 30,
  "episode": 1745,
  "replay_size": 20000,
  "loss": 0.9550113379955292,
  "policy_loss": 0.9541316032409668,
  "value_loss": 0.00087972660548985
}
{
  "seed": 7763046985049977597,
  "steps": 37,
  "total_reward": 120.97000000000004,
  "chase_count": 4,
  "samples": 37,
  "episode": 1746,
  "replay_size": 20000,
  "loss": 0.8902446329593658,
  "policy_loss": 0.889145702123642,
  "value_loss": 0.001098917971830815
}
{
  "seed": 5093739465718154579,
  "steps": 39,
  "total_reward": 90.01000000000002,
  "chase_count": 4,
  "samples": 39,
  "episode": 1747,
  "replay_size": 20000,
  "loss": 0.8593757450580597,
  "policy_loss": 0.8580759167671204,
  "value_loss": 0.0012998446472920477
}
{
  "seed": 6119957578385785718,
  "steps": 28,
  "total_reward": 89.80000000000001,
  "chase_count": 5,
  "samples": 28,
  "episode": 1748,
  "replay_size": 20000,
  "loss": 0.8999539315700531,
  "policy_loss": 0.8984479308128357,
  "value_loss": 0.0015060020959936082
}
{
  "seed": 8969224881073873276,
  "steps": 23,
  "total_reward": 64.38,
  "chase_count": 5,
  "samples": 23,
  "episode": 1749,
  "replay_size": 20000,
  "loss": 0.8648653030395508,
  "policy_loss": 0.8637005388736725,
  "value_loss": 0.001164763409178704
}
{
  "seed": 2620682633810221188,
  "steps": 37,
  "total_reward": 97.50000000000001,
  "chase_count": 5,
  "samples": 37,
  "episode": 1750,
  "replay_size": 20000,
  "loss": 0.8691559433937073,
  "policy_loss": 0.8680159151554108,
  "value_loss": 0.0011400174698792398
}
{
  "seed": 6341323660368482216,
  "steps": 35,
  "total_reward": 110.03,
  "chase_count": 3,
  "samples": 35,
  "episode": 1751,
  "replay_size": 20000,
  "loss": 0.9014030694961548,
  "policy_loss": 0.899802178144455,
  "value_loss": 0.0016008872771635652
}
{
  "seed": 500771768931721003,
  "steps": 28,
  "total_reward": 88.13000000000002,
  "chase_count": 3,
  "samples": 28,
  "episode": 1752,
  "replay_size": 20000,
  "loss": 0.8527173101902008,
  "policy_loss": 0.8511448502540588,
  "value_loss": 0.0015724783879704773
}
{
  "seed": 6947426363268197372,
  "steps": 37,
  "total_reward": 107.95000000000002,
  "chase_count": 5,
  "samples": 37,
  "episode": 1753,
  "replay_size": 20000,
  "loss": 0.8300130367279053,
  "policy_loss": 0.8285721838474274,
  "value_loss": 0.0014408309943974018
}
{
  "seed": 5747808234859448788,
  "steps": 31,
  "total_reward": 85.42000000000002,
  "chase_count": 4,
  "samples": 31,
  "episode": 1754,
  "replay_size": 20000,
  "loss": 0.844846785068512,
  "policy_loss": 0.8431007266044617,
  "value_loss": 0.001746067893691361
}
{
  "seed": 627833766756095849,
  "steps": 29,
  "total_reward": 87.82000000000002,
  "chase_count": 5,
  "samples": 29,
  "episode": 1755,
  "replay_size": 20000,
  "loss": 0.7453798651695251,
  "policy_loss": 0.7441631257534027,
  "value_loss": 0.0012167186359874904
}
{
  "seed": 555641504908247466,
  "steps": 32,
  "total_reward": 100.19000000000003,
  "chase_count": 5,
  "samples": 32,
  "episode": 1756,
  "replay_size": 20000,
  "loss": 0.8497145175933838,
  "policy_loss": 0.8484934568405151,
  "value_loss": 0.0012210538261570036
}
{
  "seed": 172303797783457876,
  "steps": 33,
  "total_reward": 104.23,
  "chase_count": 5,
  "samples": 33,
  "episode": 1757,
  "replay_size": 20000,
  "loss": 0.8421405255794525,
  "policy_loss": 0.8406631648540497,
  "value_loss": 0.0014773645089007914
}
{
  "seed": 520265716087769223,
  "steps": 34,
  "total_reward": 109.93000000000002,
  "chase_count": 5,
  "samples": 34,
  "episode": 1758,
  "replay_size": 20000,
  "loss": 0.8499322533607483,
  "policy_loss": 0.8487342894077301,
  "value_loss": 0.0011979641276411712
}
{
  "seed": 3246377253756378503,
  "steps": 26,
  "total_reward": 91.13999999999999,
  "chase_count": 3,
  "samples": 26,
  "episode": 1759,
  "replay_size": 20000,
  "loss": 0.9450711011886597,
  "policy_loss": 0.9438548982143402,
  "value_loss": 0.0012162206694483757
}
{
  "seed": 1884879345266030783,
  "steps": 24,
  "total_reward": 91.97,
  "chase_count": 4,
  "samples": 24,
  "episode": 1760,
  "replay_size": 20000,
  "loss": 0.8354171514511108,
  "policy_loss": 0.8343984484672546,
  "value_loss": 0.0010186895378865302
}
{
  "seed": 3703661138391439557,
  "steps": 31,
  "total_reward": 95.52000000000001,
  "chase_count": 4,
  "samples": 31,
  "episode": 1761,
  "replay_size": 20000,
  "loss": 0.7729325890541077,
  "policy_loss": 0.7716205716133118,
  "value_loss": 0.0013120166840963066
}
{
  "seed": 1574043070898173118,
  "steps": 27,
  "total_reward": 85.90000000000002,
  "chase_count": 4,
  "samples": 27,
  "episode": 1762,
  "replay_size": 20000,
  "loss": 0.899105429649353,
  "policy_loss": 0.8981708586215973,
  "value_loss": 0.0009345696307718754
}
{
  "seed": 1691329622044518176,
  "steps": 30,
  "total_reward": 90.71000000000002,
  "chase_count": 5,
  "samples": 30,
  "episode": 1763,
  "replay_size": 20000,
  "loss": 0.9699658453464508,
  "policy_loss": 0.9689937233924866,
  "value_loss": 0.0009721106034703553
}
{
  "seed": 6754677937997500593,
  "steps": 41,
  "total_reward": 99.50000000000003,
  "chase_count": 4,
  "samples": 41,
  "episode": 1764,
  "replay_size": 20000,
  "loss": 0.7797204852104187,
  "policy_loss": 0.7787319421768188,
  "value_loss": 0.000988534331554547
}
{
  "seed": 940364329616704892,
  "steps": 26,
  "total_reward": 86.91,
  "chase_count": 5,
  "samples": 26,
  "episode": 1765,
  "replay_size": 20000,
  "loss": 0.8931706845760345,
  "policy_loss": 0.8919848501682281,
  "value_loss": 0.0011858419165946543
}
{
  "seed": 5628608864411867712,
  "steps": 36,
  "total_reward": 99.84000000000003,
  "chase_count": 5,
  "samples": 36,
  "episode": 1766,
  "replay_size": 20000,
  "loss": 0.995349794626236,
  "policy_loss": 0.9942029118537903,
  "value_loss": 0.0011468891752883792
}
{
  "seed": 3158033774442258648,
  "steps": 25,
  "total_reward": 80.43,
  "chase_count": 5,
  "samples": 25,
  "episode": 1767,
  "replay_size": 20000,
  "loss": 0.8183867335319519,
  "policy_loss": 0.8167150318622589,
  "value_loss": 0.001671703823376447
}
{
  "seed": 5915743801631891946,
  "steps": 34,
  "total_reward": 90.30000000000001,
  "chase_count": 5,
  "samples": 34,
  "episode": 1768,
  "replay_size": 20000,
  "loss": 0.8372847139835358,
  "policy_loss": 0.8358578979969025,
  "value_loss": 0.0014268107479438186
}
{
  "seed": 7626082506499292015,
  "steps": 39,
  "total_reward": 101.41000000000003,
  "chase_count": 4,
  "samples": 39,
  "episode": 1769,
  "replay_size": 20000,
  "loss": 0.8719595372676849,
  "policy_loss": 0.8706832826137543,
  "value_loss": 0.001276256050914526
}
{
  "seed": 91722400901186229,
  "steps": 30,
  "total_reward": 74.84000000000002,
  "chase_count": 5,
  "samples": 30,
  "episode": 1770,
  "replay_size": 20000,
  "loss": 0.8482434153556824,
  "policy_loss": 0.8471398651599884,
  "value_loss": 0.0011035467614419758
}
{
  "seed": 6812957567922137856,
  "steps": 32,
  "total_reward": 76.84,
  "chase_count": 5,
  "samples": 32,
  "episode": 1771,
  "replay_size": 20000,
  "loss": 0.9167157709598541,
  "policy_loss": 0.9156943559646606,
  "value_loss": 0.001021435542497784
}
{
  "seed": 4152140154149170856,
  "steps": 36,
  "total_reward": 83.06000000000003,
  "chase_count": 5,
  "samples": 36,
  "episode": 1772,
  "replay_size": 20000,
  "loss": 0.917451947927475,
  "policy_loss": 0.9162223041057587,
  "value_loss": 0.0012296290369704366
}
{
  "seed": 7857364390214785355,
  "steps": 36,
  "total_reward": 110.29000000000002,
  "chase_count": 4,
  "samples": 36,
  "episode": 1773,
  "replay_size": 20000,
  "loss": 0.778238832950592,
  "policy_loss": 0.7771034240722656,
  "value_loss": 0.0011353977606631815
}
{
  "seed": 5297265193952671392,
  "steps": 29,
  "total_reward": 97.73000000000003,
  "chase_count": 5,
  "samples": 29,
  "episode": 1774,
  "replay_size": 20000,
  "loss": 0.836295485496521,
  "policy_loss": 0.8350297808647156,
  "value_loss": 0.0012657282059080899
}
{
  "seed": 6711898029395279613,
  "steps": 31,
  "total_reward": 73.07000000000001,
  "chase_count": 5,
  "samples": 31,
  "episode": 1775,
  "replay_size": 20000,
  "loss": 0.8419378697872162,
  "policy_loss": 0.8411913216114044,
  "value_loss": 0.0007465454400517046
}
{
  "seed": 6933198972927713075,
  "steps": 34,
  "total_reward": 110.93,
  "chase_count": 5,
  "samples": 34,
  "episode": 1776,
  "replay_size": 20000,
  "loss": 0.8529510498046875,
  "policy_loss": 0.8520152270793915,
  "value_loss": 0.0009358360548503697
}
{
  "seed": 1904707398121828931,
  "steps": 29,
  "total_reward": 91.55999999999999,
  "chase_count": 5,
  "samples": 29,
  "episode": 1777,
  "replay_size": 20000,
  "loss": 0.8873199224472046,
  "policy_loss": 0.8861067891120911,
  "value_loss": 0.0012131491967011243
}
{
  "seed": 8149805465736778984,
  "steps": 32,
  "total_reward": 75.64999999999999,
  "chase_count": 5,
  "samples": 32,
  "episode": 1778,
  "replay_size": 20000,
  "loss": 0.7936939895153046,
  "policy_loss": 0.792257696390152,
  "value_loss": 0.0014362919027917087
}
{
  "seed": 3803273696169256728,
  "steps": 35,
  "total_reward": 83.77000000000002,
  "chase_count": 3,
  "samples": 35,
  "episode": 1779,
  "replay_size": 20000,
  "loss": 0.8205998241901398,
  "policy_loss": 0.8188400864601135,
  "value_loss": 0.0017597359255887568
}
{
  "seed": 6369608171489537548,
  "steps": 36,
  "total_reward": 77.19000000000003,
  "chase_count": 3,
  "samples": 36,
  "episode": 1780,
  "replay_size": 20000,
  "loss": 0.8578765690326691,
  "policy_loss": 0.8562712371349335,
  "value_loss": 0.0016053224680945277
}
{
  "seed": 102766307968491992,
  "steps": 28,
  "total_reward": 95.82999999999998,
  "chase_count": 5,
  "samples": 28,
  "episode": 1781,
  "replay_size": 20000,
  "loss": 0.817209929227829,
  "policy_loss": 0.8160317242145538,
  "value_loss": 0.0011782116489484906
}
{
  "seed": 3203162018759206786,
  "steps": 23,
  "total_reward": 83.63000000000001,
  "chase_count": 5,
  "samples": 23,
  "episode": 1782,
  "replay_size": 20000,
  "loss": 0.7949019968509674,
  "policy_loss": 0.7936861217021942,
  "value_loss": 0.00121588003821671
}
{
  "seed": 6437488879227635443,
  "steps": 31,
  "total_reward": 90.82000000000002,
  "chase_count": 5,
  "samples": 31,
  "episode": 1783,
  "replay_size": 20000,
  "loss": 0.8656209111213684,
  "policy_loss": 0.8643484711647034,
  "value_loss": 0.001272429886739701
}
{
  "seed": 8816260622086610081,
  "steps": 31,
  "total_reward": 93.66000000000003,
  "chase_count": 5,
  "samples": 31,
  "episode": 1784,
  "replay_size": 20000,
  "loss": 0.7615725994110107,
  "policy_loss": 0.7604294419288635,
  "value_loss": 0.0011431511375121772
}
{
  "seed": 8791435115518414257,
  "steps": 32,
  "total_reward": 101.02000000000002,
  "chase_count": 3,
  "samples": 32,
  "episode": 1785,
  "replay_size": 20000,
  "loss": 0.9000384211540222,
  "policy_loss": 0.8982487916946411,
  "value_loss": 0.0017896287026815116
}
{
  "seed": 6871580430632129387,
  "steps": 27,
  "total_reward": 92.08000000000001,
  "chase_count": 4,
  "samples": 27,
  "episode": 1786,
  "replay_size": 20000,
  "loss": 0.7883558571338654,
  "policy_loss": 0.7866811156272888,
  "value_loss": 0.0016747417976148427
}
{
  "seed": 5575633684287856252,
  "steps": 39,
  "total_reward": 85.43,
  "chase_count": 5,
  "samples": 39,
  "episode": 1787,
  "replay_size": 20000,
  "loss": 0.8343327343463898,
  "policy_loss": 0.8329277634620667,
  "value_loss": 0.00140498235123232
}
{
  "seed": 4620738514978140452,
  "steps": 36,
  "total_reward": 89.16000000000001,
  "chase_count": 4,
  "samples": 36,
  "episode": 1788,
  "replay_size": 20000,
  "loss": 0.9471665918827057,
  "policy_loss": 0.9458779096603394,
  "value_loss": 0.0012886623735539615
}
{
  "seed": 5050000356229913607,
  "steps": 30,
  "total_reward": 94.43,
  "chase_count": 5,
  "samples": 30,
  "episode": 1789,
  "replay_size": 20000,
  "loss": 0.7992689311504364,
  "policy_loss": 0.798269122838974,
  "value_loss": 0.0009997932065743953
}
{
  "seed": 8639130725357899701,
  "steps": 28,
  "total_reward": 74.63000000000001,
  "chase_count": 4,
  "samples": 28,
  "episode": 1790,
  "replay_size": 20000,
  "loss": 0.9045274257659912,
  "policy_loss": 0.9031454622745514,
  "value_loss": 0.0013819665182381868
}
{
  "seed": 7340545392106483570,
  "steps": 35,
  "total_reward": 114.13000000000005,
  "chase_count": 5,
  "samples": 35,
  "episode": 1791,
  "replay_size": 20000,
  "loss": 0.8936236500740051,
  "policy_loss": 0.8926304280757904,
  "value_loss": 0.0009932354150805622
}
{
  "seed": 1716515299347892604,
  "steps": 31,
  "total_reward": 86.07000000000002,
  "chase_count": 5,
  "samples": 31,
  "episode": 1792,
  "replay_size": 20000,
  "loss": 0.810068815946579,
  "policy_loss": 0.8088432252407074,
  "value_loss": 0.0012255734181962907
}
{
  "seed": 6320997861225569029,
  "steps": 38,
  "total_reward": 75.78000000000003,
  "chase_count": 5,
  "samples": 38,
  "episode": 1793,
  "replay_size": 20000,
  "loss": 0.9442079961299896,
  "policy_loss": 0.9426335990428925,
  "value_loss": 0.0015743908006697893
}
{
  "seed": 5094765478474827114,
  "steps": 39,
  "total_reward": 111.30000000000003,
  "chase_count": 4,
  "samples": 39,
  "episode": 1794,
  "replay_size": 20000,
  "loss": 0.8737631142139435,
  "policy_loss": 0.8725005388259888,
  "value_loss": 0.0012625856325030327
}
{
  "seed": 8937400357852498575,
  "steps": 26,
  "total_reward": 75.52,
  "chase_count": 5,
  "samples": 26,
  "episode": 1795,
  "replay_size": 20000,
  "loss": 0.8814023435115814,
  "policy_loss": 0.8807221353054047,
  "value_loss": 0.0006802307179896161
}
{
  "seed": 2375390687141259938,
  "steps": 31,
  "total_reward": 78.54000000000002,
  "chase_count": 4,
  "samples": 31,
  "episode": 1796,
  "replay_size": 20000,
  "loss": 0.8683163225650787,
  "policy_loss": 0.8671401739120483,
  "value_loss": 0.0011761521163862199
}
{
  "seed": 3523178709173230420,
  "steps": 27,
  "total_reward": 102.68,
  "chase_count": 4,
  "samples": 27,
  "episode": 1797,
  "replay_size": 20000,
  "loss": 0.814985603094101,
  "policy_loss": 0.8142328262329102,
  "value_loss": 0.0007527727575507015
}
{
  "seed": 185156545891815038,
  "steps": 42,
  "total_reward": 90.49000000000004,
  "chase_count": 3,
  "samples": 42,
  "episode": 1798,
  "replay_size": 20000,
  "loss": 0.858832597732544,
  "policy_loss": 0.8576348721981049,
  "value_loss": 0.0011977217509411275
}
{
  "seed": 864578585451223137,
  "steps": 25,
  "total_reward": 81.29,
  "chase_count": 4,
  "samples": 25,
  "episode": 1799,
  "replay_size": 20000,
  "loss": 0.8403768539428711,
  "policy_loss": 0.8392714858055115,
  "value_loss": 0.0011053741327486932
}
{
  "seed": 6431831653053093420,
  "steps": 32,
  "total_reward": 85.53,
  "chase_count": 4,
  "samples": 32,
  "episode": 1800,
  "replay_size": 20000,
  "loss": 0.8588419854640961,
  "policy_loss": 0.8579756617546082,
  "value_loss": 0.0008663463813718408
}
{
  "seed": 7841877233166901646,
  "steps": 37,
  "total_reward": 101.29000000000002,
  "chase_count": 4,
  "samples": 37,
  "episode": 1801,
  "replay_size": 20000,
  "loss": 0.832137942314148,
  "policy_loss": 0.8311519622802734,
  "value_loss": 0.0009859790734481066
}
{
  "seed": 1676595814074493188,
  "steps": 38,
  "total_reward": 107.05000000000001,
  "chase_count": 4,
  "samples": 38,
  "episode": 1802,
  "replay_size": 20000,
  "loss": 0.8053261041641235,
  "policy_loss": 0.8040931224822998,
  "value_loss": 0.0012330032186582685
}
{
  "seed": 7443827730980954946,
  "steps": 28,
  "total_reward": 68.33000000000001,
  "chase_count": 5,
  "samples": 28,
  "episode": 1803,
  "replay_size": 20000,
  "loss": 0.9493488073348999,
  "policy_loss": 0.9481578171253204,
  "value_loss": 0.0011910120956599712
}
{
  "seed": 4154376067587468155,
  "steps": 36,
  "total_reward": 101.53000000000002,
  "chase_count": 5,
  "samples": 36,
  "episode": 1804,
  "replay_size": 20000,
  "loss": 0.9462169706821442,
  "policy_loss": 0.9448122382164001,
  "value_loss": 0.0014047130825929344
}
{
  "seed": 5686709244507286431,
  "steps": 36,
  "total_reward": 83.58000000000001,
  "chase_count": 5,
  "samples": 36,
  "episode": 1805,
  "replay_size": 20000,
  "loss": 0.8797069787979126,
  "policy_loss": 0.8781239986419678,
  "value_loss": 0.0015829835319891572
}
{
  "seed": 7670676863985571340,
  "steps": 29,
  "total_reward": 103.62,
  "chase_count": 5,
  "samples": 29,
  "episode": 1806,
  "replay_size": 20000,
  "loss": 0.888891726732254,
  "policy_loss": 0.8874943256378174,
  "value_loss": 0.0013974046742077917
}
{
  "seed": 8046563425297963250,
  "steps": 38,
  "total_reward": 115.66000000000001,
  "chase_count": 5,
  "samples": 38,
  "episode": 1807,
  "replay_size": 20000,
  "loss": 0.8789958655834198,
  "policy_loss": 0.8778636455535889,
  "value_loss": 0.0011322165373712778
}
{
  "seed": 5147924890081857543,
  "steps": 35,
  "total_reward": 85.30000000000001,
  "chase_count": 5,
  "samples": 35,
  "episode": 1808,
  "replay_size": 20000,
  "loss": 0.9138683080673218,
  "policy_loss": 0.9127632975578308,
  "value_loss": 0.0011050011962652206
}
{
  "seed": 5894104252576581468,
  "steps": 33,
  "total_reward": 91.03,
  "chase_count": 4,
  "samples": 33,
  "episode": 1809,
  "replay_size": 20000,
  "loss": 0.8848881125450134,
  "policy_loss": 0.8839693665504456,
  "value_loss": 0.0009187464311253279
}
{
  "seed": 6894456894854134910,
  "steps": 34,
  "total_reward": 92.01000000000002,
  "chase_count": 4,
  "samples": 34,
  "episode": 1810,
  "replay_size": 20000,
  "loss": 0.9287611544132233,
  "policy_loss": 0.9271450638771057,
  "value_loss": 0.001616101828403771
}
{
  "seed": 8656190852828860245,
  "steps": 34,
  "total_reward": 107.52000000000002,
  "chase_count": 4,
  "samples": 34,
  "episode": 1811,
  "replay_size": 20000,
  "loss": 0.879769504070282,
  "policy_loss": 0.8786540031433105,
  "value_loss": 0.0011155138781759888
}
{
  "seed": 5383458847882597999,
  "steps": 23,
  "total_reward": 87.76000000000002,
  "chase_count": 5,
  "samples": 23,
  "episode": 1812,
  "replay_size": 20000,
  "loss": 0.8864840865135193,
  "policy_loss": 0.8849815428256989,
  "value_loss": 0.0015025330940261483
}
{
  "seed": 9007373462860974878,
  "steps": 32,
  "total_reward": 81.29000000000003,
  "chase_count": 5,
  "samples": 32,
  "episode": 1813,
  "replay_size": 20000,
  "loss": 0.8446156084537506,
  "policy_loss": 0.8433442413806915,
  "value_loss": 0.0012713739997707307
}
{
  "seed": 3249156711976532130,
  "steps": 32,
  "total_reward": 89.62000000000003,
  "chase_count": 5,
  "samples": 32,
  "episode": 1814,
  "replay_size": 20000,
  "loss": 0.8759013712406158,
  "policy_loss": 0.8748919069766998,
  "value_loss": 0.0010094718891195953
}
{
  "seed": 482388171642942106,
  "steps": 31,
  "total_reward": 98.9,
  "chase_count": 5,
  "samples": 31,
  "episode": 1815,
  "replay_size": 20000,
  "loss": 0.8573242127895355,
  "policy_loss": 0.8561260998249054,
  "value_loss": 0.0011981241987086833
}
{
  "seed": 1295986580722665576,
  "steps": 28,
  "total_reward": 87.75000000000001,
  "chase_count": 4,
  "samples": 28,
  "episode": 1816,
  "replay_size": 20000,
  "loss": 0.7807987034320831,
  "policy_loss": 0.7796311974525452,
  "value_loss": 0.0011675238492898643
}
{
  "seed": 8748751448127538371,
  "steps": 38,
  "total_reward": 118.28000000000003,
  "chase_count": 4,
  "samples": 38,
  "episode": 1817,
  "replay_size": 20000,
  "loss": 0.7616612017154694,
  "policy_loss": 0.7602904438972473,
  "value_loss": 0.001370769488858059
}
{
  "seed": 2260995046311095650,
  "steps": 30,
  "total_reward": 90.72000000000003,
  "chase_count": 4,
  "samples": 30,
  "episode": 1818,
  "replay_size": 20000,
  "loss": 0.8460483253002167,
  "policy_loss": 0.8451197147369385,
  "value_loss": 0.0009286286949645728
}
{
  "seed": 7074375590548267735,
  "steps": 27,
  "total_reward": 87.21000000000001,
  "chase_count": 5,
  "samples": 27,
  "episode": 1819,
  "replay_size": 20000,
  "loss": 0.9304704666137695,
  "policy_loss": 0.9293980598449707,
  "value_loss": 0.0010723901796154678
}
{
  "seed": 5646736812207964280,
  "steps": 31,
  "total_reward": 67.22999999999999,
  "chase_count": 5,
  "samples": 31,
  "episode": 1820,
  "replay_size": 20000,
  "loss": 0.7948621809482574,
  "policy_loss": 0.7937316298484802,
  "value_loss": 0.0011305588122922927
}
{
  "seed": 5410980407476731175,
  "steps": 28,
  "total_reward": 84.85000000000002,
  "chase_count": 4,
  "samples": 28,
  "episode": 1821,
  "replay_size": 20000,
  "loss": 0.8926853835582733,
  "policy_loss": 0.89146488904953,
  "value_loss": 0.001220492267748341
}
{
  "seed": 874687943894401868,
  "steps": 30,
  "total_reward": 78.13,
  "chase_count": 5,
  "samples": 30,
  "episode": 1822,
  "replay_size": 20000,
  "loss": 0.8160310983657837,
  "policy_loss": 0.8150416016578674,
  "value_loss": 0.000989508000202477
}
{
  "seed": 7822804158673673716,
  "steps": 37,
  "total_reward": 72.78000000000004,
  "chase_count": 4,
  "samples": 37,
  "episode": 1823,
  "replay_size": 20000,
  "loss": 0.8940673768520355,
  "policy_loss": 0.8927925527095795,
  "value_loss": 0.0012748058652505279
}
{
  "seed": 5114586428519839749,
  "steps": 40,
  "total_reward": 90.35000000000002,
  "chase_count": 5,
  "samples": 40,
  "episode": 1824,
  "replay_size": 20000,
  "loss": 0.9116817712783813,
  "policy_loss": 0.9101977646350861,
  "value_loss": 0.0014840071380604059
}
{
  "seed": 1759220243256528135,
  "steps": 28,
  "total_reward": 79.45000000000002,
  "chase_count": 5,
  "samples": 28,
  "episode": 1825,
  "replay_size": 20000,
  "loss": 0.8154023587703705,
  "policy_loss": 0.8139795660972595,
  "value_loss": 0.0014227942447178066
}
{
  "seed": 5510141664693403443,
  "steps": 30,
  "total_reward": 77.51,
  "chase_count": 4,
  "samples": 30,
  "episode": 1826,
  "replay_size": 20000,
  "loss": 0.9085588455200195,
  "policy_loss": 0.9071955978870392,
  "value_loss": 0.0013632490299642086
}
{
  "seed": 8430671899495173611,
  "steps": 26,
  "total_reward": 68.04,
  "chase_count": 5,
  "samples": 26,
  "episode": 1827,
  "replay_size": 20000,
  "loss": 1.0160884857177734,
  "policy_loss": 1.0150688290596008,
  "value_loss": 0.0010196298826485872
}
{
  "seed": 5521156030104859769,
  "steps": 37,
  "total_reward": 84.21000000000001,
  "chase_count": 5,
  "samples": 37,
  "episode": 1828,
  "replay_size": 20000,
  "loss": 0.8075728118419647,
  "policy_loss": 0.8067072331905365,
  "value_loss": 0.0008655691053718328
}
{
  "seed": 7260931001748701033,
  "steps": 36,
  "total_reward": 89.81,
  "chase_count": 5,
  "samples": 36,
  "episode": 1829,
  "replay_size": 20000,
  "loss": 0.9055926501750946,
  "policy_loss": 0.9045734405517578,
  "value_loss": 0.0010192162590101361
}
{
  "seed": 8724904172937942560,
  "steps": 26,
  "total_reward": 77.82000000000002,
  "chase_count": 5,
  "samples": 26,
  "episode": 1830,
  "replay_size": 20000,
  "loss": 0.8367353081703186,
  "policy_loss": 0.8355220556259155,
  "value_loss": 0.0012132488773204386
}
{
  "seed": 7985651637322240330,
  "steps": 28,
  "total_reward": 70.13,
  "chase_count": 5,
  "samples": 28,
  "episode": 1831,
  "replay_size": 20000,
  "loss": 0.8098423779010773,
  "policy_loss": 0.8086559772491455,
  "value_loss": 0.0011863801628351212
}
{
  "seed": 7665592409141214712,
  "steps": 26,
  "total_reward": 84.18,
  "chase_count": 5,
  "samples": 26,
  "episode": 1832,
  "replay_size": 20000,
  "loss": 0.7752867937088013,
  "policy_loss": 0.7734375596046448,
  "value_loss": 0.0018492429226171225
}
{
  "seed": 8153932115850998403,
  "steps": 33,
  "total_reward": 88.96000000000002,
  "chase_count": 5,
  "samples": 33,
  "episode": 1833,
  "replay_size": 20000,
  "loss": 0.8628601729869843,
  "policy_loss": 0.8617159426212311,
  "value_loss": 0.0011442371760495007
}
{
  "seed": 36792436599344760,
  "steps": 24,
  "total_reward": 84.46,
  "chase_count": 5,
  "samples": 24,
  "episode": 1834,
  "replay_size": 20000,
  "loss": 0.8445201516151428,
  "policy_loss": 0.8434125781059265,
  "value_loss": 0.0011075488582719117
}
{
  "seed": 6740923894495483061,
  "steps": 31,
  "total_reward": 80.39000000000001,
  "chase_count": 4,
  "samples": 31,
  "episode": 1835,
  "replay_size": 20000,
  "loss": 0.7731203436851501,
  "policy_loss": 0.7716830670833588,
  "value_loss": 0.0014372715959325433
}
{
  "seed": 5344146738954235359,
  "steps": 33,
  "total_reward": 96.13000000000002,
  "chase_count": 4,
  "samples": 33,
  "episode": 1836,
  "replay_size": 20000,
  "loss": 0.857912540435791,
  "policy_loss": 0.8571082651615143,
  "value_loss": 0.0008042845583986491
}
{
  "seed": 4110861124193501168,
  "steps": 33,
  "total_reward": 97.37000000000003,
  "chase_count": 5,
  "samples": 33,
  "episode": 1837,
  "replay_size": 20000,
  "loss": 0.8616067171096802,
  "policy_loss": 0.8608976006507874,
  "value_loss": 0.0007090993749443442
}
{
  "seed": 4630985687138040285,
  "steps": 27,
  "total_reward": 77.18,
  "chase_count": 5,
  "samples": 27,
  "episode": 1838,
  "replay_size": 20000,
  "loss": 0.8566447198390961,
  "policy_loss": 0.8550205826759338,
  "value_loss": 0.0016241461271420121
}
{
  "seed": 3959120783879263547,
  "steps": 25,
  "total_reward": 69.5,
  "chase_count": 5,
  "samples": 25,
  "episode": 1839,
  "replay_size": 20000,
  "loss": 0.7161765098571777,
  "policy_loss": 0.7146646678447723,
  "value_loss": 0.001511844340711832
}
{
  "seed": 247884011658966629,
  "steps": 36,
  "total_reward": 125.47000000000003,
  "chase_count": 5,
  "samples": 36,
  "episode": 1840,
  "replay_size": 20000,
  "loss": 0.9437439441680908,
  "policy_loss": 0.9429445266723633,
  "value_loss": 0.0007994167390279472
}
{
  "seed": 9040342767617815065,
  "steps": 37,
  "total_reward": 112.98000000000002,
  "chase_count": 5,
  "samples": 37,
  "episode": 1841,
  "replay_size": 20000,
  "loss": 0.8694918751716614,
  "policy_loss": 0.8684353232383728,
  "value_loss": 0.0010565470438450575
}
{
  "seed": 6488234238730118290,
  "steps": 34,
  "total_reward": 93.70000000000002,
  "chase_count": 5,
  "samples": 34,
  "episode": 1842,
  "replay_size": 20000,
  "loss": 0.8359835743904114,
  "policy_loss": 0.8348822891712189,
  "value_loss": 0.0011012814356945455
}
{
  "seed": 467698421951372289,
  "steps": 33,
  "total_reward": 81.94000000000001,
  "chase_count": 5,
  "samples": 33,
  "episode": 1843,
  "replay_size": 20000,
  "loss": 0.7606151103973389,
  "policy_loss": 0.7594235241413116,
  "value_loss": 0.0011915680370293558
}
{
  "seed": 4567782844159223190,
  "steps": 28,
  "total_reward": 110.12,
  "chase_count": 5,
  "samples": 28,
  "episode": 1844,
  "replay_size": 20000,
  "loss": 0.8945137858390808,
  "policy_loss": 0.8932536542415619,
  "value_loss": 0.00126013089902699
}
{
  "seed": 6087680192509764278,
  "steps": 32,
  "total_reward": 116.11000000000001,
  "chase_count": 4,
  "samples": 32,
  "episode": 1845,
  "replay_size": 20000,
  "loss": 0.8803473711013794,
  "policy_loss": 0.8787467777729034,
  "value_loss": 0.0016005829675123096
}
{
  "seed": 8936020843105954609,
  "steps": 33,
  "total_reward": 124.88000000000002,
  "chase_count": 3,
  "samples": 33,
  "episode": 1846,
  "replay_size": 20000,
  "loss": 0.8878594934940338,
  "policy_loss": 0.886585533618927,
  "value_loss": 0.0012739597004838288
}
{
  "seed": 3856087669082545086,
  "steps": 33,
  "total_reward": 78.98000000000002,
  "chase_count": 5,
  "samples": 33,
  "episode": 1847,
  "replay_size": 20000,
  "loss": 0.8832589685916901,
  "policy_loss": 0.8822403252124786,
  "value_loss": 0.00101865129545331
}
{
  "seed": 2703849772758395054,
  "steps": 33,
  "total_reward": 96.65,
  "chase_count": 5,
  "samples": 33,
  "episode": 1848,
  "replay_size": 20000,
  "loss": 0.7935605347156525,
  "policy_loss": 0.7927312850952148,
  "value_loss": 0.0008292618731502444
}
{
  "seed": 1951207019355307233,
  "steps": 27,
  "total_reward": 96.35000000000001,
  "chase_count": 5,
  "samples": 27,
  "episode": 1849,
  "replay_size": 20000,
  "loss": 0.8091939091682434,
  "policy_loss": 0.8082840144634247,
  "value_loss": 0.0009098982554860413
}
{
  "seed": 7560381246280378093,
  "steps": 29,
  "total_reward": 99.67,
  "chase_count": 5,
  "samples": 29,
  "episode": 1850,
  "replay_size": 20000,
  "loss": 0.8503594994544983,
  "policy_loss": 0.8491743505001068,
  "value_loss": 0.0011851610615849495
}
{
  "seed": 6666403348388573180,
  "steps": 31,
  "total_reward": 72.02,
  "chase_count": 5,
  "samples": 31,
  "episode": 1851,
  "replay_size": 20000,
  "loss": 0.8382040560245514,
  "policy_loss": 0.8369912803173065,
  "value_loss": 0.0012127740192227066
}
{
  "seed": 4411189751311830760,
  "steps": 32,
  "total_reward": 97.09,
  "chase_count": 4,
  "samples": 32,
  "episode": 1852,
  "replay_size": 20000,
  "loss": 0.878831297159195,
  "policy_loss": 0.8777857422828674,
  "value_loss": 0.0010455575538799167
}
{
  "seed": 16630252931598230,
  "steps": 36,
  "total_reward": 85.96000000000001,
  "chase_count": 5,
  "samples": 36,
  "episode": 1853,
  "replay_size": 20000,
  "loss": 0.8715144991874695,
  "policy_loss": 0.8706750571727753,
  "value_loss": 0.0008394298783969134
}
{
  "seed": 3021247168692014690,
  "steps": 33,
  "total_reward": 97.71000000000004,
  "chase_count": 4,
  "samples": 33,
  "episode": 1854,
  "replay_size": 20000,
  "loss": 0.8342521488666534,
  "policy_loss": 0.8329928815364838,
  "value_loss": 0.0012592638959176838
}
{
  "seed": 1272940602312042775,
  "steps": 32,
  "total_reward": 76.67,
  "chase_count": 5,
  "samples": 32,
  "episode": 1855,
  "replay_size": 20000,
  "loss": 0.8288252949714661,
  "policy_loss": 0.8272115290164948,
  "value_loss": 0.0016137684579007328
}
{
  "seed": 7047671572833546538,
  "steps": 31,
  "total_reward": 88.32000000000002,
  "chase_count": 5,
  "samples": 31,
  "episode": 1856,
  "replay_size": 20000,
  "loss": 0.7571515142917633,
  "policy_loss": 0.7560797035694122,
  "value_loss": 0.0010718066478148103
}
{
  "seed": 1846775771246133349,
  "steps": 29,
  "total_reward": 122.12000000000005,
  "chase_count": 3,
  "samples": 29,
  "episode": 1857,
  "replay_size": 20000,
  "loss": 0.9356388449668884,
  "policy_loss": 0.9346948564052582,
  "value_loss": 0.0009440092835575342
}
{
  "seed": 9147295995353164362,
  "steps": 31,
  "total_reward": 98.43,
  "chase_count": 4,
  "samples": 31,
  "episode": 1858,
  "replay_size": 20000,
  "loss": 0.9526602923870087,
  "policy_loss": 0.9517651200294495,
  "value_loss": 0.0008951502677518874
}
{
  "seed": 8068670384054873038,
  "steps": 26,
  "total_reward": 86.98000000000002,
  "chase_count": 5,
  "samples": 26,
  "episode": 1859,
  "replay_size": 20000,
  "loss": 0.9035848081111908,
  "policy_loss": 0.9022450149059296,
  "value_loss": 0.0013397742295637727
}
{
  "seed": 411598680538069071,
  "steps": 30,
  "total_reward": 101.42000000000002,
  "chase_count": 5,
  "samples": 30,
  "episode": 1860,
  "replay_size": 20000,
  "loss": 0.7830123603343964,
  "policy_loss": 0.7816333174705505,
  "value_loss": 0.0013790567754767835
}
{
  "seed": 8782823381256539969,
  "steps": 26,
  "total_reward": 66.13,
  "chase_count": 5,
  "samples": 26,
  "episode": 1861,
  "replay_size": 20000,
  "loss": 0.8196305334568024,
  "policy_loss": 0.8185945749282837,
  "value_loss": 0.0010359531734138727
}
{
  "seed": 8757229632711890000,
  "steps": 35,
  "total_reward": 90.78000000000003,
  "chase_count": 4,
  "samples": 35,
  "episode": 1862,
  "replay_size": 20000,
  "loss": 0.8528666496276855,
  "policy_loss": 0.851642906665802,
  "value_loss": 0.0012237394112162292
}
{
  "seed": 7968338286697176597,
  "steps": 36,
  "total_reward": 107.95000000000003,
  "chase_count": 4,
  "samples": 36,
  "episode": 1863,
  "replay_size": 20000,
  "loss": 0.8826494216918945,
  "policy_loss": 0.8810922205448151,
  "value_loss": 0.0015571977128274739
}
{
  "seed": 2258201734942049965,
  "steps": 32,
  "total_reward": 99.54000000000002,
  "chase_count": 3,
  "samples": 32,
  "episode": 1864,
  "replay_size": 20000,
  "loss": 0.9188430309295654,
  "policy_loss": 0.9179083406925201,
  "value_loss": 0.0009346907027065754
}
{
  "seed": 317122114002304996,
  "steps": 31,
  "total_reward": 107.76000000000005,
  "chase_count": 4,
  "samples": 31,
  "episode": 1865,
  "replay_size": 20000,
  "loss": 0.9668245017528534,
  "policy_loss": 0.9660329222679138,
  "value_loss": 0.0007915800961200148
}
{
  "seed": 5760419600133969292,
  "steps": 40,
  "total_reward": 91.24000000000002,
  "chase_count": 4,
  "samples": 40,
  "episode": 1866,
  "replay_size": 20000,
  "loss": 0.93793785572052,
  "policy_loss": 0.9369348883628845,
  "value_loss": 0.0010029543482232839
}
{
  "seed": 7630027076529190712,
  "steps": 33,
  "total_reward": 115.25000000000001,
  "chase_count": 5,
  "samples": 33,
  "episode": 1867,
  "replay_size": 20000,
  "loss": 0.8477821350097656,
  "policy_loss": 0.8465209305286407,
  "value_loss": 0.001261204481124878
}
{
  "seed": 473878785716256766,
  "steps": 35,
  "total_reward": 92.87000000000002,
  "chase_count": 5,
  "samples": 35,
  "episode": 1868,
  "replay_size": 20000,
  "loss": 0.8257822096347809,
  "policy_loss": 0.8247831463813782,
  "value_loss": 0.0009990441030822694
}
{
  "seed": 5775447360526400400,
  "steps": 31,
  "total_reward": 99.94000000000001,
  "chase_count": 5,
  "samples": 31,
  "episode": 1869,
  "replay_size": 20000,
  "loss": 0.8577049374580383,
  "policy_loss": 0.8563765585422516,
  "value_loss": 0.0013283657608553767
}
{
  "seed": 6562457069518952016,
  "steps": 29,
  "total_reward": 73.07,
  "chase_count": 5,
  "samples": 29,
  "episode": 1870,
  "replay_size": 20000,
  "loss": 0.9077960252761841,
  "policy_loss": 0.9063942730426788,
  "value_loss": 0.00140174018451944
}
{
  "seed": 4618808333053778738,
  "steps": 32,
  "total_reward": 84.26000000000002,
  "chase_count": 4,
  "samples": 32,
  "episode": 1871,
  "replay_size": 20000,
  "loss": 0.9387767910957336,
  "policy_loss": 0.9372713267803192,
  "value_loss": 0.0015054859104566276
}
{
  "seed": 7916212839471801238,
  "steps": 26,
  "total_reward": 62.97,
  "chase_count": 5,
  "samples": 26,
  "episode": 1872,
  "replay_size": 20000,
  "loss": 0.8855510354042053,
  "policy_loss": 0.8845231831073761,
  "value_loss": 0.0010278319823555648
}
{
  "seed": 2106764926410362062,
  "steps": 33,
  "total_reward": 72.66000000000003,
  "chase_count": 4,
  "samples": 33,
  "episode": 1873,
  "replay_size": 20000,
  "loss": 0.83973628282547,
  "policy_loss": 0.8385514318943024,
  "value_loss": 0.0011848460999317467
}
{
  "seed": 2466504487883061197,
  "steps": 28,
  "total_reward": 83.10000000000002,
  "chase_count": 5,
  "samples": 28,
  "episode": 1874,
  "replay_size": 20000,
  "loss": 0.9100782871246338,
  "policy_loss": 0.9087951481342316,
  "value_loss": 0.0012831388739868999
}
{
  "seed": 7494237897764875569,
  "steps": 36,
  "total_reward": 140.19000000000005,
  "chase_count": 3,
  "samples": 36,
  "episode": 1875,
  "replay_size": 20000,
  "loss": 0.8891469240188599,
  "policy_loss": 0.8882800936698914,
  "value_loss": 0.0008668355294503272
}
{
  "seed": 6305173623108203175,
  "steps": 37,
  "total_reward": 119.10999999999999,
  "chase_count": 4,
  "samples": 37,
  "episode": 1876,
  "replay_size": 20000,
  "loss": 0.8698875606060028,
  "policy_loss": 0.8687219023704529,
  "value_loss": 0.0011656697315629572
}
{
  "seed": 385500070494069287,
  "steps": 34,
  "total_reward": 97.27000000000002,
  "chase_count": 3,
  "samples": 34,
  "episode": 1877,
  "replay_size": 20000,
  "loss": 0.7600627541542053,
  "policy_loss": 0.7594016790390015,
  "value_loss": 0.000661087833577767
}
{
  "seed": 8569935498506433738,
  "steps": 34,
  "total_reward": 101.42000000000002,
  "chase_count": 3,
  "samples": 34,
  "episode": 1878,
  "replay_size": 20000,
  "loss": 0.8473249971866608,
  "policy_loss": 0.8462070822715759,
  "value_loss": 0.0011179223074577749
}
{
  "seed": 7042027978937792599,
  "steps": 30,
  "total_reward": 97.56,
  "chase_count": 5,
  "samples": 30,
  "episode": 1879,
  "replay_size": 20000,
  "loss": 0.888035237789154,
  "policy_loss": 0.8863244950771332,
  "value_loss": 0.0017107479507103562
}
{
  "seed": 2739445965170430599,
  "steps": 34,
  "total_reward": 95.95000000000002,
  "chase_count": 4,
  "samples": 34,
  "episode": 1880,
  "replay_size": 20000,
  "loss": 0.8569873869419098,
  "policy_loss": 0.8559804558753967,
  "value_loss": 0.0010069228010252118
}
{
  "seed": 1752817645767929881,
  "steps": 33,
  "total_reward": 100.51000000000002,
  "chase_count": 5,
  "samples": 33,
  "episode": 1881,
  "replay_size": 20000,
  "loss": 0.868796318769455,
  "policy_loss": 0.8676101565361023,
  "value_loss": 0.0011861545499414206
}
{
  "seed": 7248158627935342341,
  "steps": 33,
  "total_reward": 91.57,
  "chase_count": 4,
  "samples": 33,
  "episode": 1882,
  "replay_size": 20000,
  "loss": 0.9113989472389221,
  "policy_loss": 0.9101884663105011,
  "value_loss": 0.0012104666675440967
}
{
  "seed": 3602195075151168227,
  "steps": 33,
  "total_reward": 122.62,
  "chase_count": 4,
  "samples": 33,
  "episode": 1883,
  "replay_size": 20000,
  "loss": 0.8800217509269714,
  "policy_loss": 0.878938615322113,
  "value_loss": 0.0010831291147042066
}
{
  "seed": 6517195523765210690,
  "steps": 34,
  "total_reward": 84.09000000000002,
  "chase_count": 4,
  "samples": 34,
  "episode": 1884,
  "replay_size": 20000,
  "loss": 0.8649874031543732,
  "policy_loss": 0.8639036417007446,
  "value_loss": 0.0010837586014531553
}
{
  "seed": 5154674841309065447,
  "steps": 36,
  "total_reward": 101.53000000000003,
  "chase_count": 5,
  "samples": 36,
  "episode": 1885,
  "replay_size": 20000,
  "loss": 0.9102212488651276,
  "policy_loss": 0.9089500606060028,
  "value_loss": 0.0012712034513242543
}
{
  "seed": 1125154700235811712,
  "steps": 29,
  "total_reward": 57.58999999999999,
  "chase_count": 5,
  "samples": 29,
  "episode": 1886,
  "replay_size": 20000,
  "loss": 0.8199435174465179,
  "policy_loss": 0.8188399076461792,
  "value_loss": 0.0011036331416107714
}
{
  "seed": 81407146336558638,
  "steps": 34,
  "total_reward": 109.87000000000003,
  "chase_count": 5,
  "samples": 34,
  "episode": 1887,
  "replay_size": 20000,
  "loss": 0.9052664041519165,
  "policy_loss": 0.904299795627594,
  "value_loss": 0.0009666111145634204
}
{
  "seed": 2274162327605785689,
  "steps": 32,
  "total_reward": 71.69000000000001,
  "chase_count": 4,
  "samples": 32,
  "episode": 1888,
  "replay_size": 20000,
  "loss": 0.8499913215637207,
  "policy_loss": 0.8488401174545288,
  "value_loss": 0.0011511943012010306
}
{
  "seed": 1757836258460963187,
  "steps": 33,
  "total_reward": 83.87,
  "chase_count": 4,
  "samples": 33,
  "episode": 1889,
  "replay_size": 20000,
  "loss": 0.8637107610702515,
  "policy_loss": 0.8627751469612122,
  "value_loss": 0.0009356092195957899
}
{
  "seed": 4621860523463433374,
  "steps": 24,
  "total_reward": 80.63,
  "chase_count": 5,
  "samples": 24,
  "episode": 1890,
  "replay_size": 20000,
  "loss": 0.806686133146286,
  "policy_loss": 0.8053655624389648,
  "value_loss": 0.0013205867726355791
}
{
  "seed": 8709917079674321700,
  "steps": 30,
  "total_reward": 87.52000000000004,
  "chase_count": 4,
  "samples": 30,
  "episode": 1891,
  "replay_size": 20000,
  "loss": 0.8638197481632233,
  "policy_loss": 0.8620000183582306,
  "value_loss": 0.0018197237513959408
}
{
  "seed": 34935817462513588,
  "steps": 31,
  "total_reward": 74.38000000000002,
  "chase_count": 4,
  "samples": 31,
  "episode": 1892,
  "replay_size": 20000,
  "loss": 0.8536651134490967,
  "policy_loss": 0.8526954352855682,
  "value_loss": 0.0009696806955616921
}
{
  "seed": 6145202055311284915,
  "steps": 33,
  "total_reward": 110.91000000000001,
  "chase_count": 4,
  "samples": 33,
  "episode": 1893,
  "replay_size": 20000,
  "loss": 0.8678846657276154,
  "policy_loss": 0.866666316986084,
  "value_loss": 0.0012183484504930675
}
{
  "seed": 2104834327637857504,
  "steps": 30,
  "total_reward": 90.71,
  "chase_count": 4,
  "samples": 30,
  "episode": 1894,
  "replay_size": 20000,
  "loss": 0.9027879238128662,
  "policy_loss": 0.9018666446208954,
  "value_loss": 0.0009212720906361938
}
{
  "seed": 3016658192529193504,
  "steps": 34,
  "total_reward": 116.54000000000002,
  "chase_count": 4,
  "samples": 34,
  "episode": 1895,
  "replay_size": 20000,
  "loss": 0.8380743861198425,
  "policy_loss": 0.8372804522514343,
  "value_loss": 0.0007939415227156132
}
{
  "seed": 7385183085535147520,
  "steps": 35,
  "total_reward": 97.91000000000003,
  "chase_count": 5,
  "samples": 35,
  "episode": 1896,
  "replay_size": 20000,
  "loss": 0.8388561606407166,
  "policy_loss": 0.8379828333854675,
  "value_loss": 0.0008733214344829321
}
{
  "seed": 8039122040005451386,
  "steps": 27,
  "total_reward": 84.83000000000001,
  "chase_count": 5,
  "samples": 27,
  "episode": 1897,
  "replay_size": 20000,
  "loss": 0.7688100934028625,
  "policy_loss": 0.7673939764499664,
  "value_loss": 0.0014160985592752695
}
{
  "seed": 5822602165878389631,
  "steps": 29,
  "total_reward": 101.81000000000003,
  "chase_count": 5,
  "samples": 29,
  "episode": 1898,
  "replay_size": 20000,
  "loss": 0.8113563060760498,
  "policy_loss": 0.8101017475128174,
  "value_loss": 0.0012545629288069904
}
{
  "seed": 8328593901970437481,
  "steps": 38,
  "total_reward": 74.77000000000001,
  "chase_count": 4,
  "samples": 38,
  "episode": 1899,
  "replay_size": 20000,
  "loss": 0.917065441608429,
  "policy_loss": 0.916142463684082,
  "value_loss": 0.000922950217500329
}
{
  "seed": 7848514677971124235,
  "steps": 36,
  "total_reward": 95.14000000000004,
  "chase_count": 4,
  "samples": 36,
  "episode": 1900,
  "replay_size": 20000,
  "loss": 0.9119010865688324,
  "policy_loss": 0.9103215634822845,
  "value_loss": 0.0015795337967574596
}
{
  "seed": 2665655649510469321,
  "steps": 29,
  "total_reward": 90.38000000000002,
  "chase_count": 5,
  "samples": 29,
  "episode": 1901,
  "replay_size": 20000,
  "loss": 0.9048713445663452,
  "policy_loss": 0.9037877321243286,
  "value_loss": 0.0010836338042281568
}
{
  "seed": 2332743309922336289,
  "steps": 29,
  "total_reward": 91.12000000000002,
  "chase_count": 5,
  "samples": 29,
  "episode": 1902,
  "replay_size": 20000,
  "loss": 0.8809525072574615,
  "policy_loss": 0.8798602521419525,
  "value_loss": 0.0010922637302428484
}
{
  "seed": 2589013256355267018,
  "steps": 28,
  "total_reward": 106.18,
  "chase_count": 5,
  "samples": 28,
  "episode": 1903,
  "replay_size": 20000,
  "loss": 0.8424232006072998,
  "policy_loss": 0.8414431512355804,
  "value_loss": 0.0009800421248655766
}
{
  "seed": 3687890074591096262,
  "steps": 29,
  "total_reward": 126.88000000000002,
  "chase_count": 2,
  "samples": 29,
  "episode": 1904,
  "replay_size": 20000,
  "loss": 0.9067998826503754,
  "policy_loss": 0.9059273600578308,
  "value_loss": 0.0008725424995645881
}
{
  "seed": 1308677366658666542,
  "steps": 28,
  "total_reward": 113.6,
  "chase_count": 5,
  "samples": 28,
  "episode": 1905,
  "replay_size": 20000,
  "loss": 0.7376198470592499,
  "policy_loss": 0.7365689873695374,
  "value_loss": 0.0010508785489946604
}
{
  "seed": 2990590179591189586,
  "steps": 30,
  "total_reward": 77.42000000000002,
  "chase_count": 5,
  "samples": 30,
  "episode": 1906,
  "replay_size": 20000,
  "loss": 0.7974690198898315,
  "policy_loss": 0.7963179647922516,
  "value_loss": 0.0011510541662573814
}
{
  "seed": 7961312298449911512,
  "steps": 35,
  "total_reward": 127.83000000000003,
  "chase_count": 3,
  "samples": 35,
  "episode": 1907,
  "replay_size": 20000,
  "loss": 0.939526230096817,
  "policy_loss": 0.9381051957607269,
  "value_loss": 0.0014210421359166503
}
{
  "seed": 1713573257302784436,
  "steps": 33,
  "total_reward": 96.14000000000001,
  "chase_count": 4,
  "samples": 33,
  "episode": 1908,
  "replay_size": 20000,
  "loss": 0.8036647737026215,
  "policy_loss": 0.8028275072574615,
  "value_loss": 0.0008372612064704299
}
{
  "seed": 6724125301987139648,
  "steps": 30,
  "total_reward": 68.98,
  "chase_count": 5,
  "samples": 30,
  "episode": 1909,
  "replay_size": 20000,
  "loss": 0.913697749376297,
  "policy_loss": 0.9122973680496216,
  "value_loss": 0.0014003705000504851
}
{
  "seed": 7527340778982488538,
  "steps": 36,
  "total_reward": 104.46000000000002,
  "chase_count": 3,
  "samples": 36,
  "episode": 1910,
  "replay_size": 20000,
  "loss": 0.875827819108963,
  "policy_loss": 0.8748432695865631,
  "value_loss": 0.0009845301101449877
}
{
  "seed": 4963020900845686194,
  "steps": 35,
  "total_reward": 80.73000000000002,
  "chase_count": 4,
  "samples": 35,
  "episode": 1911,
  "replay_size": 20000,
  "loss": 0.8363600671291351,
  "policy_loss": 0.8349544405937195,
  "value_loss": 0.0014056310756132007
}
{
  "seed": 3145119596986494711,
  "steps": 34,
  "total_reward": 78.10000000000002,
  "chase_count": 4,
  "samples": 34,
  "episode": 1912,
  "replay_size": 20000,
  "loss": 0.8392804563045502,
  "policy_loss": 0.8381657898426056,
  "value_loss": 0.0011146589531563222
}
{
  "seed": 2028666251818552846,
  "steps": 31,
  "total_reward": 78.53,
  "chase_count": 5,
  "samples": 31,
  "episode": 1913,
  "replay_size": 20000,
  "loss": 0.8396015167236328,
  "policy_loss": 0.8388878107070923,
  "value_loss": 0.0007137011562008411
}
{
  "seed": 9120624850505413041,
  "steps": 26,
  "total_reward": 86.29000000000002,
  "chase_count": 5,
  "samples": 26,
  "episode": 1914,
  "replay_size": 20000,
  "loss": 0.9707378149032593,
  "policy_loss": 0.9697492122650146,
  "value_loss": 0.0009886019688565284
}
{
  "seed": 1148342109148703175,
  "steps": 35,
  "total_reward": 91.82000000000002,
  "chase_count": 4,
  "samples": 35,
  "episode": 1915,
  "replay_size": 20000,
  "loss": 0.8589987456798553,
  "policy_loss": 0.8581041693687439,
  "value_loss": 0.0008945761946961284
}
{
  "seed": 5607862367293719957,
  "steps": 31,
  "total_reward": 87.23,
  "chase_count": 4,
  "samples": 31,
  "episode": 1916,
  "replay_size": 20000,
  "loss": 0.760091096162796,
  "policy_loss": 0.7588445544242859,
  "value_loss": 0.001246520841959864
}
{
  "seed": 7148163110257595546,
  "steps": 34,
  "total_reward": 69.35000000000002,
  "chase_count": 5,
  "samples": 34,
  "episode": 1917,
  "replay_size": 20000,
  "loss": 0.85361447930336,
  "policy_loss": 0.8523649871349335,
  "value_loss": 0.0012494884431362152
}
{
  "seed": 1063875007442694033,
  "steps": 29,
  "total_reward": 112.91,
  "chase_count": 5,
  "samples": 29,
  "episode": 1918,
  "replay_size": 20000,
  "loss": 0.8486846685409546,
  "policy_loss": 0.847644180059433,
  "value_loss": 0.0010405010834801942
}
{
  "seed": 7497993574788843869,
  "steps": 33,
  "total_reward": 96.45000000000002,
  "chase_count": 4,
  "samples": 33,
  "episode": 1919,
  "replay_size": 20000,
  "loss": 0.8511044383049011,
  "policy_loss": 0.8494652807712555,
  "value_loss": 0.0016391591052524745
}
{
  "seed": 3607974304563549134,
  "steps": 38,
  "total_reward": 69.21000000000001,
  "chase_count": 4,
  "samples": 38,
  "episode": 1920,
  "replay_size": 20000,
  "loss": 0.9090814888477325,
  "policy_loss": 0.9078098237514496,
  "value_loss": 0.0012716625351458788
}
{
  "seed": 2692761769989532842,
  "steps": 29,
  "total_reward": 73.05000000000001,
  "chase_count": 4,
  "samples": 29,
  "episode": 1921,
  "replay_size": 20000,
  "loss": 0.880428284406662,
  "policy_loss": 0.8795729279518127,
  "value_loss": 0.000855369376949966
}
{
  "seed": 6362250862147466497,
  "steps": 34,
  "total_reward": 81.12000000000003,
  "chase_count": 4,
  "samples": 34,
  "episode": 1922,
  "replay_size": 20000,
  "loss": 0.8350255489349365,
  "policy_loss": 0.8336027562618256,
  "value_loss": 0.001422769040800631
}
{
  "seed": 3168066341715619672,
  "steps": 28,
  "total_reward": 84.18,
  "chase_count": 5,
  "samples": 28,
  "episode": 1923,
  "replay_size": 20000,
  "loss": 0.9095260798931122,
  "policy_loss": 0.9085279107093811,
  "value_loss": 0.0009981736948248
}
{
  "seed": 9026372393754464755,
  "steps": 33,
  "total_reward": 82.54000000000002,
  "chase_count": 5,
  "samples": 33,
  "episode": 1924,
  "replay_size": 20000,
  "loss": 0.8451234102249146,
  "policy_loss": 0.8442313075065613,
  "value_loss": 0.0008921049011405557
}
{
  "seed": 1217370236237663210,
  "steps": 31,
  "total_reward": 95.78,
  "chase_count": 5,
  "samples": 31,
  "episode": 1925,
  "replay_size": 20000,
  "loss": 0.9055597186088562,
  "policy_loss": 0.9041770100593567,
  "value_loss": 0.001382703019771725
}
{
  "seed": 4040613267179396345,
  "steps": 27,
  "total_reward": 87.73000000000002,
  "chase_count": 4,
  "samples": 27,
  "episode": 1926,
  "replay_size": 20000,
  "loss": 0.7721754908561707,
  "policy_loss": 0.7710157632827759,
  "value_loss": 0.0011597286211326718
}
{
  "seed": 2598165076161878684,
  "steps": 33,
  "total_reward": 73.3,
  "chase_count": 5,
  "samples": 33,
  "episode": 1927,
  "replay_size": 20000,
  "loss": 0.8290877044200897,
  "policy_loss": 0.8280468881130219,
  "value_loss": 0.0010408148227725178
}
{
  "seed": 4606831096692604908,
  "steps": 38,
  "total_reward": 98.15000000000002,
  "chase_count": 4,
  "samples": 38,
  "episode": 1928,
  "replay_size": 20000,
  "loss": 0.8100242018699646,
  "policy_loss": 0.8089093267917633,
  "value_loss": 0.0011148775811307132
}
{
  "seed": 5192979125940148151,
  "steps": 34,
  "total_reward": 112.41000000000001,
  "chase_count": 4,
  "samples": 34,
  "episode": 1929,
  "replay_size": 20000,
  "loss": 0.8259458243846893,
  "policy_loss": 0.8241551518440247,
  "value_loss": 0.0017906824359670281
}
{
  "seed": 1139317001062399894,
  "steps": 32,
  "total_reward": 102.48000000000003,
  "chase_count": 4,
  "samples": 32,
  "episode": 1930,
  "replay_size": 20000,
  "loss": 0.8919908404350281,
  "policy_loss": 0.8906334340572357,
  "value_loss": 0.0013574025360867381
}
{
  "seed": 1973873277453186902,
  "steps": 37,
  "total_reward": 107.40000000000003,
  "chase_count": 5,
  "samples": 37,
  "episode": 1931,
  "replay_size": 20000,
  "loss": 0.8757333755493164,
  "policy_loss": 0.874335527420044,
  "value_loss": 0.0013978645438328385
}
{
  "seed": 7232979648324403995,
  "steps": 25,
  "total_reward": 86.14,
  "chase_count": 4,
  "samples": 25,
  "episode": 1932,
  "replay_size": 20000,
  "loss": 0.777074009180069,
  "policy_loss": 0.7758963406085968,
  "value_loss": 0.001177665835712105
}
{
  "seed": 2942461029760387484,
  "steps": 30,
  "total_reward": 92.12,
  "chase_count": 5,
  "samples": 30,
  "episode": 1933,
  "replay_size": 20000,
  "loss": 0.7954376041889191,
  "policy_loss": 0.7941897213459015,
  "value_loss": 0.0012478764401748776
}
{
  "seed": 394202359333261291,
  "steps": 31,
  "total_reward": 125.13000000000002,
  "chase_count": 3,
  "samples": 31,
  "episode": 1934,
  "replay_size": 20000,
  "loss": 0.8004326820373535,
  "policy_loss": 0.7989882230758667,
  "value_loss": 0.0014444610569626093
}
{
  "seed": 7420243714709099762,
  "steps": 32,
  "total_reward": 105.06000000000003,
  "chase_count": 3,
  "samples": 32,
  "episode": 1935,
  "replay_size": 20000,
  "loss": 0.8016524612903595,
  "policy_loss": 0.8001939356327057,
  "value_loss": 0.001458524726331234
}
{
  "seed": 6078279559280609882,
  "steps": 35,
  "total_reward": 72.00999999999999,
  "chase_count": 5,
  "samples": 35,
  "episode": 1936,
  "replay_size": 20000,
  "loss": 0.8800033032894135,
  "policy_loss": 0.878749430179596,
  "value_loss": 0.0012538720620796084
}
{
  "seed": 2279151527329103595,
  "steps": 38,
  "total_reward": 131.66000000000003,
  "chase_count": 3,
  "samples": 38,
  "episode": 1937,
  "replay_size": 20000,
  "loss": 0.8666954040527344,
  "policy_loss": 0.8653086721897125,
  "value_loss": 0.0013867361703887582
}
{
  "seed": 2322315639693384027,
  "steps": 35,
  "total_reward": 83.04000000000002,
  "chase_count": 5,
  "samples": 35,
  "episode": 1938,
  "replay_size": 20000,
  "loss": 0.8281769454479218,
  "policy_loss": 0.8270987272262573,
  "value_loss": 0.0010782090539578348
}
{
  "seed": 3922883572618081043,
  "steps": 29,
  "total_reward": 89.40000000000002,
  "chase_count": 4,
  "samples": 29,
  "episode": 1939,
  "replay_size": 20000,
  "loss": 0.7117275893688202,
  "policy_loss": 0.7105441987514496,
  "value_loss": 0.0011833966127596796
}
{
  "seed": 6234382537559862031,
  "steps": 31,
  "total_reward": 74.52,
  "chase_count": 5,
  "samples": 31,
  "episode": 1940,
  "replay_size": 20000,
  "loss": 0.960909366607666,
  "policy_loss": 0.9596463143825531,
  "value_loss": 0.0012630497221834958
}
{
  "seed": 5065941883948212297,
  "steps": 25,
  "total_reward": 97.15,
  "chase_count": 5,
  "samples": 25,
  "episode": 1941,
  "replay_size": 20000,
  "loss": 0.8727362751960754,
  "policy_loss": 0.870494931936264,
  "value_loss": 0.0022413410479202867
}
{
  "seed": 946366781407820785,
  "steps": 31,
  "total_reward": 73.23,
  "chase_count": 5,
  "samples": 31,
  "episode": 1942,
  "replay_size": 20000,
  "loss": 0.733034759759903,
  "policy_loss": 0.7316135764122009,
  "value_loss": 0.0014211608504410833
}
{
  "seed": 1215680941617484269,
  "steps": 37,
  "total_reward": 81.33000000000001,
  "chase_count": 5,
  "samples": 37,
  "episode": 1943,
  "replay_size": 20000,
  "loss": 0.7725061774253845,
  "policy_loss": 0.7712483406066895,
  "value_loss": 0.0012578268069773912
}
{
  "seed": 5537706379444750122,
  "steps": 27,
  "total_reward": 69.7,
  "chase_count": 5,
  "samples": 27,
  "episode": 1944,
  "replay_size": 20000,
  "loss": 0.8432640135288239,
  "policy_loss": 0.841254711151123,
  "value_loss": 0.00200931349536404
}
{
  "seed": 7400724056306421293,
  "steps": 30,
  "total_reward": 84.0,
  "chase_count": 5,
  "samples": 30,
  "episode": 1945,
  "replay_size": 20000,
  "loss": 0.8904812932014465,
  "policy_loss": 0.889272540807724,
  "value_loss": 0.0012087311479263008
}
{
  "seed": 5430983686172750563,
  "steps": 26,
  "total_reward": 89.58000000000001,
  "chase_count": 4,
  "samples": 26,
  "episode": 1946,
  "replay_size": 20000,
  "loss": 0.8310985267162323,
  "policy_loss": 0.8297573328018188,
  "value_loss": 0.0013412102707661688
}
{
  "seed": 3486552239202600207,
  "steps": 31,
  "total_reward": 99.04000000000002,
  "chase_count": 4,
  "samples": 31,
  "episode": 1947,
  "replay_size": 20000,
  "loss": 0.8351887464523315,
  "policy_loss": 0.8340945541858673,
  "value_loss": 0.0010942111839540303
}
{
  "seed": 6220884144662184755,
  "steps": 30,
  "total_reward": 78.93000000000002,
  "chase_count": 5,
  "samples": 30,
  "episode": 1948,
  "replay_size": 20000,
  "loss": 0.8543283343315125,
  "policy_loss": 0.8529709875583649,
  "value_loss": 0.0013573511387221515
}
{
  "seed": 8707866016400271353,
  "steps": 26,
  "total_reward": 85.66000000000001,
  "chase_count": 5,
  "samples": 26,
  "episode": 1949,
  "replay_size": 20000,
  "loss": 0.7746644616127014,
  "policy_loss": 0.7734259068965912,
  "value_loss": 0.001238538301549852
}
{
  "seed": 6853734675158172549,
  "steps": 39,
  "total_reward": 102.21000000000001,
  "chase_count": 3,
  "samples": 39,
  "episode": 1950,
  "replay_size": 20000,
  "loss": 0.8705710768699646,
  "policy_loss": 0.8694780170917511,
  "value_loss": 0.0010930559074040502
}
{
  "seed": 6159106634890330959,
  "steps": 28,
  "total_reward": 105.72000000000003,
  "chase_count": 4,
  "samples": 28,
  "episode": 1951,
  "replay_size": 20000,
  "loss": 0.804970920085907,
  "policy_loss": 0.8033760488033295,
  "value_loss": 0.001594881759956479
}
{
  "seed": 2574444447747876027,
  "steps": 24,
  "total_reward": 88.17000000000002,
  "chase_count": 5,
  "samples": 24,
  "episode": 1952,
  "replay_size": 20000,
  "loss": 0.8454682230949402,
  "policy_loss": 0.8442454636096954,
  "value_loss": 0.0012227700790390372
}
{
  "seed": 7827664672452540410,
  "steps": 35,
  "total_reward": 66.83,
  "chase_count": 5,
  "samples": 35,
  "episode": 1953,
  "replay_size": 20000,
  "loss": 0.8463321626186371,
  "policy_loss": 0.8449673056602478,
  "value_loss": 0.001364859112072736
}
{
  "seed": 7939909203262133909,
  "steps": 36,
  "total_reward": 68.1,
  "chase_count": 5,
  "samples": 36,
  "episode": 1954,
  "replay_size": 20000,
  "loss": 0.8748807013034821,
  "policy_loss": 0.8738848268985748,
  "value_loss": 0.0009958657901734114
}
{
  "seed": 2202307601097235064,
  "steps": 31,
  "total_reward": 72.63000000000001,
  "chase_count": 4,
  "samples": 31,
  "episode": 1955,
  "replay_size": 20000,
  "loss": 0.9613140523433685,
  "policy_loss": 0.9599353969097137,
  "value_loss": 0.0013786434719804674
}
{
  "seed": 2128493824557521815,
  "steps": 39,
  "total_reward": 87.96000000000004,
  "chase_count": 4,
  "samples": 39,
  "episode": 1956,
  "replay_size": 20000,
  "loss": 0.8576630055904388,
  "policy_loss": 0.8556200861930847,
  "value_loss": 0.0020429266151040792
}
{
  "seed": 2045329569858277289,
  "steps": 27,
  "total_reward": 74.00000000000003,
  "chase_count": 3,
  "samples": 27,
  "episode": 1957,
  "replay_size": 20000,
  "loss": 0.8484637439250946,
  "policy_loss": 0.8473209142684937,
  "value_loss": 0.0011428360012359917
}
{
  "seed": 7876012071247836596,
  "steps": 33,
  "total_reward": 80.34,
  "chase_count": 4,
  "samples": 33,
  "episode": 1958,
  "replay_size": 20000,
  "loss": 0.8400614559650421,
  "policy_loss": 0.8384541571140289,
  "value_loss": 0.0016073021106421947
}
{
  "seed": 5053320465802147470,
  "steps": 26,
  "total_reward": 70.83000000000001,
  "chase_count": 5,
  "samples": 26,
  "episode": 1959,
  "replay_size": 20000,
  "loss": 0.8309713900089264,
  "policy_loss": 0.8298512995243073,
  "value_loss": 0.0011200974113307893
}
{
  "seed": 4383371900627788824,
  "steps": 32,
  "total_reward": 92.54000000000002,
  "chase_count": 5,
  "samples": 32,
  "episode": 1960,
  "replay_size": 20000,
  "loss": 0.955209493637085,
  "policy_loss": 0.9536552131175995,
  "value_loss": 0.0015542841283604503
}
{
  "seed": 4574579807920690166,
  "steps": 28,
  "total_reward": 81.91000000000003,
  "chase_count": 5,
  "samples": 28,
  "episode": 1961,
  "replay_size": 20000,
  "loss": 0.867490142583847,
  "policy_loss": 0.8664065003395081,
  "value_loss": 0.0010836235305760056
}
{
  "seed": 945348968817812860,
  "steps": 31,
  "total_reward": 98.80000000000001,
  "chase_count": 5,
  "samples": 31,
  "episode": 1962,
  "replay_size": 20000,
  "loss": 0.8983328342437744,
  "policy_loss": 0.897128701210022,
  "value_loss": 0.0012041165318805724
}
{
  "seed": 2782501665265669904,
  "steps": 37,
  "total_reward": 99.20000000000003,
  "chase_count": 3,
  "samples": 37,
  "episode": 1963,
  "replay_size": 20000,
  "loss": 0.8164353668689728,
  "policy_loss": 0.8154778480529785,
  "value_loss": 0.000957508891588077
}
{
  "seed": 5270901793846534407,
  "steps": 31,
  "total_reward": 105.9,
  "chase_count": 4,
  "samples": 31,
  "episode": 1964,
  "replay_size": 20000,
  "loss": 0.7888010144233704,
  "policy_loss": 0.7878770530223846,
  "value_loss": 0.000923964980756864
}
{
  "seed": 4283797119718356892,
  "steps": 35,
  "total_reward": 110.08000000000001,
  "chase_count": 4,
  "samples": 35,
  "episode": 1965,
  "replay_size": 20000,
  "loss": 0.9070453643798828,
  "policy_loss": 0.9061612784862518,
  "value_loss": 0.0008840661612339318
}
{
  "seed": 7979791505847941195,
  "steps": 28,
  "total_reward": 86.99000000000001,
  "chase_count": 5,
  "samples": 28,
  "episode": 1966,
  "replay_size": 20000,
  "loss": 0.8197866678237915,
  "policy_loss": 0.8189219832420349,
  "value_loss": 0.0008646674104966223
}
{
  "seed": 7445719487829899336,
  "steps": 34,
  "total_reward": 72.16,
  "chase_count": 5,
  "samples": 34,
  "episode": 1967,
  "replay_size": 20000,
  "loss": 0.9184583127498627,
  "policy_loss": 0.9169869124889374,
  "value_loss": 0.001471405557822436
}
{
  "seed": 5310396392703461674,
  "steps": 29,
  "total_reward": 93.97000000000001,
  "chase_count": 5,
  "samples": 29,
  "episode": 1968,
  "replay_size": 20000,
  "loss": 0.923353374004364,
  "policy_loss": 0.9222796857357025,
  "value_loss": 0.0010736728145275265
}
{
  "seed": 4791460724423152430,
  "steps": 20,
  "total_reward": 86.36000000000001,
  "chase_count": 5,
  "samples": 20,
  "episode": 1969,
  "replay_size": 20000,
  "loss": 0.8333693146705627,
  "policy_loss": 0.8321151733398438,
  "value_loss": 0.0012541576870717108
}
{
  "seed": 1202007190762379506,
  "steps": 34,
  "total_reward": 95.43,
  "chase_count": 5,
  "samples": 34,
  "episode": 1970,
  "replay_size": 20000,
  "loss": 0.8321583271026611,
  "policy_loss": 0.8308253586292267,
  "value_loss": 0.0013329947250895202
}
{
  "seed": 1788572731049866491,
  "steps": 32,
  "total_reward": 88.42000000000002,
  "chase_count": 4,
  "samples": 32,
  "episode": 1971,
  "replay_size": 20000,
  "loss": 0.763542652130127,
  "policy_loss": 0.7620466947555542,
  "value_loss": 0.0014959565596655011
}
{
  "seed": 8933161646326530091,
  "steps": 34,
  "total_reward": 102.91,
  "chase_count": 2,
  "samples": 34,
  "episode": 1972,
  "replay_size": 20000,
  "loss": 0.8321127593517303,
  "policy_loss": 0.8311993479728699,
  "value_loss": 0.0009134155116043985
}
{
  "seed": 3594411947781221706,
  "steps": 27,
  "total_reward": 85.43,
  "chase_count": 5,
  "samples": 27,
  "episode": 1973,
  "replay_size": 20000,
  "loss": 0.7279866337776184,
  "policy_loss": 0.7262910306453705,
  "value_loss": 0.0016955960891209543
}
{
  "seed": 3601248648123829419,
  "steps": 31,
  "total_reward": 99.76000000000002,
  "chase_count": 5,
  "samples": 31,
  "episode": 1974,
  "replay_size": 20000,
  "loss": 0.9404380023479462,
  "policy_loss": 0.93889981508255,
  "value_loss": 0.0015381809207610786
}
{
  "seed": 4409482628929049886,
  "steps": 32,
  "total_reward": 94.67000000000002,
  "chase_count": 4,
  "samples": 32,
  "episode": 1975,
  "replay_size": 20000,
  "loss": 0.8074209690093994,
  "policy_loss": 0.8064758777618408,
  "value_loss": 0.0009450706420466304
}
{
  "seed": 3161271961283614251,
  "steps": 35,
  "total_reward": 107.09000000000003,
  "chase_count": 4,
  "samples": 35,
  "episode": 1976,
  "replay_size": 20000,
  "loss": 0.9338459670543671,
  "policy_loss": 0.9331526160240173,
  "value_loss": 0.0006933831609785557
}
{
  "seed": 3862858094764067598,
  "steps": 29,
  "total_reward": 108.56000000000003,
  "chase_count": 5,
  "samples": 29,
  "episode": 1977,
  "replay_size": 20000,
  "loss": 0.7168431282043457,
  "policy_loss": 0.7159716486930847,
  "value_loss": 0.0008714541036169976
}
{
  "seed": 8825626364518451165,
  "steps": 34,
  "total_reward": 76.77000000000001,
  "chase_count": 4,
  "samples": 34,
  "episode": 1978,
  "replay_size": 20000,
  "loss": 0.9217242896556854,
  "policy_loss": 0.92027547955513,
  "value_loss": 0.0014488247106783092
}
{
  "seed": 5235762984679462987,
  "steps": 26,
  "total_reward": 79.97000000000001,
  "chase_count": 5,
  "samples": 26,
  "episode": 1979,
  "replay_size": 20000,
  "loss": 0.7987923622131348,
  "policy_loss": 0.7977277338504791,
  "value_loss": 0.0010646460577845573
}
{
  "seed": 57249993321202103,
  "steps": 33,
  "total_reward": 120.11000000000001,
  "chase_count": 3,
  "samples": 33,
  "episode": 1980,
  "replay_size": 20000,
  "loss": 0.8260837197303772,
  "policy_loss": 0.8250547349452972,
  "value_loss": 0.0010289842612110078
}
{
  "seed": 8563576155272278278,
  "steps": 24,
  "total_reward": 85.11000000000001,
  "chase_count": 5,
  "samples": 24,
  "episode": 1981,
  "replay_size": 20000,
  "loss": 0.9204357862472534,
  "policy_loss": 0.9192918837070465,
  "value_loss": 0.0011438970104791224
}
{
  "seed": 2234158859601516224,
  "steps": 29,
  "total_reward": 84.81000000000002,
  "chase_count": 5,
  "samples": 29,
  "episode": 1982,
  "replay_size": 20000,
  "loss": 0.7617653906345367,
  "policy_loss": 0.7609368860721588,
  "value_loss": 0.0008285075309686363
}
{
  "seed": 4562594263873753894,
  "steps": 35,
  "total_reward": 95.88000000000001,
  "chase_count": 4,
  "samples": 35,
  "episode": 1983,
  "replay_size": 20000,
  "loss": 0.9217483997344971,
  "policy_loss": 0.920392632484436,
  "value_loss": 0.0013557880884036422
}
{
  "seed": 5422663249419980047,
  "steps": 33,
  "total_reward": 90.52000000000001,
  "chase_count": 4,
  "samples": 33,
  "episode": 1984,
  "replay_size": 20000,
  "loss": 0.848074197769165,
  "policy_loss": 0.847181111574173,
  "value_loss": 0.0008931001066230237
}
{
  "seed": 6414112577317729805,
  "steps": 34,
  "total_reward": 96.10000000000002,
  "chase_count": 3,
  "samples": 34,
  "episode": 1985,
  "replay_size": 20000,
  "loss": 0.7903109788894653,
  "policy_loss": 0.7895484864711761,
  "value_loss": 0.0007625018188264221
}
{
  "seed": 9046168467038145084,
  "steps": 26,
  "total_reward": 92.21000000000001,
  "chase_count": 5,
  "samples": 26,
  "episode": 1986,
  "replay_size": 20000,
  "loss": 0.8355313241481781,
  "policy_loss": 0.8340850174427032,
  "value_loss": 0.0014463125262409449
}
{
  "seed": 14844318124442762,
  "steps": 31,
  "total_reward": 98.08000000000001,
  "chase_count": 4,
  "samples": 31,
  "episode": 1987,
  "replay_size": 20000,
  "loss": 0.8897476494312286,
  "policy_loss": 0.8883120715618134,
  "value_loss": 0.0014355845050886273
}
{
  "seed": 8343605151471206552,
  "steps": 43,
  "total_reward": 110.71000000000005,
  "chase_count": 4,
  "samples": 43,
  "episode": 1988,
  "replay_size": 20000,
  "loss": 0.9624934196472168,
  "policy_loss": 0.9613181054592133,
  "value_loss": 0.0011752951540984213
}
{
  "seed": 847206694000584160,
  "steps": 31,
  "total_reward": 104.17000000000003,
  "chase_count": 4,
  "samples": 31,
  "episode": 1989,
  "replay_size": 20000,
  "loss": 0.9721071422100067,
  "policy_loss": 0.970798134803772,
  "value_loss": 0.0013090192805975676
}
{
  "seed": 8680650994730538072,
  "steps": 28,
  "total_reward": 94.27000000000001,
  "chase_count": 4,
  "samples": 28,
  "episode": 1990,
  "replay_size": 20000,
  "loss": 0.8337066769599915,
  "policy_loss": 0.8320803046226501,
  "value_loss": 0.001626365992706269
}
{
  "seed": 35729806733841965,
  "steps": 36,
  "total_reward": 64.17999999999998,
  "chase_count": 4,
  "samples": 36,
  "episode": 1991,
  "replay_size": 20000,
  "loss": 0.8647667765617371,
  "policy_loss": 0.8634384572505951,
  "value_loss": 0.0013283172738738358
}
{
  "seed": 3942870154032785796,
  "steps": 29,
  "total_reward": 75.41000000000003,
  "chase_count": 4,
  "samples": 29,
  "episode": 1992,
  "replay_size": 20000,
  "loss": 0.8575830459594727,
  "policy_loss": 0.8566561937332153,
  "value_loss": 0.0009268556605093181
}
{
  "seed": 7142282558823575376,
  "steps": 33,
  "total_reward": 117.81000000000003,
  "chase_count": 4,
  "samples": 33,
  "episode": 1993,
  "replay_size": 20000,
  "loss": 0.8246105313301086,
  "policy_loss": 0.8234068751335144,
  "value_loss": 0.0012036351836286485
}
{
  "seed": 7938336805103110401,
  "steps": 29,
  "total_reward": 101.19999999999999,
  "chase_count": 4,
  "samples": 29,
  "episode": 1994,
  "replay_size": 20000,
  "loss": 0.9080521762371063,
  "policy_loss": 0.906776636838913,
  "value_loss": 0.0012755312491208315
}
{
  "seed": 7088366303659540884,
  "steps": 32,
  "total_reward": 125.07000000000002,
  "chase_count": 5,
  "samples": 32,
  "episode": 1995,
  "replay_size": 20000,
  "loss": 0.7903168797492981,
  "policy_loss": 0.7890776097774506,
  "value_loss": 0.0012392671778798103
}
{
  "seed": 4287737980814870100,
  "steps": 27,
  "total_reward": 82.1,
  "chase_count": 5,
  "samples": 27,
  "episode": 1996,
  "replay_size": 20000,
  "loss": 0.8442595303058624,
  "policy_loss": 0.8432469367980957,
  "value_loss": 0.001012605440337211
}
{
  "seed": 2062909775956333646,
  "steps": 29,
  "total_reward": 75.03,
  "chase_count": 5,
  "samples": 29,
  "episode": 1997,
  "replay_size": 20000,
  "loss": 0.8885242640972137,
  "policy_loss": 0.8868498802185059,
  "value_loss": 0.001674391038250178
}
{
  "seed": 7160271285988323599,
  "steps": 34,
  "total_reward": 100.22000000000003,
  "chase_count": 4,
  "samples": 34,
  "episode": 1998,
  "replay_size": 20000,
  "loss": 0.9328612685203552,
  "policy_loss": 0.9316126108169556,
  "value_loss": 0.0012486762716434896
}
{
  "seed": 2198511256257710307,
  "steps": 31,
  "total_reward": 61.0,
  "chase_count": 5,
  "samples": 31,
  "episode": 1999,
  "replay_size": 20000,
  "loss": 0.9586988389492035,
  "policy_loss": 0.957645446062088,
  "value_loss": 0.0010533884342294186
}
{
  "seed": 8864765831770045509,
  "steps": 35,
  "total_reward": 84.58000000000003,
  "chase_count": 4,
  "samples": 35,
  "episode": 2000,
  "replay_size": 20000,
  "loss": 0.7836609184741974,
  "policy_loss": 0.7822625935077667,
  "value_loss": 0.0013983166427351534
}
{
  "seed": 3635142414679647499,
  "steps": 32,
  "total_reward": 86.34000000000003,
  "chase_count": 4,
  "samples": 32,
  "episode": 2001,
  "replay_size": 20000,
  "loss": 0.8825704455375671,
  "policy_loss": 0.881029486656189,
  "value_loss": 0.0015409524785354733
}
{
  "seed": 3937059636293576196,
  "steps": 36,
  "total_reward": 95.49000000000004,
  "chase_count": 4,
  "samples": 36,
  "episode": 2002,
  "replay_size": 20000,
  "loss": 0.9300007820129395,
  "policy_loss": 0.9289738535881042,
  "value_loss": 0.0010269270569551736
}
{
  "seed": 4239235993761653342,
  "steps": 23,
  "total_reward": 92.84,
  "chase_count": 5,
  "samples": 23,
  "episode": 2003,
  "replay_size": 20000,
  "loss": 0.7964814901351929,
  "policy_loss": 0.7953086495399475,
  "value_loss": 0.0011728301760740578
}
{
  "seed": 6890660566747835679,
  "steps": 27,
  "total_reward": 90.66000000000001,
  "chase_count": 4,
  "samples": 27,
  "episode": 2004,
  "replay_size": 20000,
  "loss": 0.797062337398529,
  "policy_loss": 0.7956124544143677,
  "value_loss": 0.0014498610398732126
}
{
  "seed": 5510118648165872761,
  "steps": 30,
  "total_reward": 78.99000000000004,
  "chase_count": 5,
  "samples": 30,
  "episode": 2005,
  "replay_size": 20000,
  "loss": 0.8530227243900299,
  "policy_loss": 0.851995974779129,
  "value_loss": 0.0010267499892506748
}
{
  "seed": 3376126377350235438,
  "steps": 27,
  "total_reward": 81.26000000000003,
  "chase_count": 5,
  "samples": 27,
  "episode": 2006,
  "replay_size": 20000,
  "loss": 0.9200455546379089,
  "policy_loss": 0.9188133478164673,
  "value_loss": 0.001232202397659421
}
{
  "seed": 4886352037724883897,
  "steps": 31,
  "total_reward": 75.18000000000002,
  "chase_count": 5,
  "samples": 31,
  "episode": 2007,
  "replay_size": 20000,
  "loss": 0.8628589510917664,
  "policy_loss": 0.8617742657661438,
  "value_loss": 0.0010846830264199525
}
{
  "seed": 2220322492639742392,
  "steps": 29,
  "total_reward": 100.64000000000001,
  "chase_count": 5,
  "samples": 29,
  "episode": 2008,
  "replay_size": 20000,
  "loss": 0.9013644158840179,
  "policy_loss": 0.9001309871673584,
  "value_loss": 0.0012334170169197023
}
{
  "seed": 1774974433077298792,
  "steps": 32,
  "total_reward": 81.62,
  "chase_count": 4,
  "samples": 32,
  "episode": 2009,
  "replay_size": 20000,
  "loss": 0.7771895527839661,
  "policy_loss": 0.7754490077495575,
  "value_loss": 0.0017405470134690404
}
{
  "seed": 9175253510074068245,
  "steps": 37,
  "total_reward": 108.47,
  "chase_count": 5,
  "samples": 37,
  "episode": 2010,
  "replay_size": 20000,
  "loss": 0.7650664150714874,
  "policy_loss": 0.7641009986400604,
  "value_loss": 0.0009654272580519319
}
{
  "seed": 6239710519590954403,
  "steps": 36,
  "total_reward": 94.67000000000002,
  "chase_count": 4,
  "samples": 36,
  "episode": 2011,
  "replay_size": 20000,
  "loss": 0.808682918548584,
  "policy_loss": 0.8074594438076019,
  "value_loss": 0.0012234565801918507
}
{
  "seed": 7814384078478565989,
  "steps": 26,
  "total_reward": 100.48000000000002,
  "chase_count": 5,
  "samples": 26,
  "episode": 2012,
  "replay_size": 20000,
  "loss": 0.8424550592899323,
  "policy_loss": 0.8416537046432495,
  "value_loss": 0.0008013564220163971
}
{
  "seed": 188316322612838849,
  "steps": 33,
  "total_reward": 121.34000000000003,
  "chase_count": 5,
  "samples": 33,
  "episode": 2013,
  "replay_size": 20000,
  "loss": 0.8512204587459564,
  "policy_loss": 0.8495762944221497,
  "value_loss": 0.0016441626939922571
}
{
  "seed": 7431150200833507351,
  "steps": 32,
  "total_reward": 93.69000000000001,
  "chase_count": 5,
  "samples": 32,
  "episode": 2014,
  "replay_size": 20000,
  "loss": 0.8997410833835602,
  "policy_loss": 0.8983983993530273,
  "value_loss": 0.0013426669174805284
}
{
  "seed": 5596607210062250640,
  "steps": 25,
  "total_reward": 69.42999999999999,
  "chase_count": 5,
  "samples": 25,
  "episode": 2015,
  "replay_size": 20000,
  "loss": 0.8475004732608795,
  "policy_loss": 0.8462813198566437,
  "value_loss": 0.0012191529385745525
}
{
  "seed": 3757316248534796843,
  "steps": 29,
  "total_reward": 88.14000000000001,
  "chase_count": 5,
  "samples": 29,
  "episode": 2016,
  "replay_size": 20000,
  "loss": 0.8435982167720795,
  "policy_loss": 0.8419848680496216,
  "value_loss": 0.001613341155461967
}
{
  "seed": 5763293266861164049,
  "steps": 30,
  "total_reward": 93.88000000000001,
  "chase_count": 4,
  "samples": 30,
  "episode": 2017,
  "replay_size": 20000,
  "loss": 0.8648115992546082,
  "policy_loss": 0.8632571995258331,
  "value_loss": 0.001554409449454397
}
{
  "seed": 6714155100090119504,
  "steps": 36,
  "total_reward": 114.4,
  "chase_count": 4,
  "samples": 36,
  "episode": 2018,
  "replay_size": 20000,
  "loss": 0.9190704524517059,
  "policy_loss": 0.9177101254463196,
  "value_loss": 0.001360343536362052
}
{
  "seed": 7124288869218170520,
  "steps": 30,
  "total_reward": 101.15,
  "chase_count": 4,
  "samples": 30,
  "episode": 2019,
  "replay_size": 20000,
  "loss": 0.91141277551651,
  "policy_loss": 0.9095243215560913,
  "value_loss": 0.0018884536693803966
}
{
  "seed": 7099754031218524494,
  "steps": 34,
  "total_reward": 102.92000000000002,
  "chase_count": 4,
  "samples": 34,
  "episode": 2020,
  "replay_size": 20000,
  "loss": 0.9124824106693268,
  "policy_loss": 0.9107883870601654,
  "value_loss": 0.0016940193017944694
}
{
  "seed": 8289737101309094421,
  "steps": 34,
  "total_reward": 100.43000000000002,
  "chase_count": 4,
  "samples": 34,
  "episode": 2021,
  "replay_size": 20000,
  "loss": 0.9087323248386383,
  "policy_loss": 0.9075540006160736,
  "value_loss": 0.0011783124646171927
}
{
  "seed": 8806693242387877660,
  "steps": 31,
  "total_reward": 101.49000000000001,
  "chase_count": 5,
  "samples": 31,
  "episode": 2022,
  "replay_size": 20000,
  "loss": 0.8565066754817963,
  "policy_loss": 0.8555917739868164,
  "value_loss": 0.0009148873505182564
}
{
  "seed": 8690394776158436679,
  "steps": 30,
  "total_reward": 92.45000000000002,
  "chase_count": 5,
  "samples": 30,
  "episode": 2023,
  "replay_size": 20000,
  "loss": 0.8552728593349457,
  "policy_loss": 0.8540013432502747,
  "value_loss": 0.0012715165794361383
}
{
  "seed": 5717950236682431276,
  "steps": 42,
  "total_reward": 95.08000000000001,
  "chase_count": 4,
  "samples": 42,
  "episode": 2024,
  "replay_size": 20000,
  "loss": 0.7639353573322296,
  "policy_loss": 0.7629919648170471,
  "value_loss": 0.00094337243353948
}
{
  "seed": 376693917337667158,
  "steps": 33,
  "total_reward": 66.19,
  "chase_count": 5,
  "samples": 33,
  "episode": 2025,
  "replay_size": 20000,
  "loss": 0.8511925637722015,
  "policy_loss": 0.8498795926570892,
  "value_loss": 0.001312948646955192
}
{
  "seed": 4649157608870166989,
  "steps": 36,
  "total_reward": 113.28000000000004,
  "chase_count": 4,
  "samples": 36,
  "episode": 2026,
  "replay_size": 20000,
  "loss": 0.8454603850841522,
  "policy_loss": 0.8442637920379639,
  "value_loss": 0.001196617551613599
}
{
  "seed": 1442427314927620719,
  "steps": 32,
  "total_reward": 107.77000000000001,
  "chase_count": 4,
  "samples": 32,
  "episode": 2027,
  "replay_size": 20000,
  "loss": 0.7816058099269867,
  "policy_loss": 0.7800818681716919,
  "value_loss": 0.0015239426284097135
}
{
  "seed": 1342000033219592126,
  "steps": 29,
  "total_reward": 79.80000000000001,
  "chase_count": 5,
  "samples": 29,
  "episode": 2028,
  "replay_size": 20000,
  "loss": 0.8286546468734741,
  "policy_loss": 0.827435165643692,
  "value_loss": 0.001219466736074537
}
{
  "seed": 9874879177461979,
  "steps": 33,
  "total_reward": 75.18,
  "chase_count": 4,
  "samples": 33,
  "episode": 2029,
  "replay_size": 20000,
  "loss": 0.9227119386196136,
  "policy_loss": 0.9212057590484619,
  "value_loss": 0.0015061803860589862
}
{
  "seed": 3434184595525488702,
  "steps": 30,
  "total_reward": 98.96000000000002,
  "chase_count": 4,
  "samples": 30,
  "episode": 2030,
  "replay_size": 20000,
  "loss": 0.9484242796897888,
  "policy_loss": 0.9470108151435852,
  "value_loss": 0.0014134448720142245
}
{
  "seed": 4905530610779189160,
  "steps": 29,
  "total_reward": 100.21000000000004,
  "chase_count": 5,
  "samples": 29,
  "episode": 2031,
  "replay_size": 20000,
  "loss": 0.8164505958557129,
  "policy_loss": 0.8150143325328827,
  "value_loss": 0.0014362502261064947
}
{
  "seed": 4907459443295365065,
  "steps": 35,
  "total_reward": 122.73000000000003,
  "chase_count": 2,
  "samples": 35,
  "episode": 2032,
  "replay_size": 20000,
  "loss": 0.7794491648674011,
  "policy_loss": 0.7782422006130219,
  "value_loss": 0.0012069552903994918
}
{
  "seed": 787561016988303470,
  "steps": 38,
  "total_reward": 109.36000000000003,
  "chase_count": 4,
  "samples": 38,
  "episode": 2033,
  "replay_size": 20000,
  "loss": 0.7272913753986359,
  "policy_loss": 0.7261115610599518,
  "value_loss": 0.0011798247578553855
}
{
  "seed": 2799407074967773276,
  "steps": 30,
  "total_reward": 99.55000000000001,
  "chase_count": 5,
  "samples": 30,
  "episode": 2034,
  "replay_size": 20000,
  "loss": 0.8501727879047394,
  "policy_loss": 0.8491610884666443,
  "value_loss": 0.0010116861667484045
}
{
  "seed": 415095146025600272,
  "steps": 29,
  "total_reward": 101.54000000000003,
  "chase_count": 4,
  "samples": 29,
  "episode": 2035,
  "replay_size": 20000,
  "loss": 0.8681423366069794,
  "policy_loss": 0.8667181730270386,
  "value_loss": 0.0014241539756767452
}
{
  "seed": 7425190546547136589,
  "steps": 27,
  "total_reward": 75.38000000000001,
  "chase_count": 5,
  "samples": 27,
  "episode": 2036,
  "replay_size": 20000,
  "loss": 0.9117521643638611,
  "policy_loss": 0.9108203649520874,
  "value_loss": 0.0009318070369772613
}
{
  "seed": 776295393872752359,
  "steps": 29,
  "total_reward": 96.93,
  "chase_count": 3,
  "samples": 29,
  "episode": 2037,
  "replay_size": 20000,
  "loss": 0.7972021102905273,
  "policy_loss": 0.7959474325180054,
  "value_loss": 0.0012546608923003078
}
{
  "seed": 3623876923058751538,
  "steps": 38,
  "total_reward": 91.59000000000002,
  "chase_count": 5,
  "samples": 38,
  "episode": 2038,
  "replay_size": 20000,
  "loss": 0.9371535181999207,
  "policy_loss": 0.9360773861408234,
  "value_loss": 0.0010761164012365043
}
{
  "seed": 5710902689786472797,
  "steps": 33,
  "total_reward": 84.56000000000002,
  "chase_count": 4,
  "samples": 33,
  "episode": 2039,
  "replay_size": 20000,
  "loss": 0.9814650416374207,
  "policy_loss": 0.9803035259246826,
  "value_loss": 0.001161529216915369
}
{
  "seed": 6102833259151589060,
  "steps": 36,
  "total_reward": 106.35000000000004,
  "chase_count": 4,
  "samples": 36,
  "episode": 2040,
  "replay_size": 20000,
  "loss": 0.8756854236125946,
  "policy_loss": 0.8743392527103424,
  "value_loss": 0.0013461800990626216
}
{
  "seed": 2926947693517925981,
  "steps": 33,
  "total_reward": 70.71000000000001,
  "chase_count": 4,
  "samples": 33,
  "episode": 2041,
  "replay_size": 20000,
  "loss": 0.8671295940876007,
  "policy_loss": 0.8655081987380981,
  "value_loss": 0.001621419854927808
}
{
  "seed": 4103727217339460052,
  "steps": 30,
  "total_reward": 79.72000000000003,
  "chase_count": 5,
  "samples": 30,
  "episode": 2042,
  "replay_size": 20000,
  "loss": 0.863205075263977,
  "policy_loss": 0.8619816601276398,
  "value_loss": 0.0012234073365107179
}
{
  "seed": 8614310490283366765,
  "steps": 30,
  "total_reward": 83.74000000000001,
  "chase_count": 5,
  "samples": 30,
  "episode": 2043,
  "replay_size": 20000,
  "loss": 0.8932886719703674,
  "policy_loss": 0.891708642244339,
  "value_loss": 0.0015800509136170149
}
{
  "seed": 3319984816328723478,
  "steps": 38,
  "total_reward": 89.83000000000001,
  "chase_count": 4,
  "samples": 38,
  "episode": 2044,
  "replay_size": 20000,
  "loss": 0.9120218455791473,
  "policy_loss": 0.9104106426239014,
  "value_loss": 0.0016111981822177768
}
{
  "seed": 2691782348198153908,
  "steps": 36,
  "total_reward": 120.80000000000004,
  "chase_count": 3,
  "samples": 36,
  "episode": 2045,
  "replay_size": 20000,
  "loss": 0.8255926668643951,
  "policy_loss": 0.8239222466945648,
  "value_loss": 0.0016704206936992705
}
{
  "seed": 6178020191746533489,
  "steps": 36,
  "total_reward": 102.27000000000001,
  "chase_count": 4,
  "samples": 36,
  "episode": 2046,
  "replay_size": 20000,
  "loss": 0.8698252737522125,
  "policy_loss": 0.8688029944896698,
  "value_loss": 0.0010222781565971673
}
{
  "seed": 4784317155024552029,
  "steps": 31,
  "total_reward": 99.67000000000003,
  "chase_count": 4,
  "samples": 31,
  "episode": 2047,
  "replay_size": 20000,
  "loss": 0.7976381182670593,
  "policy_loss": 0.7967155575752258,
  "value_loss": 0.0009225747780874372
}
{
  "seed": 2432718051194036618,
  "steps": 34,
  "total_reward": 101.02000000000002,
  "chase_count": 3,
  "samples": 34,
  "episode": 2048,
  "replay_size": 20000,
  "loss": 0.8377600014209747,
  "policy_loss": 0.8366878032684326,
  "value_loss": 0.0010721974540501833
}
{
  "seed": 8959949189588549869,
  "steps": 31,
  "total_reward": 84.19999999999999,
  "chase_count": 5,
  "samples": 31,
  "episode": 2049,
  "replay_size": 20000,
  "loss": 0.7799420058727264,
  "policy_loss": 0.7782151401042938,
  "value_loss": 0.0017268654773943126
}
{
  "seed": 8814029495418009762,
  "steps": 27,
  "total_reward": 65.33000000000001,
  "chase_count": 5,
  "samples": 27,
  "episode": 2050,
  "replay_size": 20000,
  "loss": 0.8026753664016724,
  "policy_loss": 0.8014928996562958,
  "value_loss": 0.0011824722168967128
}
{
  "seed": 2013031646563349576,
  "steps": 35,
  "total_reward": 105.61000000000003,
  "chase_count": 5,
  "samples": 35,
  "episode": 2051,
  "replay_size": 20000,
  "loss": 0.8905222415924072,
  "policy_loss": 0.888833612203598,
  "value_loss": 0.001688626711256802
}
{
  "seed": 7448449435196811737,
  "steps": 35,
  "total_reward": 102.57000000000001,
  "chase_count": 4,
  "samples": 35,
  "episode": 2052,
  "replay_size": 20000,
  "loss": 0.820455938577652,
  "policy_loss": 0.8192436397075653,
  "value_loss": 0.0012122999760322273
}
{
  "seed": 3404252244080210827,
  "steps": 31,
  "total_reward": 113.52000000000002,
  "chase_count": 4,
  "samples": 31,
  "episode": 2053,
  "replay_size": 20000,
  "loss": 0.8128010034561157,
  "policy_loss": 0.811653196811676,
  "value_loss": 0.0011478130181785673
}
{
  "seed": 3800262852403165673,
  "steps": 37,
  "total_reward": 87.88000000000002,
  "chase_count": 5,
  "samples": 37,
  "episode": 2054,
  "replay_size": 20000,
  "loss": 0.8192419409751892,
  "policy_loss": 0.8178900480270386,
  "value_loss": 0.0013518866617232561
}
{
  "seed": 3836938668409357821,
  "steps": 28,
  "total_reward": 91.00999999999999,
  "chase_count": 5,
  "samples": 28,
  "episode": 2055,
  "replay_size": 20000,
  "loss": 0.851430207490921,
  "policy_loss": 0.8504754304885864,
  "value_loss": 0.0009547702211420983
}
{
  "seed": 8034782860414353988,
  "steps": 33,
  "total_reward": 90.96000000000001,
  "chase_count": 5,
  "samples": 33,
  "episode": 2056,
  "replay_size": 20000,
  "loss": 0.8761763870716095,
  "policy_loss": 0.8749382793903351,
  "value_loss": 0.001238114491570741
}
{
  "seed": 831820845434815224,
  "steps": 28,
  "total_reward": 109.72,
  "chase_count": 5,
  "samples": 28,
  "episode": 2057,
  "replay_size": 20000,
  "loss": 0.9653086066246033,
  "policy_loss": 0.9642291963100433,
  "value_loss": 0.0010794112749863416
}
{
  "seed": 2225799550000516752,
  "steps": 24,
  "total_reward": 69.72,
  "chase_count": 5,
  "samples": 24,
  "episode": 2058,
  "replay_size": 20000,
  "loss": 0.8984080851078033,
  "policy_loss": 0.8971172273159027,
  "value_loss": 0.0012908533681184053
}
{
  "seed": 8125606446605419149,
  "steps": 25,
  "total_reward": 66.93,
  "chase_count": 5,
  "samples": 25,
  "episode": 2059,
  "replay_size": 20000,
  "loss": 0.8649767339229584,
  "policy_loss": 0.8638642430305481,
  "value_loss": 0.0011124828015454113
}
{
  "seed": 8859655932023501559,
  "steps": 31,
  "total_reward": 98.15,
  "chase_count": 4,
  "samples": 31,
  "episode": 2060,
  "replay_size": 20000,
  "loss": 0.936245858669281,
  "policy_loss": 0.9353419840335846,
  "value_loss": 0.0009038868302013725
}
{
  "seed": 2229584261021455834,
  "steps": 29,
  "total_reward": 91.86000000000001,
  "chase_count": 5,
  "samples": 29,
  "episode": 2061,
  "replay_size": 20000,
  "loss": 0.8534091114997864,
  "policy_loss": 0.8519054651260376,
  "value_loss": 0.001503650622908026
}
{
  "seed": 3611372248572407943,
  "steps": 29,
  "total_reward": 60.989999999999995,
  "chase_count": 5,
  "samples": 29,
  "episode": 2062,
  "replay_size": 20000,
  "loss": 0.7983916699886322,
  "policy_loss": 0.797100841999054,
  "value_loss": 0.001290809886995703
}
{
  "seed": 5844949218771576824,
  "steps": 29,
  "total_reward": 102.76000000000002,
  "chase_count": 4,
  "samples": 29,
  "episode": 2063,
  "replay_size": 20000,
  "loss": 0.8866666555404663,
  "policy_loss": 0.8855514824390411,
  "value_loss": 0.0011151863436680287
}
{
  "seed": 6244388143950909788,
  "steps": 33,
  "total_reward": 91.39000000000001,
  "chase_count": 4,
  "samples": 33,
  "episode": 2064,
  "replay_size": 20000,
  "loss": 0.8787118196487427,
  "policy_loss": 0.8776433169841766,
  "value_loss": 0.0010685002780519426
}
{
  "seed": 9187596341431756195,
  "steps": 32,
  "total_reward": 82.7,
  "chase_count": 5,
  "samples": 32,
  "episode": 2065,
  "replay_size": 20000,
  "loss": 0.845784991979599,
  "policy_loss": 0.8446497023105621,
  "value_loss": 0.0011352842557244003
}
{
  "seed": 5636786934076601390,
  "steps": 35,
  "total_reward": 79.83999999999999,
  "chase_count": 5,
  "samples": 35,
  "episode": 2066,
  "replay_size": 20000,
  "loss": 0.7345428764820099,
  "policy_loss": 0.7333331108093262,
  "value_loss": 0.0012097645667381585
}
{
  "seed": 3089606139521003601,
  "steps": 32,
  "total_reward": 74.17000000000002,
  "chase_count": 5,
  "samples": 32,
  "episode": 2067,
  "replay_size": 20000,
  "loss": 0.7650392949581146,
  "policy_loss": 0.7639471292495728,
  "value_loss": 0.0010921804932877421
}
{
  "seed": 2952022986556510385,
  "steps": 30,
  "total_reward": 84.02000000000001,
  "chase_count": 4,
  "samples": 30,
  "episode": 2068,
  "replay_size": 20000,
  "loss": 0.8317756652832031,
  "policy_loss": 0.8304622769355774,
  "value_loss": 0.001313391316216439
}
{
  "seed": 2181196896975438118,
  "steps": 29,
  "total_reward": 75.11,
  "chase_count": 4,
  "samples": 29,
  "episode": 2069,
  "replay_size": 20000,
  "loss": 0.8898084163665771,
  "policy_loss": 0.8885880708694458,
  "value_loss": 0.001220342208398506
}
{
  "seed": 7827533083854434470,
  "steps": 32,
  "total_reward": 101.77000000000001,
  "chase_count": 5,
  "samples": 32,
  "episode": 2070,
  "replay_size": 20000,
  "loss": 0.8237720727920532,
  "policy_loss": 0.8223506212234497,
  "value_loss": 0.001421451976057142
}
{
  "seed": 1741851445996842844,
  "steps": 31,
  "total_reward": 85.56000000000003,
  "chase_count": 5,
  "samples": 31,
  "episode": 2071,
  "replay_size": 20000,
  "loss": 0.9437572062015533,
  "policy_loss": 0.9424172639846802,
  "value_loss": 0.0013399346207734197
}
{
  "seed": 6798487037190403059,
  "steps": 29,
  "total_reward": 88.25000000000001,
  "chase_count": 5,
  "samples": 29,
  "episode": 2072,
  "replay_size": 20000,
  "loss": 0.850043535232544,
  "policy_loss": 0.8487862050533295,
  "value_loss": 0.0012573407730087638
}
{
  "seed": 697357452248759128,
  "steps": 34,
  "total_reward": 130.65000000000003,
  "chase_count": 5,
  "samples": 34,
  "episode": 2073,
  "replay_size": 20000,
  "loss": 0.8362252712249756,
  "policy_loss": 0.8353081047534943,
  "value_loss": 0.0009171694400720298
}
{
  "seed": 2155168533127723243,
  "steps": 38,
  "total_reward": 116.28000000000006,
  "chase_count": 2,
  "samples": 38,
  "episode": 2074,
  "replay_size": 20000,
  "loss": 0.917560487985611,
  "policy_loss": 0.9165844619274139,
  "value_loss": 0.0009760090033523738
}
{
  "seed": 3513005540448047900,
  "steps": 29,
  "total_reward": 81.43000000000002,
  "chase_count": 5,
  "samples": 29,
  "episode": 2075,
  "replay_size": 20000,
  "loss": 0.8011170029640198,
  "policy_loss": 0.7999649047851562,
  "value_loss": 0.001152101787738502
}
{
  "seed": 9188107112089457657,
  "steps": 34,
  "total_reward": 127.60000000000002,
  "chase_count": 5,
  "samples": 34,
  "episode": 2076,
  "replay_size": 20000,
  "loss": 0.7195383012294769,
  "policy_loss": 0.718578040599823,
  "value_loss": 0.0009602510835975409
}
{
  "seed": 9018450687243758109,
  "steps": 29,
  "total_reward": 93.75000000000003,
  "chase_count": 5,
  "samples": 29,
  "episode": 2077,
  "replay_size": 20000,
  "loss": 0.8270018398761749,
  "policy_loss": 0.8259143233299255,
  "value_loss": 0.0010875103762373328
}
{
  "seed": 8502230689066301747,
  "steps": 29,
  "total_reward": 79.71,
  "chase_count": 5,
  "samples": 29,
  "episode": 2078,
  "replay_size": 20000,
  "loss": 0.8507381677627563,
  "policy_loss": 0.8497585952281952,
  "value_loss": 0.0009795821097213775
}
{
  "seed": 5107219052660078222,
  "steps": 35,
  "total_reward": 87.65000000000002,
  "chase_count": 4,
  "samples": 35,
  "episode": 2079,
  "replay_size": 20000,
  "loss": 0.8391146659851074,
  "policy_loss": 0.837906002998352,
  "value_loss": 0.0012086440692655742
}
{
  "seed": 5591115883395246,
  "steps": 38,
  "total_reward": 86.43,
  "chase_count": 4,
  "samples": 38,
  "episode": 2080,
  "replay_size": 20000,
  "loss": 0.8881256580352783,
  "policy_loss": 0.8869695067405701,
  "value_loss": 0.0011561706196516752
}
{
  "seed": 5197177574697022892,
  "steps": 29,
  "total_reward": 102.46000000000004,
  "chase_count": 3,
  "samples": 29,
  "episode": 2081,
  "replay_size": 20000,
  "loss": 0.8925626575946808,
  "policy_loss": 0.8914497494697571,
  "value_loss": 0.0011129032354801893
}
{
  "seed": 4089804190065655695,
  "steps": 29,
  "total_reward": 85.61999999999999,
  "chase_count": 5,
  "samples": 29,
  "episode": 2082,
  "replay_size": 20000,
  "loss": 0.824569821357727,
  "policy_loss": 0.8234622478485107,
  "value_loss": 0.0011075613438151777
}
{
  "seed": 2581703794400942116,
  "steps": 27,
  "total_reward": 72.71000000000001,
  "chase_count": 5,
  "samples": 27,
  "episode": 2083,
  "replay_size": 20000,
  "loss": 0.803789347410202,
  "policy_loss": 0.80287304520607,
  "value_loss": 0.0009162944625131786
}
{
  "seed": 8661369072918106910,
  "steps": 29,
  "total_reward": 89.15,
  "chase_count": 5,
  "samples": 29,
  "episode": 2084,
  "replay_size": 20000,
  "loss": 0.7465744018554688,
  "policy_loss": 0.7452423572540283,
  "value_loss": 0.0013320599682629108
}
{
  "seed": 645135411860499771,
  "steps": 28,
  "total_reward": 83.59,
  "chase_count": 5,
  "samples": 28,
  "episode": 2085,
  "replay_size": 20000,
  "loss": 0.8077115416526794,
  "policy_loss": 0.8064282834529877,
  "value_loss": 0.0012832378852181137
}
{
  "seed": 7365037716712169393,
  "steps": 38,
  "total_reward": 89.09,
  "chase_count": 5,
  "samples": 38,
  "episode": 2086,
  "replay_size": 20000,
  "loss": 0.8509447574615479,
  "policy_loss": 0.8497168123722076,
  "value_loss": 0.0012279264628887177
}
{
  "seed": 9083132261667045189,
  "steps": 28,
  "total_reward": 80.76000000000002,
  "chase_count": 5,
  "samples": 28,
  "episode": 2087,
  "replay_size": 20000,
  "loss": 0.8681749105453491,
  "policy_loss": 0.8668180704116821,
  "value_loss": 0.0013568279682658613
}
{
  "seed": 5726682920949633723,
  "steps": 34,
  "total_reward": 98.83000000000001,
  "chase_count": 5,
  "samples": 34,
  "episode": 2088,
  "replay_size": 20000,
  "loss": 0.8290469348430634,
  "policy_loss": 0.8279550671577454,
  "value_loss": 0.0010918512125499547
}
{
  "seed": 9215741113495694692,
  "steps": 29,
  "total_reward": 75.46000000000001,
  "chase_count": 5,
  "samples": 29,
  "episode": 2089,
  "replay_size": 20000,
  "loss": 0.796708345413208,
  "policy_loss": 0.7957535982131958,
  "value_loss": 0.000954770453972742
}
{
  "seed": 7401028379548820066,
  "steps": 33,
  "total_reward": 107.87000000000002,
  "chase_count": 4,
  "samples": 33,
  "episode": 2090,
  "replay_size": 20000,
  "loss": 0.9644151628017426,
  "policy_loss": 0.963163435459137,
  "value_loss": 0.0012517397990450263
}
{
  "seed": 8305179438178719199,
  "steps": 28,
  "total_reward": 98.32000000000002,
  "chase_count": 5,
  "samples": 28,
  "episode": 2091,
  "replay_size": 20000,
  "loss": 0.8632779717445374,
  "policy_loss": 0.8616969883441925,
  "value_loss": 0.0015809783362783492
}
{
  "seed": 6641467117797275993,
  "steps": 31,
  "total_reward": 93.34000000000003,
  "chase_count": 5,
  "samples": 31,
  "episode": 2092,
  "replay_size": 20000,
  "loss": 0.970834881067276,
  "policy_loss": 0.9698309600353241,
  "value_loss": 0.0010039012413471937
}
{
  "seed": 5173671559998845899,
  "steps": 33,
  "total_reward": 87.13000000000002,
  "chase_count": 5,
  "samples": 33,
  "episode": 2093,
  "replay_size": 20000,
  "loss": 0.8592309951782227,
  "policy_loss": 0.8583011031150818,
  "value_loss": 0.0009299195080529898
}
{
  "seed": 8498056542358647423,
  "steps": 41,
  "total_reward": 103.94000000000004,
  "chase_count": 5,
  "samples": 41,
  "episode": 2094,
  "replay_size": 20000,
  "loss": 0.8345514833927155,
  "policy_loss": 0.8333714604377747,
  "value_loss": 0.0011800106149166822
}
{
  "seed": 6140348097276148628,
  "steps": 37,
  "total_reward": 92.70000000000002,
  "chase_count": 4,
  "samples": 37,
  "episode": 2095,
  "replay_size": 20000,
  "loss": 0.9064796566963196,
  "policy_loss": 0.9055170714855194,
  "value_loss": 0.0009625812817830592
}
{
  "seed": 5392117614308264927,
  "steps": 25,
  "total_reward": 90.34,
  "chase_count": 5,
  "samples": 25,
  "episode": 2096,
  "replay_size": 20000,
  "loss": 0.7673709690570831,
  "policy_loss": 0.7660738229751587,
  "value_loss": 0.0012971482356078923
}
{
  "seed": 3243119476943476453,
  "steps": 32,
  "total_reward": 93.31,
  "chase_count": 5,
  "samples": 32,
  "episode": 2097,
  "replay_size": 20000,
  "loss": 0.8050356805324554,
  "policy_loss": 0.8037049770355225,
  "value_loss": 0.0013307041954249144
}
{
  "seed": 4925689251807032841,
  "steps": 32,
  "total_reward": 105.52000000000001,
  "chase_count": 5,
  "samples": 32,
  "episode": 2098,
  "replay_size": 20000,
  "loss": 0.8072527647018433,
  "policy_loss": 0.8060698807239532,
  "value_loss": 0.001182896870886907
}
{
  "seed": 1733249346553796267,
  "steps": 28,
  "total_reward": 72.32,
  "chase_count": 5,
  "samples": 28,
  "episode": 2099,
  "replay_size": 20000,
  "loss": 0.7835001051425934,
  "policy_loss": 0.7818674445152283,
  "value_loss": 0.001632677624002099
}
{
  "seed": 162985080608351780,
  "steps": 29,
  "total_reward": 90.03000000000002,
  "chase_count": 5,
  "samples": 29,
  "episode": 2100,
  "replay_size": 20000,
  "loss": 0.8978818953037262,
  "policy_loss": 0.8970041275024414,
  "value_loss": 0.0008777770271990448
}
{
  "seed": 712800106737509006,
  "steps": 28,
  "total_reward": 97.29000000000002,
  "chase_count": 5,
  "samples": 28,
  "episode": 2101,
  "replay_size": 20000,
  "loss": 0.8774851858615875,
  "policy_loss": 0.8762882649898529,
  "value_loss": 0.001196934375911951
}
{
  "seed": 6841327411439544061,
  "steps": 37,
  "total_reward": 102.99000000000005,
  "chase_count": 3,
  "samples": 37,
  "episode": 2102,
  "replay_size": 20000,
  "loss": 0.8915362358093262,
  "policy_loss": 0.8905370235443115,
  "value_loss": 0.0009992135455831885
}
{
  "seed": 498058858386763931,
  "steps": 25,
  "total_reward": 82.69999999999999,
  "chase_count": 5,
  "samples": 25,
  "episode": 2103,
  "replay_size": 20000,
  "loss": 0.7772868871688843,
  "policy_loss": 0.7759096920490265,
  "value_loss": 0.0013771720696240664
}
{
  "seed": 4352959929688161329,
  "steps": 38,
  "total_reward": 119.01000000000002,
  "chase_count": 3,
  "samples": 38,
  "episode": 2104,
  "replay_size": 20000,
  "loss": 0.8487074971199036,
  "policy_loss": 0.8470242917537689,
  "value_loss": 0.0016832122346386313
}
{
  "seed": 8442021382592386219,
  "steps": 31,
  "total_reward": 84.01000000000002,
  "chase_count": 4,
  "samples": 31,
  "episode": 2105,
  "replay_size": 20000,
  "loss": 0.8575818538665771,
  "policy_loss": 0.8567162454128265,
  "value_loss": 0.000865605688886717
}
{
  "seed": 7900550018205995406,
  "steps": 36,
  "total_reward": 89.86000000000001,
  "chase_count": 4,
  "samples": 36,
  "episode": 2106,
  "replay_size": 20000,
  "loss": 0.8678595125675201,
  "policy_loss": 0.8666203022003174,
  "value_loss": 0.0012392014032229781
}
{
  "seed": 5903413030357223612,
  "steps": 26,
  "total_reward": 85.02000000000001,
  "chase_count": 5,
  "samples": 26,
  "episode": 2107,
  "replay_size": 20000,
  "loss": 0.9045655131340027,
  "policy_loss": 0.9036325514316559,
  "value_loss": 0.0009329811437055469
}
{
  "seed": 3027211389895598320,
  "steps": 31,
  "total_reward": 72.64999999999999,
  "chase_count": 5,
  "samples": 31,
  "episode": 2108,
  "replay_size": 20000,
  "loss": 0.8792441189289093,
  "policy_loss": 0.8781097233295441,
  "value_loss": 0.0011344111408106983
}
{
  "seed": 1922126685089701988,
  "steps": 37,
  "total_reward": 109.66000000000005,
  "chase_count": 4,
  "samples": 37,
  "episode": 2109,
  "replay_size": 20000,
  "loss": 0.8262973725795746,
  "policy_loss": 0.8253828883171082,
  "value_loss": 0.0009144814102910459
}
{
  "seed": 6082321070922962745,
  "steps": 32,
  "total_reward": 84.03000000000002,
  "chase_count": 4,
  "samples": 32,
  "episode": 2110,
  "replay_size": 20000,
  "loss": 0.8242468535900116,
  "policy_loss": 0.8231590390205383,
  "value_loss": 0.0010878177417907864
}
{
  "seed": 4891628412007118745,
  "steps": 33,
  "total_reward": 101.35000000000002,
  "chase_count": 4,
  "samples": 33,
  "episode": 2111,
  "replay_size": 20000,
  "loss": 0.8928447365760803,
  "policy_loss": 0.8916219472885132,
  "value_loss": 0.0012227894039824605
}
{
  "seed": 1772715596846508255,
  "steps": 28,
  "total_reward": 77.70000000000002,
  "chase_count": 5,
  "samples": 28,
  "episode": 2112,
  "replay_size": 20000,
  "loss": 0.7930403053760529,
  "policy_loss": 0.7918816804885864,
  "value_loss": 0.0011586178443394601
}
{
  "seed": 5650225029586931030,
  "steps": 28,
  "total_reward": 89.54000000000002,
  "chase_count": 4,
  "samples": 28,
  "episode": 2113,
  "replay_size": 20000,
  "loss": 0.8781222999095917,
  "policy_loss": 0.8771118521690369,
  "value_loss": 0.0010104270768351853
}
{
  "seed": 3045797599852785736,
  "steps": 30,
  "total_reward": 102.3,
  "chase_count": 5,
  "samples": 30,
  "episode": 2114,
  "replay_size": 20000,
  "loss": 0.8613093197345734,
  "policy_loss": 0.8601600825786591,
  "value_loss": 0.0011492242338135839
}
{
  "seed": 33751843876698868,
  "steps": 24,
  "total_reward": 83.50000000000001,
  "chase_count": 5,
  "samples": 24,
  "episode": 2115,
  "replay_size": 20000,
  "loss": 0.8242839276790619,
  "policy_loss": 0.8230642974376678,
  "value_loss": 0.00121961603872478
}
{
  "seed": 2035941654228020140,
  "steps": 38,
  "total_reward": 105.91,
  "chase_count": 4,
  "samples": 38,
  "episode": 2116,
  "replay_size": 20000,
  "loss": 0.8697646856307983,
  "policy_loss": 0.8688333630561829,
  "value_loss": 0.000931321585085243
}
{
  "seed": 1852735313214160439,
  "steps": 27,
  "total_reward": 98.18,
  "chase_count": 4,
  "samples": 27,
  "episode": 2117,
  "replay_size": 20000,
  "loss": 0.8585975170135498,
  "policy_loss": 0.8574816882610321,
  "value_loss": 0.0011158306151628494
}
{
  "seed": 769783607220793921,
  "steps": 32,
  "total_reward": 120.01000000000002,
  "chase_count": 3,
  "samples": 32,
  "episode": 2118,
  "replay_size": 20000,
  "loss": 0.8481756150722504,
  "policy_loss": 0.8469796776771545,
  "value_loss": 0.0011959280236624181
}
{
  "seed": 3396928811301652322,
  "steps": 30,
  "total_reward": 100.69000000000001,
  "chase_count": 5,
  "samples": 30,
  "episode": 2119,
  "replay_size": 20000,
  "loss": 0.8675090372562408,
  "policy_loss": 0.8663684725761414,
  "value_loss": 0.0011405701516196132
}
{
  "seed": 8161160503684145901,
  "steps": 33,
  "total_reward": 82.60000000000002,
  "chase_count": 5,
  "samples": 33,
  "episode": 2120,
  "replay_size": 20000,
  "loss": 0.9091841578483582,
  "policy_loss": 0.9075826406478882,
  "value_loss": 0.0016015213914215565
}
{
  "seed": 7985729434084576400,
  "steps": 35,
  "total_reward": 86.72999999999999,
  "chase_count": 5,
  "samples": 35,
  "episode": 2121,
  "replay_size": 20000,
  "loss": 0.8023715317249298,
  "policy_loss": 0.8011795580387115,
  "value_loss": 0.0011919603566639125
}
{
  "seed": 6788192166441898174,
  "steps": 41,
  "total_reward": 85.83000000000001,
  "chase_count": 4,
  "samples": 41,
  "episode": 2122,
  "replay_size": 20000,
  "loss": 0.8553565740585327,
  "policy_loss": 0.8543439507484436,
  "value_loss": 0.001012611377518624
}
{
  "seed": 4587853550654948303,
  "steps": 28,
  "total_reward": 96.89,
  "chase_count": 4,
  "samples": 28,
  "episode": 2123,
  "replay_size": 20000,
  "loss": 0.9006394445896149,
  "policy_loss": 0.8995423913002014,
  "value_loss": 0.0010970553557854146
}
{
  "seed": 7784527552156188648,
  "steps": 37,
  "total_reward": 101.66000000000003,
  "chase_count": 5,
  "samples": 37,
  "episode": 2124,
  "replay_size": 20000,
  "loss": 0.983666330575943,
  "policy_loss": 0.9826615452766418,
  "value_loss": 0.0010047970281448215
}
{
  "seed": 3510810016491488899,
  "steps": 29,
  "total_reward": 88.68000000000002,
  "chase_count": 5,
  "samples": 29,
  "episode": 2125,
  "replay_size": 20000,
  "loss": 0.8307497799396515,
  "policy_loss": 0.8298299312591553,
  "value_loss": 0.0009198615443892777
}
{
  "seed": 29108559590382377,
  "steps": 33,
  "total_reward": 88.53,
  "chase_count": 5,
  "samples": 33,
  "episode": 2126,
  "replay_size": 20000,
  "loss": 0.8646042048931122,
  "policy_loss": 0.863347202539444,
  "value_loss": 0.0012570165854413062
}
{
  "seed": 3347598415440488880,
  "steps": 29,
  "total_reward": 90.81,
  "chase_count": 4,
  "samples": 29,
  "episode": 2127,
  "replay_size": 20000,
  "loss": 0.9099269509315491,
  "policy_loss": 0.9089012444019318,
  "value_loss": 0.0010257106041535735
}
{
  "seed": 1758362012120678488,
  "steps": 30,
  "total_reward": 89.32000000000002,
  "chase_count": 3,
  "samples": 30,
  "episode": 2128,
  "replay_size": 20000,
  "loss": 0.898570716381073,
  "policy_loss": 0.8977369368076324,
  "value_loss": 0.0008337676408700645
}
{
  "seed": 2909557113192802103,
  "steps": 29,
  "total_reward": 96.78,
  "chase_count": 5,
  "samples": 29,
  "episode": 2129,
  "replay_size": 20000,
  "loss": 0.7914727628231049,
  "policy_loss": 0.7904629409313202,
  "value_loss": 0.0010098022466991097
}
{
  "seed": 3319104251729400484,
  "steps": 35,
  "total_reward": 104.03000000000002,
  "chase_count": 5,
  "samples": 35,
  "episode": 2130,
  "replay_size": 20000,
  "loss": 0.8414947390556335,
  "policy_loss": 0.8406582474708557,
  "value_loss": 0.0008364998502656817
}
{
  "seed": 1295713197329776272,
  "steps": 33,
  "total_reward": 86.66000000000003,
  "chase_count": 5,
  "samples": 33,
  "episode": 2131,
  "replay_size": 20000,
  "loss": 0.8418161869049072,
  "policy_loss": 0.8406877815723419,
  "value_loss": 0.0011284025385975838
}
{
  "seed": 4524926059404931152,
  "steps": 32,
  "total_reward": 82.26000000000002,
  "chase_count": 5,
  "samples": 32,
  "episode": 2132,
  "replay_size": 20000,
  "loss": 0.8509754836559296,
  "policy_loss": 0.8499856293201447,
  "value_loss": 0.0009898679272737354
}
{
  "seed": 3463926324763889017,
  "steps": 34,
  "total_reward": 110.2,
  "chase_count": 5,
  "samples": 34,
  "episode": 2133,
  "replay_size": 20000,
  "loss": 0.7134521007537842,
  "policy_loss": 0.711962878704071,
  "value_loss": 0.00148920773062855
}
{
  "seed": 7159328793137844461,
  "steps": 30,
  "total_reward": 95.20000000000002,
  "chase_count": 5,
  "samples": 30,
  "episode": 2134,
  "replay_size": 20000,
  "loss": 0.8338737189769745,
  "policy_loss": 0.8327919840812683,
  "value_loss": 0.0010817305883392692
}
{
  "seed": 7639145134110280516,
  "steps": 28,
  "total_reward": 95.09,
  "chase_count": 5,
  "samples": 28,
  "episode": 2135,
  "replay_size": 20000,
  "loss": 0.8403995931148529,
  "policy_loss": 0.8389683365821838,
  "value_loss": 0.0014312536222860217
}
{
  "seed": 4258435661787368023,
  "steps": 33,
  "total_reward": 78.84,
  "chase_count": 5,
  "samples": 33,
  "episode": 2136,
  "replay_size": 20000,
  "loss": 0.8476141691207886,
  "policy_loss": 0.8465542793273926,
  "value_loss": 0.0010598785593174398
}
{
  "seed": 5747758817357146672,
  "steps": 30,
  "total_reward": 109.27000000000004,
  "chase_count": 5,
  "samples": 30,
  "episode": 2137,
  "replay_size": 20000,
  "loss": 0.8657564520835876,
  "policy_loss": 0.8643098473548889,
  "value_loss": 0.0014466224238276482
}
{
  "seed": 8892210058668521924,
  "steps": 31,
  "total_reward": 105.70000000000002,
  "chase_count": 3,
  "samples": 31,
  "episode": 2138,
  "replay_size": 20000,
  "loss": 0.9324648678302765,
  "policy_loss": 0.9312520921230316,
  "value_loss": 0.0012127790250815451
}
{
  "seed": 2188407449332214759,
  "steps": 30,
  "total_reward": 94.87,
  "chase_count": 4,
  "samples": 30,
  "episode": 2139,
  "replay_size": 20000,
  "loss": 0.9101614654064178,
  "policy_loss": 0.9087431728839874,
  "value_loss": 0.0014183076564222574
}
{
  "seed": 840005129047433716,
  "steps": 35,
  "total_reward": 127.61000000000001,
  "chase_count": 5,
  "samples": 35,
  "episode": 2140,
  "replay_size": 20000,
  "loss": 0.9001561403274536,
  "policy_loss": 0.8984411060810089,
  "value_loss": 0.0017150476924143732
}
{
  "seed": 5356614391401986669,
  "steps": 36,
  "total_reward": 112.87000000000003,
  "chase_count": 4,
  "samples": 36,
  "episode": 2141,
  "replay_size": 20000,
  "loss": 0.8807247281074524,
  "policy_loss": 0.8795475959777832,
  "value_loss": 0.0011771173449233174
}
{
  "seed": 6036615885752134234,
  "steps": 36,
  "total_reward": 107.64000000000003,
  "chase_count": 4,
  "samples": 36,
  "episode": 2142,
  "replay_size": 20000,
  "loss": 0.8785549700260162,
  "policy_loss": 0.8770183026790619,
  "value_loss": 0.0015366532024927437
}
{
  "seed": 5310815698519274411,
  "steps": 34,
  "total_reward": 80.74000000000001,
  "chase_count": 5,
  "samples": 34,
  "episode": 2143,
  "replay_size": 20000,
  "loss": 0.8041611909866333,
  "policy_loss": 0.8032809793949127,
  "value_loss": 0.0008802130469121039
}
{
  "seed": 8512498533247247859,
  "steps": 25,
  "total_reward": 98.85000000000001,
  "chase_count": 5,
  "samples": 25,
  "episode": 2144,
  "replay_size": 20000,
  "loss": 0.6437722444534302,
  "policy_loss": 0.6424384415149689,
  "value_loss": 0.0013338247663341463
}
{
  "seed": 6296306493909230748,
  "steps": 42,
  "total_reward": 108.89000000000003,
  "chase_count": 4,
  "samples": 42,
  "episode": 2145,
  "replay_size": 20000,
  "loss": 0.9223107695579529,
  "policy_loss": 0.9204331338405609,
  "value_loss": 0.0018776513170450926
}
{
  "seed": 1402064868934509935,
  "steps": 33,
  "total_reward": 86.39000000000001,
  "chase_count": 5,
  "samples": 33,
  "episode": 2146,
  "replay_size": 20000,
  "loss": 0.8250051438808441,
  "policy_loss": 0.8236168920993805,
  "value_loss": 0.0013882361236028373
}
{
  "seed": 7693263562192079190,
  "steps": 24,
  "total_reward": 77.94999999999999,
  "chase_count": 5,
  "samples": 24,
  "episode": 2147,
  "replay_size": 20000,
  "loss": 0.8647409379482269,
  "policy_loss": 0.8629956245422363,
  "value_loss": 0.0017453288310207427
}
{
  "seed": 3267229480014228467,
  "steps": 29,
  "total_reward": 82.67,
  "chase_count": 5,
  "samples": 29,
  "episode": 2148,
  "replay_size": 20000,
  "loss": 0.7814095914363861,
  "policy_loss": 0.7799199223518372,
  "value_loss": 0.0014896614593453705
}
{
  "seed": 2231486619241960436,
  "steps": 26,
  "total_reward": 95.33,
  "chase_count": 4,
  "samples": 26,
  "episode": 2149,
  "replay_size": 20000,
  "loss": 0.8383215367794037,
  "policy_loss": 0.8376363217830658,
  "value_loss": 0.0006852024816907942
}
{
  "seed": 6635154243423991767,
  "steps": 39,
  "total_reward": 110.95000000000002,
  "chase_count": 4,
  "samples": 39,
  "episode": 2150,
  "replay_size": 20000,
  "loss": 0.7934218347072601,
  "policy_loss": 0.7918568253517151,
  "value_loss": 0.001565005979500711
}
{
  "seed": 157424396902986420,
  "steps": 31,
  "total_reward": 89.05000000000001,
  "chase_count": 3,
  "samples": 31,
  "episode": 2151,
  "replay_size": 20000,
  "loss": 0.8519761264324188,
  "policy_loss": 0.8511818945407867,
  "value_loss": 0.0007942451920825988
}
{
  "seed": 5587804307401486156,
  "steps": 34,
  "total_reward": 88.26,
  "chase_count": 5,
  "samples": 34,
  "episode": 2152,
  "replay_size": 20000,
  "loss": 0.8744621872901917,
  "policy_loss": 0.8736371099948883,
  "value_loss": 0.0008250907121691853
}
{
  "seed": 7373419624878762095,
  "steps": 30,
  "total_reward": 93.25000000000001,
  "chase_count": 4,
  "samples": 30,
  "episode": 2153,
  "replay_size": 20000,
  "loss": 0.8040175437927246,
  "policy_loss": 0.802789956331253,
  "value_loss": 0.0012275924673303962
}
{
  "seed": 5450512346183288226,
  "steps": 29,
  "total_reward": 106.24000000000001,
  "chase_count": 5,
  "samples": 29,
  "episode": 2154,
  "replay_size": 20000,
  "loss": 0.8957730233669281,
  "policy_loss": 0.8947778046131134,
  "value_loss": 0.0009952085092663765
}
{
  "seed": 6053161298491592551,
  "steps": 28,
  "total_reward": 95.98000000000002,
  "chase_count": 5,
  "samples": 28,
  "episode": 2155,
  "replay_size": 20000,
  "loss": 0.837615042924881,
  "policy_loss": 0.8364033699035645,
  "value_loss": 0.0012116609141230583
}
{
  "seed": 6853693107937517537,
  "steps": 37,
  "total_reward": 108.31000000000002,
  "chase_count": 3,
  "samples": 37,
  "episode": 2156,
  "replay_size": 20000,
  "loss": 0.836654543876648,
  "policy_loss": 0.835565835237503,
  "value_loss": 0.0010887124517466873
}
{
  "seed": 6751146104096154115,
  "steps": 30,
  "total_reward": 104.14000000000003,
  "chase_count": 5,
  "samples": 30,
  "episode": 2157,
  "replay_size": 20000,
  "loss": 0.9319392442703247,
  "policy_loss": 0.9308862686157227,
  "value_loss": 0.0010529840656090528
}
{
  "seed": 6878358058955464775,
  "steps": 28,
  "total_reward": 85.13000000000002,
  "chase_count": 5,
  "samples": 28,
  "episode": 2158,
  "replay_size": 20000,
  "loss": 0.8276363909244537,
  "policy_loss": 0.8266972601413727,
  "value_loss": 0.0009391415806021541
}
{
  "seed": 5716152411981198067,
  "steps": 40,
  "total_reward": 98.73000000000002,
  "chase_count": 3,
  "samples": 40,
  "episode": 2159,
  "replay_size": 20000,
  "loss": 0.8104032576084137,
  "policy_loss": 0.8090502023696899,
  "value_loss": 0.0013530613505281508
}
{
  "seed": 5583663832809809178,
  "steps": 29,
  "total_reward": 82.67000000000002,
  "chase_count": 5,
  "samples": 29,
  "episode": 2160,
  "replay_size": 20000,
  "loss": 0.8847413063049316,
  "policy_loss": 0.883623868227005,
  "value_loss": 0.0011174151441082358
}
{
  "seed": 7270455549941797365,
  "steps": 29,
  "total_reward": 101.22000000000003,
  "chase_count": 5,
  "samples": 29,
  "episode": 2161,
  "replay_size": 20000,
  "loss": 0.793768972158432,
  "policy_loss": 0.7922640740871429,
  "value_loss": 0.0015049087232910097
}
{
  "seed": 516001457301873964,
  "steps": 27,
  "total_reward": 98.00000000000001,
  "chase_count": 5,
  "samples": 27,
  "episode": 2162,
  "replay_size": 20000,
  "loss": 0.8612435758113861,
  "policy_loss": 0.8599763512611389,
  "value_loss": 0.0012672029552049935
}
{
  "seed": 8907437570029957611,
  "steps": 32,
  "total_reward": 64.81,
  "chase_count": 5,
  "samples": 32,
  "episode": 2163,
  "replay_size": 20000,
  "loss": 0.7660397291183472,
  "policy_loss": 0.7647447288036346,
  "value_loss": 0.0012950124219059944
}
{
  "seed": 2002696411094866890,
  "steps": 26,
  "total_reward": 90.05,
  "chase_count": 5,
  "samples": 26,
  "episode": 2164,
  "replay_size": 20000,
  "loss": 0.842999666929245,
  "policy_loss": 0.841919481754303,
  "value_loss": 0.001080187619663775
}
{
  "seed": 5075380541993823746,
  "steps": 28,
  "total_reward": 95.19,
  "chase_count": 4,
  "samples": 28,
  "episode": 2165,
  "replay_size": 20000,
  "loss": 0.7459716200828552,
  "policy_loss": 0.7439737021923065,
  "value_loss": 0.001997906423639506
}
{
  "seed": 950728112933715891,
  "steps": 32,
  "total_reward": 95.37000000000002,
  "chase_count": 4,
  "samples": 32,
  "episode": 2166,
  "replay_size": 20000,
  "loss": 0.8841202557086945,
  "policy_loss": 0.8823042809963226,
  "value_loss": 0.0018159676692448556
}
{
  "seed": 7699446444228915647,
  "steps": 29,
  "total_reward": 96.69000000000003,
  "chase_count": 5,
  "samples": 29,
  "episode": 2167,
  "replay_size": 20000,
  "loss": 0.8270783424377441,
  "policy_loss": 0.8260222971439362,
  "value_loss": 0.0010560563241597265
}
{
  "seed": 4558458614163303253,
  "steps": 28,
  "total_reward": 86.64000000000001,
  "chase_count": 5,
  "samples": 28,
  "episode": 2168,
  "replay_size": 20000,
  "loss": 0.935653954744339,
  "policy_loss": 0.9346680641174316,
  "value_loss": 0.0009858917619567364
}
{
  "seed": 7684268481104767372,
  "steps": 35,
  "total_reward": 90.57000000000002,
  "chase_count": 4,
  "samples": 35,
  "episode": 2169,
  "replay_size": 20000,
  "loss": 0.7918909192085266,
  "policy_loss": 0.7910824418067932,
  "value_loss": 0.0008084627334028482
}
{
  "seed": 9184549345245385209,
  "steps": 26,
  "total_reward": 74.42000000000002,
  "chase_count": 5,
  "samples": 26,
  "episode": 2170,
  "replay_size": 20000,
  "loss": 0.7777500748634338,
  "policy_loss": 0.7769427597522736,
  "value_loss": 0.0008073161006905138
}
{
  "seed": 7167608126274234887,
  "steps": 32,
  "total_reward": 81.19000000000001,
  "chase_count": 5,
  "samples": 32,
  "episode": 2171,
  "replay_size": 20000,
  "loss": 0.876867264509201,
  "policy_loss": 0.8754201233386993,
  "value_loss": 0.0014471255708485842
}
{
  "seed": 4491258792955507,
  "steps": 33,
  "total_reward": 97.47000000000001,
  "chase_count": 4,
  "samples": 33,
  "episode": 2172,
  "replay_size": 20000,
  "loss": 0.8012551963329315,
  "policy_loss": 0.799717128276825,
  "value_loss": 0.0015380518743768334
}
{
  "seed": 5198369920129688794,
  "steps": 28,
  "total_reward": 69.87,
  "chase_count": 5,
  "samples": 28,
  "episode": 2173,
  "replay_size": 20000,
  "loss": 0.7534750998020172,
  "policy_loss": 0.7521122395992279,
  "value_loss": 0.0013628506567329168
}
{
  "seed": 5047736547399026345,
  "steps": 33,
  "total_reward": 82.25,
  "chase_count": 5,
  "samples": 33,
  "episode": 2174,
  "replay_size": 20000,
  "loss": 0.8466365337371826,
  "policy_loss": 0.8455525934696198,
  "value_loss": 0.0010839352034963667
}
{
  "seed": 4992767725155533658,
  "steps": 32,
  "total_reward": 60.34999999999999,
  "chase_count": 5,
  "samples": 32,
  "episode": 2175,
  "replay_size": 20000,
  "loss": 0.9390358626842499,
  "policy_loss": 0.9376538693904877,
  "value_loss": 0.0013820003368891776
}
{
  "seed": 970609578085305665,
  "steps": 44,
  "total_reward": 85.12,
  "chase_count": 3,
  "samples": 44,
  "episode": 2176,
  "replay_size": 20000,
  "loss": 0.9341041743755341,
  "policy_loss": 0.9325719475746155,
  "value_loss": 0.0015322491817642003
}
{
  "seed": 2076967226744181940,
  "steps": 31,
  "total_reward": 89.55,
  "chase_count": 5,
  "samples": 31,
  "episode": 2177,
  "replay_size": 20000,
  "loss": 0.8317985236644745,
  "policy_loss": 0.8295263051986694,
  "value_loss": 0.0022722186986356974
}
{
  "seed": 7452187464405460008,
  "steps": 38,
  "total_reward": 124.25000000000003,
  "chase_count": 4,
  "samples": 38,
  "episode": 2178,
  "replay_size": 20000,
  "loss": 0.8953309953212738,
  "policy_loss": 0.8939843475818634,
  "value_loss": 0.001346633187495172
}
{
  "seed": 2351052841230248105,
  "steps": 30,
  "total_reward": 93.13000000000002,
  "chase_count": 5,
  "samples": 30,
  "episode": 2179,
  "replay_size": 20000,
  "loss": 0.8987733423709869,
  "policy_loss": 0.8977494537830353,
  "value_loss": 0.0010238908871542662
}
{
  "seed": 9091395922151146456,
  "steps": 32,
  "total_reward": 93.59000000000003,
  "chase_count": 4,
  "samples": 32,
  "episode": 2180,
  "replay_size": 20000,
  "loss": 0.6706461310386658,
  "policy_loss": 0.6696083843708038,
  "value_loss": 0.0010377552825957537
}
{
  "seed": 5116202832832560770,
  "steps": 37,
  "total_reward": 87.36000000000004,
  "chase_count": 5,
  "samples": 37,
  "episode": 2181,
  "replay_size": 20000,
  "loss": 0.8002007305622101,
  "policy_loss": 0.7992651462554932,
  "value_loss": 0.0009355748479720205
}
{
  "seed": 267987614262847851,
  "steps": 35,
  "total_reward": 97.68,
  "chase_count": 5,
  "samples": 35,
  "episode": 2182,
  "replay_size": 20000,
  "loss": 0.8893088698387146,
  "policy_loss": 0.8881438672542572,
  "value_loss": 0.0011649823281913996
}
{
  "seed": 3936722807018599498,
  "steps": 28,
  "total_reward": 94.81000000000003,
  "chase_count": 5,
  "samples": 28,
  "episode": 2183,
  "replay_size": 20000,
  "loss": 0.829801470041275,
  "policy_loss": 0.8279348611831665,
  "value_loss": 0.0018666221294552088
}
{
  "seed": 4596260159354657316,
  "steps": 29,
  "total_reward": 85.05000000000001,
  "chase_count": 5,
  "samples": 29,
  "episode": 2184,
  "replay_size": 20000,
  "loss": 0.8520312309265137,
  "policy_loss": 0.8505676090717316,
  "value_loss": 0.0014636123669333756
}
{
  "seed": 3310143707200994570,
  "steps": 30,
  "total_reward": 81.06000000000002,
  "chase_count": 5,
  "samples": 30,
  "episode": 2185,
  "replay_size": 20000,
  "loss": 0.8272877633571625,
  "policy_loss": 0.8260974884033203,
  "value_loss": 0.001190268900245428
}
{
  "seed": 4014409429948778959,
  "steps": 27,
  "total_reward": 76.59,
  "chase_count": 5,
  "samples": 27,
  "episode": 2186,
  "replay_size": 20000,
  "loss": 0.8937260508537292,
  "policy_loss": 0.8922445774078369,
  "value_loss": 0.0014814655878581107
}
{
  "seed": 597983632666920663,
  "steps": 37,
  "total_reward": 105.54000000000002,
  "chase_count": 3,
  "samples": 37,
  "episode": 2187,
  "replay_size": 20000,
  "loss": 0.6872193217277527,
  "policy_loss": 0.6860260665416718,
  "value_loss": 0.001193248841445893
}
{
  "seed": 692645781245779617,
  "steps": 38,
  "total_reward": 84.26000000000002,
  "chase_count": 5,
  "samples": 38,
  "episode": 2188,
  "replay_size": 20000,
  "loss": 0.8354276120662689,
  "policy_loss": 0.833608865737915,
  "value_loss": 0.0018187494715675712
}
{
  "seed": 5188255568758946989,
  "steps": 35,
  "total_reward": 99.12000000000003,
  "chase_count": 5,
  "samples": 35,
  "episode": 2189,
  "replay_size": 20000,
  "loss": 0.8126667141914368,
  "policy_loss": 0.8108526468276978,
  "value_loss": 0.0018140849424526095
}
{
  "seed": 1914794633626361279,
  "steps": 31,
  "total_reward": 57.67999999999999,
  "chase_count": 5,
  "samples": 31,
  "episode": 2190,
  "replay_size": 20000,
  "loss": 0.899626761674881,
  "policy_loss": 0.8986809849739075,
  "value_loss": 0.0009457768755964935
}
{
  "seed": 1152328817938587590,
  "steps": 32,
  "total_reward": 74.63000000000001,
  "chase_count": 5,
  "samples": 32,
  "episode": 2191,
  "replay_size": 20000,
  "loss": 0.8600161969661713,
  "policy_loss": 0.8588353395462036,
  "value_loss": 0.0011808619601652026
}
{
  "seed": 6094159527329016746,
  "steps": 33,
  "total_reward": 106.92000000000004,
  "chase_count": 4,
  "samples": 33,
  "episode": 2192,
  "replay_size": 20000,
  "loss": 0.837832897901535,
  "policy_loss": 0.8365917205810547,
  "value_loss": 0.0012411722564138472
}
{
  "seed": 7074598705012907435,
  "steps": 34,
  "total_reward": 96.30000000000003,
  "chase_count": 5,
  "samples": 34,
  "episode": 2193,
  "replay_size": 20000,
  "loss": 0.8128423690795898,
  "policy_loss": 0.8115906119346619,
  "value_loss": 0.0012517677096184343
}
{
  "seed": 7717704491602441736,
  "steps": 41,
  "total_reward": 119.09000000000003,
  "chase_count": 3,
  "samples": 41,
  "episode": 2194,
  "replay_size": 20000,
  "loss": 0.8964947760105133,
  "policy_loss": 0.894813746213913,
  "value_loss": 0.0016810513916425407
}
{
  "seed": 1274030261642733801,
  "steps": 35,
  "total_reward": 95.56000000000003,
  "chase_count": 4,
  "samples": 35,
  "episode": 2195,
  "replay_size": 20000,
  "loss": 0.8261027038097382,
  "policy_loss": 0.8251586556434631,
  "value_loss": 0.0009440419671591371
}
{
  "seed": 7614867597586298476,
  "steps": 31,
  "total_reward": 99.41000000000001,
  "chase_count": 5,
  "samples": 31,
  "episode": 2196,
  "replay_size": 20000,
  "loss": 0.876357227563858,
  "policy_loss": 0.8751068711280823,
  "value_loss": 0.0012503722100518644
}
{
  "seed": 2547450199771150175,
  "steps": 33,
  "total_reward": 93.66,
  "chase_count": 4,
  "samples": 33,
  "episode": 2197,
  "replay_size": 20000,
  "loss": 0.7385062575340271,
  "policy_loss": 0.7374046444892883,
  "value_loss": 0.0011015944764949381
}
{
  "seed": 9135076229703118112,
  "steps": 36,
  "total_reward": 106.66,
  "chase_count": 5,
  "samples": 36,
  "episode": 2198,
  "replay_size": 20000,
  "loss": 0.8923378884792328,
  "policy_loss": 0.891446977853775,
  "value_loss": 0.000890910072484985
}
{
  "seed": 3952934157357850006,
  "steps": 28,
  "total_reward": 100.93,
  "chase_count": 5,
  "samples": 28,
  "episode": 2199,
  "replay_size": 20000,
  "loss": 0.9094465672969818,
  "policy_loss": 0.90830197930336,
  "value_loss": 0.0011445663403719664
}
{
  "seed": 7661375632926292388,
  "steps": 27,
  "total_reward": 94.09000000000002,
  "chase_count": 5,
  "samples": 27,
  "episode": 2200,
  "replay_size": 20000,
  "loss": 0.7384216785430908,
  "policy_loss": 0.7376223504543304,
  "value_loss": 0.0007993200561031699
}
{
  "seed": 4049596467144007511,
  "steps": 38,
  "total_reward": 79.79,
  "chase_count": 5,
  "samples": 38,
  "episode": 2201,
  "replay_size": 20000,
  "loss": 0.9227507412433624,
  "policy_loss": 0.9212245941162109,
  "value_loss": 0.001526139210909605
}
{
  "seed": 3164417967807215328,
  "steps": 32,
  "total_reward": 86.54,
  "chase_count": 5,
  "samples": 32,
  "episode": 2202,
  "replay_size": 20000,
  "loss": 0.8730025291442871,
  "policy_loss": 0.8720343112945557,
  "value_loss": 0.0009682138625066727
}
{
  "seed": 8047041957678949807,
  "steps": 33,
  "total_reward": 105.26,
  "chase_count": 4,
  "samples": 33,
  "episode": 2203,
  "replay_size": 20000,
  "loss": 0.7269251346588135,
  "policy_loss": 0.7257067859172821,
  "value_loss": 0.0012183336657471955
}
{
  "seed": 9190044897713591771,
  "steps": 37,
  "total_reward": 86.89000000000004,
  "chase_count": 3,
  "samples": 37,
  "episode": 2204,
  "replay_size": 20000,
  "loss": 0.7167501747608185,
  "policy_loss": 0.7155627012252808,
  "value_loss": 0.0011874501942656934
}
{
  "seed": 9162478155126374477,
  "steps": 33,
  "total_reward": 106.91000000000001,
  "chase_count": 4,
  "samples": 33,
  "episode": 2205,
  "replay_size": 20000,
  "loss": 0.7878887355327606,
  "policy_loss": 0.7867059111595154,
  "value_loss": 0.001182839390821755
}
{
  "seed": 733082303531013318,
  "steps": 36,
  "total_reward": 102.20000000000003,
  "chase_count": 4,
  "samples": 36,
  "episode": 2206,
  "replay_size": 20000,
  "loss": 0.746185839176178,
  "policy_loss": 0.7450389266014099,
  "value_loss": 0.001146912225522101
}
{
  "seed": 8659923284371315863,
  "steps": 28,
  "total_reward": 107.92000000000002,
  "chase_count": 4,
  "samples": 28,
  "episode": 2207,
  "replay_size": 20000,
  "loss": 0.8472440540790558,
  "policy_loss": 0.8462011814117432,
  "value_loss": 0.0010428872774355114
}
{
  "seed": 1298534581046003690,
  "steps": 31,
  "total_reward": 79.04000000000002,
  "chase_count": 5,
  "samples": 31,
  "episode": 2208,
  "replay_size": 20000,
  "loss": 0.8656574487686157,
  "policy_loss": 0.8642922043800354,
  "value_loss": 0.0013652398774866015
}
{
  "seed": 7898274170352329015,
  "steps": 27,
  "total_reward": 88.64,
  "chase_count": 5,
  "samples": 27,
  "episode": 2209,
  "replay_size": 20000,
  "loss": 0.9689460694789886,
  "policy_loss": 0.9680143594741821,
  "value_loss": 0.0009316917567048222
}
{
  "seed": 762830141394648571,
  "steps": 34,
  "total_reward": 105.26000000000002,
  "chase_count": 4,
  "samples": 34,
  "episode": 2210,
  "replay_size": 20000,
  "loss": 0.9140610992908478,
  "policy_loss": 0.9125653505325317,
  "value_loss": 0.0014957513194531202
}
{
  "seed": 2574229459303090402,
  "steps": 38,
  "total_reward": 119.31000000000003,
  "chase_count": 4,
  "samples": 38,
  "episode": 2211,
  "replay_size": 20000,
  "loss": 0.9313092231750488,
  "policy_loss": 0.9297952353954315,
  "value_loss": 0.001513998897280544
}
{
  "seed": 2370304947765431873,
  "steps": 39,
  "total_reward": 107.55000000000003,
  "chase_count": 4,
  "samples": 39,
  "episode": 2212,
  "replay_size": 20000,
  "loss": 0.8602670729160309,
  "policy_loss": 0.8587267994880676,
  "value_loss": 0.0015402825083583593
}
{
  "seed": 5238617757248430570,
  "steps": 33,
  "total_reward": 75.18,
  "chase_count": 5,
  "samples": 33,
  "episode": 2213,
  "replay_size": 20000,
  "loss": 0.7634212672710419,
  "policy_loss": 0.7626596391201019,
  "value_loss": 0.0007616318471264094
}
{
  "seed": 3763915724777620887,
  "steps": 41,
  "total_reward": 140.97000000000003,
  "chase_count": 2,
  "samples": 41,
  "episode": 2214,
  "replay_size": 20000,
  "loss": 0.9087117910385132,
  "policy_loss": 0.9073541462421417,
  "value_loss": 0.0013576585915870965
}
{
  "seed": 2624962445712217750,
  "steps": 33,
  "total_reward": 105.64,
  "chase_count": 4,
  "samples": 33,
  "episode": 2215,
  "replay_size": 20000,
  "loss": 0.8626593947410583,
  "policy_loss": 0.861667275428772,
  "value_loss": 0.0009920972515828907
}
{
  "seed": 2120285404946832286,
  "steps": 24,
  "total_reward": 81.39,
  "chase_count": 5,
  "samples": 24,
  "episode": 2216,
  "replay_size": 20000,
  "loss": 0.9527549147605896,
  "policy_loss": 0.9514650702476501,
  "value_loss": 0.00128985196352005
}
{
  "seed": 6988970647111400887,
  "steps": 39,
  "total_reward": 102.16000000000005,
  "chase_count": 4,
  "samples": 39,
  "episode": 2217,
  "replay_size": 20000,
  "loss": 0.7666465640068054,
  "policy_loss": 0.7652645409107208,
  "value_loss": 0.0013820259482599795
}
{
  "seed": 7535329059263186296,
  "steps": 32,
  "total_reward": 90.03000000000003,
  "chase_count": 4,
  "samples": 32,
  "episode": 2218,
  "replay_size": 20000,
  "loss": 0.8335520029067993,
  "policy_loss": 0.8326587975025177,
  "value_loss": 0.0008932056953199208
}
{
  "seed": 3882900337389823697,
  "steps": 34,
  "total_reward": 121.49000000000004,
  "chase_count": 4,
  "samples": 34,
  "episode": 2219,
  "replay_size": 20000,
  "loss": 0.7875847518444061,
  "policy_loss": 0.7860880792140961,
  "value_loss": 0.0014966493472456932
}
{
  "seed": 593878482877619234,
  "steps": 47,
  "total_reward": 110.29000000000003,
  "chase_count": 4,
  "samples": 47,
  "episode": 2220,
  "replay_size": 20000,
  "loss": 0.8950299322605133,
  "policy_loss": 0.893622875213623,
  "value_loss": 0.001407056872267276
}
{
  "seed": 5565614838266548273,
  "steps": 36,
  "total_reward": 95.06,
  "chase_count": 5,
  "samples": 36,
  "episode": 2221,
  "replay_size": 20000,
  "loss": 0.8097835779190063,
  "policy_loss": 0.8083694577217102,
  "value_loss": 0.0014141428691800684
}
{
  "seed": 2218614210557531460,
  "steps": 28,
  "total_reward": 74.5,
  "chase_count": 5,
  "samples": 28,
  "episode": 2222,
  "replay_size": 20000,
  "loss": 0.8055079281330109,
  "policy_loss": 0.8045172691345215,
  "value_loss": 0.0009906584746204317
}
{
  "seed": 490523584274618347,
  "steps": 35,
  "total_reward": 71.95,
  "chase_count": 5,
  "samples": 35,
  "episode": 2223,
  "replay_size": 20000,
  "loss": 0.9388391971588135,
  "policy_loss": 0.9375340640544891,
  "value_loss": 0.0013051468995399773
}
{
  "seed": 6667885207721039520,
  "steps": 30,
  "total_reward": 83.82000000000002,
  "chase_count": 4,
  "samples": 30,
  "episode": 2224,
  "replay_size": 20000,
  "loss": 0.8587074875831604,
  "policy_loss": 0.8574987947940826,
  "value_loss": 0.0012086784117855132
}
{
  "seed": 8939430747852259248,
  "steps": 32,
  "total_reward": 76.11000000000001,
  "chase_count": 5,
  "samples": 32,
  "episode": 2225,
  "replay_size": 20000,
  "loss": 0.854617714881897,
  "policy_loss": 0.8535331785678864,
  "value_loss": 0.0010845448705367744
}
{
  "seed": 4054641697223306397,
  "steps": 29,
  "total_reward": 83.45000000000002,
  "chase_count": 5,
  "samples": 29,
  "episode": 2226,
  "replay_size": 20000,
  "loss": 0.8556474447250366,
  "policy_loss": 0.8544197976589203,
  "value_loss": 0.0012276319903321564
}
{
  "seed": 4835849027326391884,
  "steps": 30,
  "total_reward": 90.14000000000001,
  "chase_count": 5,
  "samples": 30,
  "episode": 2227,
  "replay_size": 20000,
  "loss": 0.882485955953598,
  "policy_loss": 0.8814817070960999,
  "value_loss": 0.001004256249871105
}
{
  "seed": 3341255353366521325,
  "steps": 35,
  "total_reward": 87.86000000000001,
  "chase_count": 3,
  "samples": 35,
  "episode": 2228,
  "replay_size": 20000,
  "loss": 0.8871530890464783,
  "policy_loss": 0.886168360710144,
  "value_loss": 0.0009847372421063483
}
{
  "seed": 3083168282885055686,
  "steps": 34,
  "total_reward": 115.54000000000002,
  "chase_count": 2,
  "samples": 34,
  "episode": 2229,
  "replay_size": 20000,
  "loss": 0.7231557369232178,
  "policy_loss": 0.7222633063793182,
  "value_loss": 0.0008924244903028011
}
{
  "seed": 6156774863104182223,
  "steps": 33,
  "total_reward": 79.88000000000001,
  "chase_count": 5,
  "samples": 33,
  "episode": 2230,
  "replay_size": 20000,
  "loss": 0.9348962306976318,
  "policy_loss": 0.9334618151187897,
  "value_loss": 0.0014344115043058991
}
{
  "seed": 1118015519821375929,
  "steps": 34,
  "total_reward": 104.71000000000004,
  "chase_count": 5,
  "samples": 34,
  "episode": 2231,
  "replay_size": 20000,
  "loss": 0.8938699662685394,
  "policy_loss": 0.892621636390686,
  "value_loss": 0.0012483227765187621
}
{
  "seed": 8599007844088660251,
  "steps": 45,
  "total_reward": 108.19000000000001,
  "chase_count": 4,
  "samples": 45,
  "episode": 2232,
  "replay_size": 20000,
  "loss": 0.8442578911781311,
  "policy_loss": 0.8428358435630798,
  "value_loss": 0.001422060129698366
}
{
  "seed": 2788829767264513979,
  "steps": 32,
  "total_reward": 88.47000000000003,
  "chase_count": 3,
  "samples": 32,
  "episode": 2233,
  "replay_size": 20000,
  "loss": 0.7511872351169586,
  "policy_loss": 0.7500173449516296,
  "value_loss": 0.001169869239674881
}
{
  "seed": 7312014226698409567,
  "steps": 32,
  "total_reward": 93.24000000000002,
  "chase_count": 5,
  "samples": 32,
  "episode": 2234,
  "replay_size": 20000,
  "loss": 0.854523241519928,
  "policy_loss": 0.8530478477478027,
  "value_loss": 0.0014753927243873477
}
{
  "seed": 3046126606730954507,
  "steps": 30,
  "total_reward": 93.44000000000003,
  "chase_count": 4,
  "samples": 30,
  "episode": 2235,
  "replay_size": 20000,
  "loss": 0.7891620695590973,
  "policy_loss": 0.7877631783485413,
  "value_loss": 0.0013988912687636912
}
{
  "seed": 7081373387844555362,
  "steps": 36,
  "total_reward": 90.07000000000002,
  "chase_count": 5,
  "samples": 36,
  "episode": 2236,
  "replay_size": 20000,
  "loss": 0.7558980882167816,
  "policy_loss": 0.754755824804306,
  "value_loss": 0.0011422689422033727
}
{
  "seed": 2130693901797965265,
  "steps": 34,
  "total_reward": 132.08000000000004,
  "chase_count": 4,
  "samples": 34,
  "episode": 2237,
  "replay_size": 20000,
  "loss": 0.9428959786891937,
  "policy_loss": 0.9419597685337067,
  "value_loss": 0.0009362151613458991
}
{
  "seed": 4077090025729005687,
  "steps": 30,
  "total_reward": 77.84000000000002,
  "chase_count": 5,
  "samples": 30,
  "episode": 2238,
  "replay_size": 20000,
  "loss": 0.90301114320755,
  "policy_loss": 0.9019058346748352,
  "value_loss": 0.0011053260532207787
}
{
  "seed": 6812277534051449205,
  "steps": 26,
  "total_reward": 101.90000000000002,
  "chase_count": 5,
  "samples": 26,
  "episode": 2239,
  "replay_size": 20000,
  "loss": 0.7847797572612762,
  "policy_loss": 0.7838146686553955,
  "value_loss": 0.0009650930005591363
}
{
  "seed": 3735473454442142505,
  "steps": 38,
  "total_reward": 86.68000000000004,
  "chase_count": 4,
  "samples": 38,
  "episode": 2240,
  "replay_size": 20000,
  "loss": 0.86236572265625,
  "policy_loss": 0.8616477251052856,
  "value_loss": 0.0007180045358836651
}
{
  "seed": 4876953043383671410,
  "steps": 28,
  "total_reward": 91.00999999999999,
  "chase_count": 5,
  "samples": 28,
  "episode": 2241,
  "replay_size": 20000,
  "loss": 0.8174219131469727,
  "policy_loss": 0.8163412511348724,
  "value_loss": 0.001080653688404709
}
{
  "seed": 3962766279939263499,
  "steps": 31,
  "total_reward": 88.11,
  "chase_count": 5,
  "samples": 31,
  "episode": 2242,
  "replay_size": 20000,
  "loss": 0.8306652307510376,
  "policy_loss": 0.8296867907047272,
  "value_loss": 0.0009784532303456217
}
{
  "seed": 4549621404562580162,
  "steps": 34,
  "total_reward": 96.38000000000005,
  "chase_count": 3,
  "samples": 34,
  "episode": 2243,
  "replay_size": 20000,
  "loss": 0.8201416432857513,
  "policy_loss": 0.8189457654953003,
  "value_loss": 0.0011958542163483799
}
{
  "seed": 229387786942893002,
  "steps": 31,
  "total_reward": 99.58000000000001,
  "chase_count": 5,
  "samples": 31,
  "episode": 2244,
  "replay_size": 20000,
  "loss": 0.8309364914894104,
  "policy_loss": 0.8300257921218872,
  "value_loss": 0.000910701259272173
}
{
  "seed": 4360033124806653180,
  "steps": 28,
  "total_reward": 88.48,
  "chase_count": 5,
  "samples": 28,
  "episode": 2245,
  "replay_size": 20000,
  "loss": 0.8065446317195892,
  "policy_loss": 0.8054929673671722,
  "value_loss": 0.0010516745096538216
}
{
  "seed": 2661217346433193766,
  "steps": 32,
  "total_reward": 88.82000000000001,
  "chase_count": 4,
  "samples": 32,
  "episode": 2246,
  "replay_size": 20000,
  "loss": 0.7782786786556244,
  "policy_loss": 0.7773398756980896,
  "value_loss": 0.000938794546527788
}
{
  "seed": 4968756988879227526,
  "steps": 33,
  "total_reward": 84.04000000000002,
  "chase_count": 5,
  "samples": 33,
  "episode": 2247,
  "replay_size": 20000,
  "loss": 0.8514007329940796,
  "policy_loss": 0.8506072759628296,
  "value_loss": 0.0007934760069474578
}
{
  "seed": 8326532699502612165,
  "steps": 27,
  "total_reward": 101.65,
  "chase_count": 5,
  "samples": 27,
  "episode": 2248,
  "replay_size": 20000,
  "loss": 0.8301834464073181,
  "policy_loss": 0.828573077917099,
  "value_loss": 0.0016103786183521152
}
{
  "seed": 1027450958807783215,
  "steps": 29,
  "total_reward": 69.54,
  "chase_count": 5,
  "samples": 29,
  "episode": 2249,
  "replay_size": 20000,
  "loss": 0.8591909110546112,
  "policy_loss": 0.8580920696258545,
  "value_loss": 0.001098847424145788
}
{
  "seed": 8144470371777091797,
  "steps": 28,
  "total_reward": 73.14999999999999,
  "chase_count": 5,
  "samples": 28,
  "episode": 2250,
  "replay_size": 20000,
  "loss": 0.7639098465442657,
  "policy_loss": 0.7628193199634552,
  "value_loss": 0.0010905209346674383
}
{
  "seed": 3062242024717631278,
  "steps": 38,
  "total_reward": 105.89000000000003,
  "chase_count": 4,
  "samples": 38,
  "episode": 2251,
  "replay_size": 20000,
  "loss": 0.8374756276607513,
  "policy_loss": 0.8364453613758087,
  "value_loss": 0.001030256855301559
}
{
  "seed": 7594714236601652156,
  "steps": 31,
  "total_reward": 122.60000000000002,
  "chase_count": 5,
  "samples": 31,
  "episode": 2252,
  "replay_size": 20000,
  "loss": 0.9343276023864746,
  "policy_loss": 0.9328017234802246,
  "value_loss": 0.001525870175100863
}
{
  "seed": 3094338515337665915,
  "steps": 26,
  "total_reward": 94.34000000000002,
  "chase_count": 5,
  "samples": 26,
  "episode": 2253,
  "replay_size": 20000,
  "loss": 0.8585520088672638,
  "policy_loss": 0.8571772575378418,
  "value_loss": 0.0013747462071478367
}
{
  "seed": 2349255029556424648,
  "steps": 31,
  "total_reward": 113.35999999999999,
  "chase_count": 3,
  "samples": 31,
  "episode": 2254,
  "replay_size": 20000,
  "loss": 0.8563083112239838,
  "policy_loss": 0.8554549515247345,
  "value_loss": 0.0008533591462764889
}
{
  "seed": 2721244877212384016,
  "steps": 29,
  "total_reward": 89.83,
  "chase_count": 4,
  "samples": 29,
  "episode": 2255,
  "replay_size": 20000,
  "loss": 0.757556289434433,
  "policy_loss": 0.756354570388794,
  "value_loss": 0.001201742037665099
}
{
  "seed": 1045053520719431313,
  "steps": 33,
  "total_reward": 64.75,
  "chase_count": 5,
  "samples": 33,
  "episode": 2256,
  "replay_size": 20000,
  "loss": 0.9066669046878815,
  "policy_loss": 0.9053431153297424,
  "value_loss": 0.0013237589737400413
}
{
  "seed": 768493909982805407,
  "steps": 35,
  "total_reward": 104.38000000000004,
  "chase_count": 5,
  "samples": 35,
  "episode": 2257,
  "replay_size": 20000,
  "loss": 0.8715340197086334,
  "policy_loss": 0.8703983128070831,
  "value_loss": 0.0011357316398061812
}
{
  "seed": 8163420678589196071,
  "steps": 31,
  "total_reward": 106.88000000000002,
  "chase_count": 4,
  "samples": 31,
  "episode": 2258,
  "replay_size": 20000,
  "loss": 0.8540672361850739,
  "policy_loss": 0.8530470132827759,
  "value_loss": 0.0010201953118667006
}
{
  "seed": 5644911582318170457,
  "steps": 40,
  "total_reward": 113.42000000000003,
  "chase_count": 4,
  "samples": 40,
  "episode": 2259,
  "replay_size": 20000,
  "loss": 0.8085243105888367,
  "policy_loss": 0.8073216676712036,
  "value_loss": 0.0012026391341350973
}
{
  "seed": 2081930187482127521,
  "steps": 36,
  "total_reward": 104.77000000000004,
  "chase_count": 4,
  "samples": 36,
  "episode": 2260,
  "replay_size": 20000,
  "loss": 0.8178363740444183,
  "policy_loss": 0.8166557550430298,
  "value_loss": 0.0011806247057393193
}
{
  "seed": 8633459671920354197,
  "steps": 37,
  "total_reward": 91.05000000000003,
  "chase_count": 4,
  "samples": 37,
  "episode": 2261,
  "replay_size": 20000,
  "loss": 0.8211822509765625,
  "policy_loss": 0.8201231062412262,
  "value_loss": 0.0010591507307253778
}
{
  "seed": 5040030410910735489,
  "steps": 28,
  "total_reward": 106.72000000000003,
  "chase_count": 4,
  "samples": 28,
  "episode": 2262,
  "replay_size": 20000,
  "loss": 0.7935096919536591,
  "policy_loss": 0.7917360961437225,
  "value_loss": 0.0017735889996401966
}
{
  "seed": 2093422057172036755,
  "steps": 45,
  "total_reward": 137.28000000000006,
  "chase_count": 3,
  "samples": 45,
  "episode": 2263,
  "replay_size": 20000,
  "loss": 0.8734386265277863,
  "policy_loss": 0.8721239268779755,
  "value_loss": 0.0013146828569006175
}
{
  "seed": 3858345094439081306,
  "steps": 33,
  "total_reward": 107.42000000000002,
  "chase_count": 5,
  "samples": 33,
  "episode": 2264,
  "replay_size": 20000,
  "loss": 0.9039418399333954,
  "policy_loss": 0.9030768275260925,
  "value_loss": 0.0008650005329400301
}
{
  "seed": 2755431227411237874,
  "steps": 32,
  "total_reward": 80.14000000000001,
  "chase_count": 5,
  "samples": 32,
  "episode": 2265,
  "replay_size": 20000,
  "loss": 0.8477112054824829,
  "policy_loss": 0.8466942608356476,
  "value_loss": 0.001016928639728576
}
{
  "seed": 2859717131147944509,
  "steps": 27,
  "total_reward": 73.5,
  "chase_count": 5,
  "samples": 27,
  "episode": 2266,
  "replay_size": 20000,
  "loss": 0.9065868556499481,
  "policy_loss": 0.905571311712265,
  "value_loss": 0.0010155584895983338
}
{
  "seed": 6319576077799253502,
  "steps": 28,
  "total_reward": 94.62000000000002,
  "chase_count": 5,
  "samples": 28,
  "episode": 2267,
  "replay_size": 20000,
  "loss": 0.9339320361614227,
  "policy_loss": 0.932978481054306,
  "value_loss": 0.0009535655262880027
}
{
  "seed": 1632235955035608103,
  "steps": 33,
  "total_reward": 105.49000000000001,
  "chase_count": 5,
  "samples": 33,
  "episode": 2268,
  "replay_size": 20000,
  "loss": 0.9761839509010315,
  "policy_loss": 0.97511887550354,
  "value_loss": 0.0010650685289874673
}
{
  "seed": 258503555861142324,
  "steps": 27,
  "total_reward": 66.13000000000001,
  "chase_count": 5,
  "samples": 27,
  "episode": 2269,
  "replay_size": 20000,
  "loss": 0.8388402163982391,
  "policy_loss": 0.8373911082744598,
  "value_loss": 0.0014491072506643832
}
{
  "seed": 8156284439271969284,
  "steps": 34,
  "total_reward": 110.01000000000002,
  "chase_count": 4,
  "samples": 34,
  "episode": 2270,
  "replay_size": 20000,
  "loss": 0.8563212156295776,
  "policy_loss": 0.8555096089839935,
  "value_loss": 0.0008115868258755654
}
{
  "seed": 4798084802721437382,
  "steps": 38,
  "total_reward": 110.40000000000003,
  "chase_count": 3,
  "samples": 38,
  "episode": 2271,
  "replay_size": 20000,
  "loss": 0.8001969456672668,
  "policy_loss": 0.7985914945602417,
  "value_loss": 0.0016054394072853029
}
{
  "seed": 7423754231695898363,
  "steps": 33,
  "total_reward": 90.96000000000001,
  "chase_count": 4,
  "samples": 33,
  "episode": 2272,
  "replay_size": 20000,
  "loss": 0.8397201895713806,
  "policy_loss": 0.8386482894420624,
  "value_loss": 0.0010719127603806555
}
{
  "seed": 6350063366243267975,
  "steps": 33,
  "total_reward": 112.51000000000003,
  "chase_count": 4,
  "samples": 33,
  "episode": 2273,
  "replay_size": 20000,
  "loss": 0.7918640375137329,
  "policy_loss": 0.7908643484115601,
  "value_loss": 0.0009996659064199775
}
{
  "seed": 1776244790216898242,
  "steps": 37,
  "total_reward": 93.41000000000003,
  "chase_count": 4,
  "samples": 37,
  "episode": 2274,
  "replay_size": 20000,
  "loss": 0.7710153460502625,
  "policy_loss": 0.7699404358863831,
  "value_loss": 0.0010749038483481854
}
{
  "seed": 1507189096125449876,
  "steps": 30,
  "total_reward": 82.35000000000001,
  "chase_count": 5,
  "samples": 30,
  "episode": 2275,
  "replay_size": 20000,
  "loss": 0.8494601547718048,
  "policy_loss": 0.848259449005127,
  "value_loss": 0.001200705417431891
}
{
  "seed": 4802486308501037293,
  "steps": 34,
  "total_reward": 90.02000000000002,
  "chase_count": 4,
  "samples": 34,
  "episode": 2276,
  "replay_size": 20000,
  "loss": 0.7771596014499664,
  "policy_loss": 0.7762295603752136,
  "value_loss": 0.0009300241945311427
}
{
  "seed": 7078236102212855344,
  "steps": 36,
  "total_reward": 102.48000000000002,
  "chase_count": 4,
  "samples": 36,
  "episode": 2277,
  "replay_size": 20000,
  "loss": 0.8222378194332123,
  "policy_loss": 0.8206293880939484,
  "value_loss": 0.0016084223752841353
}
{
  "seed": 2915710047792793620,
  "steps": 41,
  "total_reward": 109.21000000000002,
  "chase_count": 4,
  "samples": 41,
  "episode": 2278,
  "replay_size": 20000,
  "loss": 0.7273884117603302,
  "policy_loss": 0.7262812852859497,
  "value_loss": 0.0011071294720750302
}
{
  "seed": 4083623286514722613,
  "steps": 24,
  "total_reward": 65.33,
  "chase_count": 4,
  "samples": 24,
  "episode": 2279,
  "replay_size": 20000,
  "loss": 0.9028183817863464,
  "policy_loss": 0.9015037417411804,
  "value_loss": 0.001314635155722499
}
{
  "seed": 6879677659476065968,
  "steps": 35,
  "total_reward": 82.1,
  "chase_count": 5,
  "samples": 35,
  "episode": 2280,
  "replay_size": 20000,
  "loss": 0.8259434998035431,
  "policy_loss": 0.8248133361339569,
  "value_loss": 0.0011301848280709237
}
{
  "seed": 8430171285966355482,
  "steps": 33,
  "total_reward": 89.54000000000002,
  "chase_count": 5,
  "samples": 33,
  "episode": 2281,
  "replay_size": 20000,
  "loss": 0.8823650479316711,
  "policy_loss": 0.8813987672328949,
  "value_loss": 0.0009662810480222106
}
{
  "seed": 2480561898758196439,
  "steps": 23,
  "total_reward": 70.6,
  "chase_count": 5,
  "samples": 23,
  "episode": 2282,
  "replay_size": 20000,
  "loss": 0.7964549958705902,
  "policy_loss": 0.7954232692718506,
  "value_loss": 0.0010317557025700808
}
{
  "seed": 8455646943559640867,
  "steps": 30,
  "total_reward": 80.82000000000002,
  "chase_count": 5,
  "samples": 30,
  "episode": 2283,
  "replay_size": 20000,
  "loss": 0.9093997776508331,
  "policy_loss": 0.9079564213752747,
  "value_loss": 0.0014433552860282362
}
{
  "seed": 9032453837845243220,
  "steps": 30,
  "total_reward": 98.64,
  "chase_count": 4,
  "samples": 30,
  "episode": 2284,
  "replay_size": 20000,
  "loss": 0.9254963099956512,
  "policy_loss": 0.9236140847206116,
  "value_loss": 0.0018822277197614312
}
{
  "seed": 4444335095543814685,
  "steps": 35,
  "total_reward": 95.40000000000003,
  "chase_count": 4,
  "samples": 35,
  "episode": 2285,
  "replay_size": 20000,
  "loss": 0.823128342628479,
  "policy_loss": 0.8217625021934509,
  "value_loss": 0.0013658367679454386
}
{
  "seed": 1480435788209119931,
  "steps": 31,
  "total_reward": 89.94,
  "chase_count": 5,
  "samples": 31,
  "episode": 2286,
  "replay_size": 20000,
  "loss": 0.8487074077129364,
  "policy_loss": 0.8476396203041077,
  "value_loss": 0.0010677885729819536
}
{
  "seed": 353098025425803827,
  "steps": 37,
  "total_reward": 93.23000000000003,
  "chase_count": 5,
  "samples": 37,
  "episode": 2287,
  "replay_size": 20000,
  "loss": 0.9216279685497284,
  "policy_loss": 0.9201001822948456,
  "value_loss": 0.0015277847996912897
}
{
  "seed": 7822921852005670442,
  "steps": 40,
  "total_reward": 106.23000000000003,
  "chase_count": 5,
  "samples": 40,
  "episode": 2288,
  "replay_size": 20000,
  "loss": 0.8582564294338226,
  "policy_loss": 0.857214480638504,
  "value_loss": 0.0010419519094284624
}
{
  "seed": 7376311513708447112,
  "steps": 38,
  "total_reward": 122.12000000000003,
  "chase_count": 4,
  "samples": 38,
  "episode": 2289,
  "replay_size": 20000,
  "loss": 0.8146942853927612,
  "policy_loss": 0.8129084408283234,
  "value_loss": 0.0017858556821011007
}
{
  "seed": 5834924996096308792,
  "steps": 32,
  "total_reward": 77.74,
  "chase_count": 5,
  "samples": 32,
  "episode": 2290,
  "replay_size": 20000,
  "loss": 0.8782642185688019,
  "policy_loss": 0.8774562478065491,
  "value_loss": 0.000807957083452493
}
{
  "seed": 5004195289922927430,
  "steps": 42,
  "total_reward": 122.70000000000005,
  "chase_count": 3,
  "samples": 42,
  "episode": 2291,
  "replay_size": 20000,
  "loss": 0.8431248068809509,
  "policy_loss": 0.842064380645752,
  "value_loss": 0.0010604304261505604
}
{
  "seed": 36798830354136342,
  "steps": 30,
  "total_reward": 75.74,
  "chase_count": 5,
  "samples": 30,
  "episode": 2292,
  "replay_size": 20000,
  "loss": 0.7774483859539032,
  "policy_loss": 0.7764056324958801,
  "value_loss": 0.001042781164869666
}
{
  "seed": 1668846904254057747,
  "steps": 36,
  "total_reward": 70.93,
  "chase_count": 5,
  "samples": 36,
  "episode": 2293,
  "replay_size": 20000,
  "loss": 0.8531708121299744,
  "policy_loss": 0.8518538177013397,
  "value_loss": 0.0013169952435418963
}
{
  "seed": 15608226001228163,
  "steps": 35,
  "total_reward": 104.46000000000002,
  "chase_count": 4,
  "samples": 35,
  "episode": 2294,
  "replay_size": 20000,
  "loss": 0.7739901840686798,
  "policy_loss": 0.7728743851184845,
  "value_loss": 0.001115795224905014
}
{
  "seed": 77375888110434580,
  "steps": 23,
  "total_reward": 59.620000000000005,
  "chase_count": 5,
  "samples": 23,
  "episode": 2295,
  "replay_size": 20000,
  "loss": 0.835931807756424,
  "policy_loss": 0.8348353505134583,
  "value_loss": 0.0010964524408336729
}
{
  "seed": 6917385809529138710,
  "steps": 30,
  "total_reward": 90.09000000000002,
  "chase_count": 5,
  "samples": 30,
  "episode": 2296,
  "replay_size": 20000,
  "loss": 0.8080989420413971,
  "policy_loss": 0.807318776845932,
  "value_loss": 0.0007801903411746025
}
{
  "seed": 8272928712636996481,
  "steps": 30,
  "total_reward": 103.62,
  "chase_count": 5,
  "samples": 30,
  "episode": 2297,
  "replay_size": 20000,
  "loss": 0.7239922285079956,
  "policy_loss": 0.7228302657604218,
  "value_loss": 0.0011619638244155794
}
{
  "seed": 5713063580018788192,
  "steps": 33,
  "total_reward": 100.68000000000002,
  "chase_count": 4,
  "samples": 33,
  "episode": 2298,
  "replay_size": 20000,
  "loss": 0.8146041929721832,
  "policy_loss": 0.8137770891189575,
  "value_loss": 0.0008270950929727405
}
{
  "seed": 7565253150175821079,
  "steps": 20,
  "total_reward": 72.48,
  "chase_count": 5,
  "samples": 20,
  "episode": 2299,
  "replay_size": 20000,
  "loss": 0.8530111908912659,
  "policy_loss": 0.8512855768203735,
  "value_loss": 0.0017256084829568863
}
{
  "seed": 558560038667916274,
  "steps": 31,
  "total_reward": 67.31,
  "chase_count": 4,
  "samples": 31,
  "episode": 2300,
  "replay_size": 20000,
  "loss": 0.9219828248023987,
  "policy_loss": 0.9205585420131683,
  "value_loss": 0.0014242944307625294
}
{
  "seed": 8429722126286434555,
  "steps": 39,
  "total_reward": 99.98000000000002,
  "chase_count": 4,
  "samples": 39,
  "episode": 2301,
  "replay_size": 20000,
  "loss": 0.9540097117424011,
  "policy_loss": 0.9526456296443939,
  "value_loss": 0.0013640582910738885
}
{
  "seed": 3708340126537913317,
  "steps": 31,
  "total_reward": 80.35000000000002,
  "chase_count": 4,
  "samples": 31,
  "episode": 2302,
  "replay_size": 20000,
  "loss": 0.8637971878051758,
  "policy_loss": 0.8626275658607483,
  "value_loss": 0.001169630908407271
}
{
  "seed": 673907494824410746,
  "steps": 38,
  "total_reward": 96.56000000000002,
  "chase_count": 4,
  "samples": 38,
  "episode": 2303,
  "replay_size": 20000,
  "loss": 0.8710201978683472,
  "policy_loss": 0.8699973225593567,
  "value_loss": 0.001022860815282911
}
{
  "seed": 8654851170764154289,
  "steps": 30,
  "total_reward": 106.31000000000003,
  "chase_count": 3,
  "samples": 30,
  "episode": 2304,
  "replay_size": 20000,
  "loss": 0.905794084072113,
  "policy_loss": 0.9044842422008514,
  "value_loss": 0.0013098481576889753
}
{
  "seed": 237653518752616243,
  "steps": 35,
  "total_reward": 96.70000000000002,
  "chase_count": 4,
  "samples": 35,
  "episode": 2305,
  "replay_size": 20000,
  "loss": 0.9167597591876984,
  "policy_loss": 0.9156781733036041,
  "value_loss": 0.0010815702262334526
}
{
  "seed": 7821507990809049067,
  "steps": 29,
  "total_reward": 78.31000000000002,
  "chase_count": 5,
  "samples": 29,
  "episode": 2306,
  "replay_size": 20000,
  "loss": 0.7793649733066559,
  "policy_loss": 0.7778376042842865,
  "value_loss": 0.0015273552271537483
}
{
  "seed": 1564369920988621867,
  "steps": 33,
  "total_reward": 80.25000000000001,
  "chase_count": 5,
  "samples": 33,
  "episode": 2307,
  "replay_size": 20000,
  "loss": 0.757893443107605,
  "policy_loss": 0.7569518089294434,
  "value_loss": 0.000941622827667743
}
{
  "seed": 803185415658557942,
  "steps": 33,
  "total_reward": 81.54,
  "chase_count": 4,
  "samples": 33,
  "episode": 2308,
  "replay_size": 20000,
  "loss": 0.9267502427101135,
  "policy_loss": 0.925211638212204,
  "value_loss": 0.0015386069135274738
}
{
  "seed": 3597882254061760083,
  "steps": 26,
  "total_reward": 65.8,
  "chase_count": 5,
  "samples": 26,
  "episode": 2309,
  "replay_size": 20000,
  "loss": 0.9408398568630219,
  "policy_loss": 0.9396055042743683,
  "value_loss": 0.0012343565467745066
}
{
  "seed": 5045036645240347850,
  "steps": 39,
  "total_reward": 88.58000000000003,
  "chase_count": 5,
  "samples": 39,
  "episode": 2310,
  "replay_size": 20000,
  "loss": 0.725445955991745,
  "policy_loss": 0.7247388362884521,
  "value_loss": 0.0007071020954754204
}
{
  "seed": 1245597601972374184,
  "steps": 31,
  "total_reward": 99.01000000000003,
  "chase_count": 5,
  "samples": 31,
  "episode": 2311,
  "replay_size": 20000,
  "loss": 0.8854862451553345,
  "policy_loss": 0.8842150568962097,
  "value_loss": 0.001271213695872575
}
{
  "seed": 6707682554880471279,
  "steps": 40,
  "total_reward": 135.35000000000002,
  "chase_count": 4,
  "samples": 40,
  "episode": 2312,
  "replay_size": 20000,
  "loss": 0.8609257936477661,
  "policy_loss": 0.8598014414310455,
  "value_loss": 0.0011243506451137364
}
{
  "seed": 6917207429441168805,
  "steps": 32,
  "total_reward": 111.20000000000002,
  "chase_count": 5,
  "samples": 32,
  "episode": 2313,
  "replay_size": 20000,
  "loss": 0.7841958403587341,
  "policy_loss": 0.7828979194164276,
  "value_loss": 0.0012979158200323582
}
{
  "seed": 1847000396832285452,
  "steps": 24,
  "total_reward": 85.30000000000001,
  "chase_count": 4,
  "samples": 24,
  "episode": 2314,
  "replay_size": 20000,
  "loss": 0.8073370158672333,
  "policy_loss": 0.8058954179286957,
  "value_loss": 0.0014416109188459814
}
{
  "seed": 5744588431440041043,
  "steps": 30,
  "total_reward": 112.47000000000003,
  "chase_count": 4,
  "samples": 30,
  "episode": 2315,
  "replay_size": 20000,
  "loss": 0.9765933752059937,
  "policy_loss": 0.9751516878604889,
  "value_loss": 0.0014417199417948723
}
{
  "seed": 4562781834305558690,
  "steps": 37,
  "total_reward": 97.53000000000002,
  "chase_count": 4,
  "samples": 37,
  "episode": 2316,
  "replay_size": 20000,
  "loss": 0.7953290045261383,
  "policy_loss": 0.7942363917827606,
  "value_loss": 0.001092605700250715
}
{
  "seed": 7201290060029263012,
  "steps": 34,
  "total_reward": 94.25,
  "chase_count": 5,
  "samples": 34,
  "episode": 2317,
  "replay_size": 20000,
  "loss": 0.7459098100662231,
  "policy_loss": 0.7448883354663849,
  "value_loss": 0.0010214948561042547
}
{
  "seed": 3475925964365300763,
  "steps": 30,
  "total_reward": 85.59,
  "chase_count": 4,
  "samples": 30,
  "episode": 2318,
  "replay_size": 20000,
  "loss": 0.8316183686256409,
  "policy_loss": 0.8306879997253418,
  "value_loss": 0.0009303699480369687
}
{
  "seed": 1270612887248735202,
  "steps": 36,
  "total_reward": 107.44000000000003,
  "chase_count": 3,
  "samples": 36,
  "episode": 2319,
  "replay_size": 20000,
  "loss": 0.8686133027076721,
  "policy_loss": 0.8672057390213013,
  "value_loss": 0.0014075752114877105
}
{
  "seed": 150180177579460270,
  "steps": 35,
  "total_reward": 85.24000000000001,
  "chase_count": 4,
  "samples": 35,
  "episode": 2320,
  "replay_size": 20000,
  "loss": 0.8292669057846069,
  "policy_loss": 0.8281580805778503,
  "value_loss": 0.0011088220053352416
}
{
  "seed": 7923079472668176364,
  "steps": 28,
  "total_reward": 84.99000000000001,
  "chase_count": 5,
  "samples": 28,
  "episode": 2321,
  "replay_size": 20000,
  "loss": 0.8567454218864441,
  "policy_loss": 0.8557726442813873,
  "value_loss": 0.000972754874965176
}
{
  "seed": 3042161120293124262,
  "steps": 30,
  "total_reward": 108.04000000000002,
  "chase_count": 4,
  "samples": 30,
  "episode": 2322,
  "replay_size": 20000,
  "loss": 0.7910825610160828,
  "policy_loss": 0.7894001305103302,
  "value_loss": 0.001682419388089329
}
{
  "seed": 6809367332644424081,
  "steps": 29,
  "total_reward": 82.03,
  "chase_count": 5,
  "samples": 29,
  "episode": 2323,
  "replay_size": 20000,
  "loss": 0.9480251669883728,
  "policy_loss": 0.9468279182910919,
  "value_loss": 0.0011972203792538494
}
{
  "seed": 646833897837646084,
  "steps": 29,
  "total_reward": 90.31,
  "chase_count": 5,
  "samples": 29,
  "episode": 2324,
  "replay_size": 20000,
  "loss": 0.8516516983509064,
  "policy_loss": 0.8500576019287109,
  "value_loss": 0.001594073313754052
}
{
  "seed": 7893386664358852200,
  "steps": 25,
  "total_reward": 81.11000000000001,
  "chase_count": 5,
  "samples": 25,
  "episode": 2325,
  "replay_size": 20000,
  "loss": 0.8283008635044098,
  "policy_loss": 0.8269827961921692,
  "value_loss": 0.0013180821551941335
}
{
  "seed": 1215836508583805331,
  "steps": 36,
  "total_reward": 119.91000000000003,
  "chase_count": 4,
  "samples": 36,
  "episode": 2326,
  "replay_size": 20000,
  "loss": 0.8186390101909637,
  "policy_loss": 0.8176679611206055,
  "value_loss": 0.0009710320446174592
}
{
  "seed": 3065585290849736844,
  "steps": 46,
  "total_reward": 135.81000000000006,
  "chase_count": 4,
  "samples": 46,
  "episode": 2327,
  "replay_size": 20000,
  "loss": 0.7973900437355042,
  "policy_loss": 0.7963598370552063,
  "value_loss": 0.001030214421916753
}
{
  "seed": 6317683478354748625,
  "steps": 36,
  "total_reward": 77.83000000000001,
  "chase_count": 5,
  "samples": 36,
  "episode": 2328,
  "replay_size": 20000,
  "loss": 0.7276988327503204,
  "policy_loss": 0.7266793847084045,
  "value_loss": 0.0010194472561124712
}
{
  "seed": 5382863923503748545,
  "steps": 29,
  "total_reward": 107.56000000000003,
  "chase_count": 5,
  "samples": 29,
  "episode": 2329,
  "replay_size": 20000,
  "loss": 0.8037610054016113,
  "policy_loss": 0.8021818697452545,
  "value_loss": 0.0015791335026733577
}
{
  "seed": 5658901868666514816,
  "steps": 35,
  "total_reward": 104.90000000000002,
  "chase_count": 4,
  "samples": 35,
  "episode": 2330,
  "replay_size": 20000,
  "loss": 0.8968563675880432,
  "policy_loss": 0.8959510922431946,
  "value_loss": 0.0009052522073034197
}
{
  "seed": 1970872828659205811,
  "steps": 29,
  "total_reward": 82.26,
  "chase_count": 5,
  "samples": 29,
  "episode": 2331,
  "replay_size": 20000,
  "loss": 0.737974226474762,
  "policy_loss": 0.7368009984493256,
  "value_loss": 0.0011732317798305303
}
{
  "seed": 1557226522258927050,
  "steps": 36,
  "total_reward": 110.87000000000002,
  "chase_count": 5,
  "samples": 36,
  "episode": 2332,
  "replay_size": 20000,
  "loss": 0.9229461252689362,
  "policy_loss": 0.921827882528305,
  "value_loss": 0.0011182333109900355
}
{
  "seed": 5692170658214118289,
  "steps": 37,
  "total_reward": 79.35000000000002,
  "chase_count": 5,
  "samples": 37,
  "episode": 2333,
  "replay_size": 20000,
  "loss": 0.8672286570072174,
  "policy_loss": 0.8657166957855225,
  "value_loss": 0.0015119636664167047
}
{
  "seed": 3746207835904276531,
  "steps": 28,
  "total_reward": 94.15,
  "chase_count": 5,
  "samples": 28,
  "episode": 2334,
  "replay_size": 20000,
  "loss": 0.9323837757110596,
  "policy_loss": 0.9314249157905579,
  "value_loss": 0.0009588682150933892
}
{
  "seed": 5021802649192768429,
  "steps": 29,
  "total_reward": 85.60000000000002,
  "chase_count": 4,
  "samples": 29,
  "episode": 2335,
  "replay_size": 20000,
  "loss": 0.9064655900001526,
  "policy_loss": 0.9049313068389893,
  "value_loss": 0.0015342839760705829
}
{
  "seed": 1713815530791173709,
  "steps": 40,
  "total_reward": 111.85000000000002,
  "chase_count": 3,
  "samples": 40,
  "episode": 2336,
  "replay_size": 20000,
  "loss": 0.8552753329277039,
  "policy_loss": 0.8544045686721802,
  "value_loss": 0.0008707395754754543
}
{
  "seed": 3991203263224808380,
  "steps": 32,
  "total_reward": 97.91000000000001,
  "chase_count": 5,
  "samples": 32,
  "episode": 2337,
  "replay_size": 20000,
  "loss": 0.835304319858551,
  "policy_loss": 0.8342986404895782,
  "value_loss": 0.0010056906612589955
}
{
  "seed": 476114462404561307,
  "steps": 30,
  "total_reward": 99.42,
  "chase_count": 5,
  "samples": 30,
  "episode": 2338,
  "replay_size": 20000,
  "loss": 0.8083588778972626,
  "policy_loss": 0.8072814345359802,
  "value_loss": 0.0010774348629638553
}
{
  "seed": 2526497328600529527,
  "steps": 35,
  "total_reward": 72.76000000000002,
  "chase_count": 5,
  "samples": 35,
  "episode": 2339,
  "replay_size": 20000,
  "loss": 0.8083740174770355,
  "policy_loss": 0.8067419230937958,
  "value_loss": 0.00163207488367334
}
{
  "seed": 4802890957665028876,
  "steps": 32,
  "total_reward": 108.42,
  "chase_count": 5,
  "samples": 32,
  "episode": 2340,
  "replay_size": 20000,
  "loss": 0.9406259953975677,
  "policy_loss": 0.939296305179596,
  "value_loss": 0.0013296956894919276
}
{
  "seed": 3179616898048601321,
  "steps": 33,
  "total_reward": 99.31000000000003,
  "chase_count": 4,
  "samples": 33,
  "episode": 2341,
  "replay_size": 20000,
  "loss": 0.8735528588294983,
  "policy_loss": 0.872604489326477,
  "value_loss": 0.0009483808535151184
}
{
  "seed": 8566284500087568531,
  "steps": 29,
  "total_reward": 70.31000000000002,
  "chase_count": 5,
  "samples": 29,
  "episode": 2342,
  "replay_size": 20000,
  "loss": 0.8100642263889313,
  "policy_loss": 0.808687835931778,
  "value_loss": 0.001376385218463838
}
{
  "seed": 3489621014316998228,
  "steps": 29,
  "total_reward": 96.05000000000001,
  "chase_count": 5,
  "samples": 29,
  "episode": 2343,
  "replay_size": 20000,
  "loss": 0.917685478925705,
  "policy_loss": 0.9167051613330841,
  "value_loss": 0.0009803277789615095
}
{
  "seed": 3693865486438717353,
  "steps": 29,
  "total_reward": 83.38,
  "chase_count": 5,
  "samples": 29,
  "episode": 2344,
  "replay_size": 20000,
  "loss": 0.9805260300636292,
  "policy_loss": 0.9796130061149597,
  "value_loss": 0.0009130063699558377
}
{
  "seed": 165558105393242563,
  "steps": 33,
  "total_reward": 92.09000000000002,
  "chase_count": 4,
  "samples": 33,
  "episode": 2345,
  "replay_size": 20000,
  "loss": 0.7639870345592499,
  "policy_loss": 0.7628062069416046,
  "value_loss": 0.001180814579129219
}
{
  "seed": 5659726432735533814,
  "steps": 38,
  "total_reward": 85.96000000000002,
  "chase_count": 5,
  "samples": 38,
  "episode": 2346,
  "replay_size": 20000,
  "loss": 0.8111655712127686,
  "policy_loss": 0.8099181354045868,
  "value_loss": 0.0012474297545850277
}
{
  "seed": 2234967961572580181,
  "steps": 42,
  "total_reward": 103.91000000000003,
  "chase_count": 5,
  "samples": 42,
  "episode": 2347,
  "replay_size": 20000,
  "loss": 0.8585407733917236,
  "policy_loss": 0.8571477830410004,
  "value_loss": 0.001392975973431021
}
{
  "seed": 6382341759442155818,
  "steps": 32,
  "total_reward": 97.98,
  "chase_count": 4,
  "samples": 32,
  "episode": 2348,
  "replay_size": 20000,
  "loss": 0.8815499842166901,
  "policy_loss": 0.8808163106441498,
  "value_loss": 0.0007336862618103623
}
{
  "seed": 6080815486317306143,
  "steps": 36,
  "total_reward": 94.63000000000001,
  "chase_count": 4,
  "samples": 36,
  "episode": 2349,
  "replay_size": 20000,
  "loss": 0.881275475025177,
  "policy_loss": 0.8802564442157745,
  "value_loss": 0.0010190192551817745
}
{
  "seed": 7570145195222184624,
  "steps": 27,
  "total_reward": 84.99000000000001,
  "chase_count": 5,
  "samples": 27,
  "episode": 2350,
  "replay_size": 20000,
  "loss": 0.8324610888957977,
  "policy_loss": 0.8311114013195038,
  "value_loss": 0.001349705329630524
}
{
  "seed": 1527692947233028053,
  "steps": 28,
  "total_reward": 102.18,
  "chase_count": 5,
  "samples": 28,
  "episode": 2351,
  "replay_size": 20000,
  "loss": 0.824379026889801,
  "policy_loss": 0.8234440386295319,
  "value_loss": 0.0009349798201583326
}
{
  "seed": 5047776887163947037,
  "steps": 35,
  "total_reward": 112.76000000000002,
  "chase_count": 3,
  "samples": 35,
  "episode": 2352,
  "replay_size": 20000,
  "loss": 0.7357801795005798,
  "policy_loss": 0.734541118144989,
  "value_loss": 0.0012390603951644152
}
{
  "seed": 8830449098869454541,
  "steps": 29,
  "total_reward": 97.21,
  "chase_count": 4,
  "samples": 29,
  "episode": 2353,
  "replay_size": 20000,
  "loss": 0.8371521532535553,
  "policy_loss": 0.8359670341014862,
  "value_loss": 0.0011851200833916664
}
{
  "seed": 1416452195180662339,
  "steps": 27,
  "total_reward": 76.03,
  "chase_count": 5,
  "samples": 27,
  "episode": 2354,
  "replay_size": 20000,
  "loss": 0.8195534944534302,
  "policy_loss": 0.8185538947582245,
  "value_loss": 0.0009996051958296448
}
{
  "seed": 2939352835400149206,
  "steps": 39,
  "total_reward": 99.35000000000001,
  "chase_count": 5,
  "samples": 39,
  "episode": 2355,
  "replay_size": 20000,
  "loss": 0.7727660834789276,
  "policy_loss": 0.7714816033840179,
  "value_loss": 0.0012844541342929006
}
{
  "seed": 2035622724675412993,
  "steps": 35,
  "total_reward": 89.29000000000002,
  "chase_count": 4,
  "samples": 35,
  "episode": 2356,
  "replay_size": 20000,
  "loss": 0.8975169360637665,
  "policy_loss": 0.8960160315036774,
  "value_loss": 0.0015008901827968657
}
{
  "seed": 3836577529914260638,
  "steps": 36,
  "total_reward": 100.14000000000001,
  "chase_count": 5,
  "samples": 36,
  "episode": 2357,
  "replay_size": 20000,
  "loss": 0.8440360128879547,
  "policy_loss": 0.8428833186626434,
  "value_loss": 0.0011527028982527554
}
{
  "seed": 506076988416983454,
  "steps": 34,
  "total_reward": 91.10000000000001,
  "chase_count": 5,
  "samples": 34,
  "episode": 2358,
  "replay_size": 20000,
  "loss": 0.7571361064910889,
  "policy_loss": 0.7556679844856262,
  "value_loss": 0.0014681241009384394
}
{
  "seed": 7801451291493648787,
  "steps": 40,
  "total_reward": 80.42000000000002,
  "chase_count": 4,
  "samples": 40,
  "episode": 2359,
  "replay_size": 20000,
  "loss": 0.9178273379802704,
  "policy_loss": 0.916169673204422,
  "value_loss": 0.0016576563939452171
}
{
  "seed": 2041606707875735674,
  "steps": 31,
  "total_reward": 74.09000000000003,
  "chase_count": 5,
  "samples": 31,
  "episode": 2360,
  "replay_size": 20000,
  "loss": 0.869386613368988,
  "policy_loss": 0.868178516626358,
  "value_loss": 0.0012080728774890304
}
{
  "seed": 680014615539682352,
  "steps": 37,
  "total_reward": 72.43,
  "chase_count": 4,
  "samples": 37,
  "episode": 2361,
  "replay_size": 20000,
  "loss": 0.8497874140739441,
  "policy_loss": 0.8479982614517212,
  "value_loss": 0.0017891242168843746
}
{
  "seed": 1100541849269160899,
  "steps": 29,
  "total_reward": 73.70000000000002,
  "chase_count": 5,
  "samples": 29,
  "episode": 2362,
  "replay_size": 20000,
  "loss": 0.8739195466041565,
  "policy_loss": 0.8728158175945282,
  "value_loss": 0.0011037446383852512
}
{
  "seed": 4743037270573782439,
  "steps": 34,
  "total_reward": 114.41000000000001,
  "chase_count": 4,
  "samples": 34,
  "episode": 2363,
  "replay_size": 20000,
  "loss": 0.86854088306427,
  "policy_loss": 0.8671847283840179,
  "value_loss": 0.0013561439700424671
}
{
  "seed": 964675129110851196,
  "steps": 27,
  "total_reward": 69.67000000000002,
  "chase_count": 5,
  "samples": 27,
  "episode": 2364,
  "replay_size": 20000,
  "loss": 0.7768004834651947,
  "policy_loss": 0.7758037447929382,
  "value_loss": 0.0009967282821889967
}
{
  "seed": 6116435721867787467,
  "steps": 33,
  "total_reward": 109.14000000000004,
  "chase_count": 5,
  "samples": 33,
  "episode": 2365,
  "replay_size": 20000,
  "loss": 0.7901262044906616,
  "policy_loss": 0.7884908318519592,
  "value_loss": 0.0016353955143131316
}
{
  "seed": 5499225658131734847,
  "steps": 34,
  "total_reward": 94.05000000000001,
  "chase_count": 5,
  "samples": 34,
  "episode": 2366,
  "replay_size": 20000,
  "loss": 0.851569801568985,
  "policy_loss": 0.8504248261451721,
  "value_loss": 0.0011449609883129597
}
{
  "seed": 702379920100681253,
  "steps": 38,
  "total_reward": 89.06000000000003,
  "chase_count": 5,
  "samples": 38,
  "episode": 2367,
  "replay_size": 20000,
  "loss": 0.8727346062660217,
  "policy_loss": 0.8716228902339935,
  "value_loss": 0.0011117184185422957
}
{
  "seed": 621247503251571216,
  "steps": 37,
  "total_reward": 90.68,
  "chase_count": 4,
  "samples": 37,
  "episode": 2368,
  "replay_size": 20000,
  "loss": 0.8451921343803406,
  "policy_loss": 0.8440108895301819,
  "value_loss": 0.0011812351294793189
}
{
  "seed": 5308609859808464621,
  "steps": 28,
  "total_reward": 102.41000000000004,
  "chase_count": 4,
  "samples": 28,
  "episode": 2369,
  "replay_size": 20000,
  "loss": 0.9462878406047821,
  "policy_loss": 0.9449219107627869,
  "value_loss": 0.0013659310643561184
}
{
  "seed": 994447425856738637,
  "steps": 40,
  "total_reward": 106.80000000000003,
  "chase_count": 4,
  "samples": 40,
  "episode": 2370,
  "replay_size": 20000,
  "loss": 0.7902144193649292,
  "policy_loss": 0.7887592911720276,
  "value_loss": 0.0014551222557201982
}
{
  "seed": 2470691870035385409,
  "steps": 27,
  "total_reward": 94.56,
  "chase_count": 4,
  "samples": 27,
  "episode": 2371,
  "replay_size": 20000,
  "loss": 0.7799687683582306,
  "policy_loss": 0.7788359522819519,
  "value_loss": 0.0011328190448693931
}
{
  "seed": 4676664656606698146,
  "steps": 29,
  "total_reward": 97.17000000000002,
  "chase_count": 5,
  "samples": 29,
  "episode": 2372,
  "replay_size": 20000,
  "loss": 0.8816453516483307,
  "policy_loss": 0.8802796900272369,
  "value_loss": 0.0013656803639605641
}
{
  "seed": 2251447069972991359,
  "steps": 29,
  "total_reward": 104.37000000000003,
  "chase_count": 4,
  "samples": 29,
  "episode": 2373,
  "replay_size": 20000,
  "loss": 0.8385647833347321,
  "policy_loss": 0.8376879096031189,
  "value_loss": 0.0008768928237259388
}
{
  "seed": 4074985156422597440,
  "steps": 27,
  "total_reward": 94.36999999999999,
  "chase_count": 3,
  "samples": 27,
  "episode": 2374,
  "replay_size": 20000,
  "loss": 0.7618990838527679,
  "policy_loss": 0.7608478367328644,
  "value_loss": 0.0010512462176848203
}
{
  "seed": 6624786309805586590,
  "steps": 34,
  "total_reward": 93.04000000000002,
  "chase_count": 5,
  "samples": 34,
  "episode": 2375,
  "replay_size": 20000,
  "loss": 0.9176915884017944,
  "policy_loss": 0.9166924059391022,
  "value_loss": 0.0009991855476982892
}
{
  "seed": 5468270896209064195,
  "steps": 39,
  "total_reward": 88.14000000000003,
  "chase_count": 5,
  "samples": 39,
  "episode": 2376,
  "replay_size": 20000,
  "loss": 0.8427773118019104,
  "policy_loss": 0.8416090309619904,
  "value_loss": 0.0011682531330734491
}
{
  "seed": 6175943767106990477,
  "steps": 34,
  "total_reward": 108.65,
  "chase_count": 5,
  "samples": 34,
  "episode": 2377,
  "replay_size": 20000,
  "loss": 0.8190966844558716,
  "policy_loss": 0.8179686963558197,
  "value_loss": 0.001127979252487421
}
{
  "seed": 1384411760561836923,
  "steps": 29,
  "total_reward": 103.28000000000002,
  "chase_count": 5,
  "samples": 29,
  "episode": 2378,
  "replay_size": 20000,
  "loss": 0.9111538529396057,
  "policy_loss": 0.9099269211292267,
  "value_loss": 0.0012269378057681024
}
{
  "seed": 7437275118498190129,
  "steps": 37,
  "total_reward": 76.87,
  "chase_count": 3,
  "samples": 37,
  "episode": 2379,
  "replay_size": 20000,
  "loss": 0.8166325390338898,
  "policy_loss": 0.815216451883316,
  "value_loss": 0.00141608202829957
}
{
  "seed": 6796603124156445464,
  "steps": 32,
  "total_reward": 92.54000000000002,
  "chase_count": 5,
  "samples": 32,
  "episode": 2380,
  "replay_size": 20000,
  "loss": 0.9509492814540863,
  "policy_loss": 0.9497525095939636,
  "value_loss": 0.0011967599857598543
}
{
  "seed": 3497249729588507147,
  "steps": 38,
  "total_reward": 133.98000000000002,
  "chase_count": 3,
  "samples": 38,
  "episode": 2381,
  "replay_size": 20000,
  "loss": 0.8420712053775787,
  "policy_loss": 0.8407095074653625,
  "value_loss": 0.0013617081567645073
}
{
  "seed": 5685514608906040608,
  "steps": 31,
  "total_reward": 86.08000000000001,
  "chase_count": 5,
  "samples": 31,
  "episode": 2382,
  "replay_size": 20000,
  "loss": 0.9145728051662445,
  "policy_loss": 0.913321852684021,
  "value_loss": 0.0012509526568464935
}
{
  "seed": 828179073338823223,
  "steps": 37,
  "total_reward": 76.71000000000004,
  "chase_count": 5,
  "samples": 37,
  "episode": 2383,
  "replay_size": 20000,
  "loss": 0.7990351021289825,
  "policy_loss": 0.7973491847515106,
  "value_loss": 0.0016859287861734629
}
{
  "seed": 6534537624424409141,
  "steps": 30,
  "total_reward": 97.00999999999999,
  "chase_count": 5,
  "samples": 30,
  "episode": 2384,
  "replay_size": 20000,
  "loss": 0.8465702533721924,
  "policy_loss": 0.845221221446991,
  "value_loss": 0.0013490329147316515
}
{
  "seed": 6603028060258473780,
  "steps": 39,
  "total_reward": 102.57000000000001,
  "chase_count": 5,
  "samples": 39,
  "episode": 2385,
  "replay_size": 20000,
  "loss": 0.8729545474052429,
  "policy_loss": 0.871638298034668,
  "value_loss": 0.0013162497780285776
}
{
  "seed": 1954622272105056566,
  "steps": 32,
  "total_reward": 99.09,
  "chase_count": 4,
  "samples": 32,
  "episode": 2386,
  "replay_size": 20000,
  "loss": 0.8798390626907349,
  "policy_loss": 0.8783493936061859,
  "value_loss": 0.0014896861393935978
}
{
  "seed": 8688047650891476500,
  "steps": 31,
  "total_reward": 95.63000000000001,
  "chase_count": 5,
  "samples": 31,
  "episode": 2387,
  "replay_size": 20000,
  "loss": 0.8107034265995026,
  "policy_loss": 0.8093875050544739,
  "value_loss": 0.0013158997753635049
}
{
  "seed": 7302970463057920002,
  "steps": 34,
  "total_reward": 69.55000000000001,
  "chase_count": 4,
  "samples": 34,
  "episode": 2388,
  "replay_size": 20000,
  "loss": 0.8873235881328583,
  "policy_loss": 0.8859076797962189,
  "value_loss": 0.001415883656591177
}
{
  "seed": 5958705337469103964,
  "steps": 40,
  "total_reward": 97.70000000000002,
  "chase_count": 5,
  "samples": 40,
  "episode": 2389,
  "replay_size": 20000,
  "loss": 0.8416593968868256,
  "policy_loss": 0.840678483247757,
  "value_loss": 0.0009809078183025122
}
{
  "seed": 4725935590443608002,
  "steps": 35,
  "total_reward": 116.27000000000004,
  "chase_count": 4,
  "samples": 35,
  "episode": 2390,
  "replay_size": 20000,
  "loss": 0.8291938006877899,
  "policy_loss": 0.8282260000705719,
  "value_loss": 0.0009678027417976409
}
{
  "seed": 5475106956425000511,
  "steps": 32,
  "total_reward": 83.73000000000002,
  "chase_count": 5,
  "samples": 32,
  "episode": 2391,
  "replay_size": 20000,
  "loss": 0.8862515389919281,
  "policy_loss": 0.8854275643825531,
  "value_loss": 0.0008239764720201492
}
{
  "seed": 7392316399261371486,
  "steps": 34,
  "total_reward": 130.53,
  "chase_count": 5,
  "samples": 34,
  "episode": 2392,
  "replay_size": 20000,
  "loss": 0.8985181450843811,
  "policy_loss": 0.8977003693580627,
  "value_loss": 0.000817755819298327
}
{
  "seed": 4986045221280201569,
  "steps": 38,
  "total_reward": 103.42000000000002,
  "chase_count": 3,
  "samples": 38,
  "episode": 2393,
  "replay_size": 20000,
  "loss": 0.8633091449737549,
  "policy_loss": 0.8617559969425201,
  "value_loss": 0.00155314413132146
}
{
  "seed": 5837085326383497945,
  "steps": 32,
  "total_reward": 93.57000000000002,
  "chase_count": 5,
  "samples": 32,
  "episode": 2394,
  "replay_size": 20000,
  "loss": 0.7610004842281342,
  "policy_loss": 0.7597123682498932,
  "value_loss": 0.0012881133297923952
}
{
  "seed": 3266289383155239349,
  "steps": 33,
  "total_reward": 86.96000000000004,
  "chase_count": 4,
  "samples": 33,
  "episode": 2395,
  "replay_size": 20000,
  "loss": 0.8843243718147278,
  "policy_loss": 0.8832681179046631,
  "value_loss": 0.0010562642419245094
}
{
  "seed": 8931534330581351087,
  "steps": 29,
  "total_reward": 92.64000000000001,
  "chase_count": 5,
  "samples": 29,
  "episode": 2396,
  "replay_size": 20000,
  "loss": 0.8522404730319977,
  "policy_loss": 0.8508182764053345,
  "value_loss": 0.001422191970050335
}
{
  "seed": 509271461445979746,
  "steps": 33,
  "total_reward": 92.84,
  "chase_count": 5,
  "samples": 33,
  "episode": 2397,
  "replay_size": 20000,
  "loss": 0.8381299376487732,
  "policy_loss": 0.8368946611881256,
  "value_loss": 0.001235265692230314
}
{
  "seed": 3488651306203080599,
  "steps": 30,
  "total_reward": 94.37,
  "chase_count": 3,
  "samples": 30,
  "episode": 2398,
  "replay_size": 20000,
  "loss": 0.819346159696579,
  "policy_loss": 0.818106472492218,
  "value_loss": 0.001239692501258105
}
{
  "seed": 3807966572100838463,
  "steps": 29,
  "total_reward": 86.93,
  "chase_count": 4,
  "samples": 29,
  "episode": 2399,
  "replay_size": 20000,
  "loss": 0.974246621131897,
  "policy_loss": 0.9726002216339111,
  "value_loss": 0.0016463723732158542
}
{
  "seed": 2963557496437887471,
  "steps": 28,
  "total_reward": 72.07000000000001,
  "chase_count": 5,
  "samples": 28,
  "episode": 2400,
  "replay_size": 20000,
  "loss": 0.8185205161571503,
  "policy_loss": 0.8174756467342377,
  "value_loss": 0.0010448635439388454
}
{
  "seed": 7807764427083772745,
  "steps": 25,
  "total_reward": 89.30000000000001,
  "chase_count": 4,
  "samples": 25,
  "episode": 2401,
  "replay_size": 20000,
  "loss": 0.8330894410610199,
  "policy_loss": 0.8316679000854492,
  "value_loss": 0.0014215419942047447
}
{
  "seed": 3674922285025189309,
  "steps": 27,
  "total_reward": 98.15999999999998,
  "chase_count": 5,
  "samples": 27,
  "episode": 2402,
  "replay_size": 20000,
  "loss": 0.8413819372653961,
  "policy_loss": 0.8401930928230286,
  "value_loss": 0.0011888485169038177
}
{
  "seed": 483716355445249148,
  "steps": 26,
  "total_reward": 78.25999999999999,
  "chase_count": 5,
  "samples": 26,
  "episode": 2403,
  "replay_size": 20000,
  "loss": 0.8026449084281921,
  "policy_loss": 0.8016532063484192,
  "value_loss": 0.0009916928829625249
}
{
  "seed": 1064492897655153934,
  "steps": 38,
  "total_reward": 88.43000000000004,
  "chase_count": 5,
  "samples": 38,
  "episode": 2404,
  "replay_size": 20000,
  "loss": 0.7020201683044434,
  "policy_loss": 0.7007142901420593,
  "value_loss": 0.0013058739132247865
}
{
  "seed": 6198414228912377691,
  "steps": 37,
  "total_reward": 109.72,
  "chase_count": 5,
  "samples": 37,
  "episode": 2405,
  "replay_size": 20000,
  "loss": 0.8233104944229126,
  "policy_loss": 0.8221893012523651,
  "value_loss": 0.0011211881646886468
}
{
  "seed": 1367839933208515692,
  "steps": 29,
  "total_reward": 106.77000000000002,
  "chase_count": 5,
  "samples": 29,
  "episode": 2406,
  "replay_size": 20000,
  "loss": 0.8378704786300659,
  "policy_loss": 0.8364042341709137,
  "value_loss": 0.0014662460307590663
}
{
  "seed": 1301059990827370296,
  "steps": 41,
  "total_reward": 85.94000000000003,
  "chase_count": 4,
  "samples": 41,
  "episode": 2407,
  "replay_size": 20000,
  "loss": 0.8783271312713623,
  "policy_loss": 0.8771914839744568,
  "value_loss": 0.0011356496543157846
}
{
  "seed": 1730339104826881363,
  "steps": 26,
  "total_reward": 83.2,
  "chase_count": 5,
  "samples": 26,
  "episode": 2408,
  "replay_size": 20000,
  "loss": 0.9004569947719574,
  "policy_loss": 0.8992291986942291,
  "value_loss": 0.001227789733093232
}
{
  "seed": 8958055261489476418,
  "steps": 33,
  "total_reward": 102.93000000000002,
  "chase_count": 5,
  "samples": 33,
  "episode": 2409,
  "replay_size": 20000,
  "loss": 0.8727709949016571,
  "policy_loss": 0.8713937997817993,
  "value_loss": 0.0013771867379546165
}
{
  "seed": 5559886951134904462,
  "steps": 37,
  "total_reward": 99.65,
  "chase_count": 5,
  "samples": 37,
  "episode": 2410,
  "replay_size": 20000,
  "loss": 0.8313944935798645,
  "policy_loss": 0.8300492465496063,
  "value_loss": 0.0013452351558953524
}
{
  "seed": 266910118061060423,
  "steps": 25,
  "total_reward": 92.39000000000001,
  "chase_count": 5,
  "samples": 25,
  "episode": 2411,
  "replay_size": 20000,
  "loss": 0.8999215960502625,
  "policy_loss": 0.8990704715251923,
  "value_loss": 0.0008511249034199864
}
{
  "seed": 5549125196647606599,
  "steps": 42,
  "total_reward": 115.07000000000001,
  "chase_count": 4,
  "samples": 42,
  "episode": 2412,
  "replay_size": 20000,
  "loss": 0.8081439733505249,
  "policy_loss": 0.8067767322063446,
  "value_loss": 0.001367245684377849
}
{
  "seed": 3591697040359186710,
  "steps": 34,
  "total_reward": 126.16000000000004,
  "chase_count": 5,
  "samples": 34,
  "episode": 2413,
  "replay_size": 20000,
  "loss": 0.8686456382274628,
  "policy_loss": 0.8676071465015411,
  "value_loss": 0.0010385061905253679
}
{
  "seed": 1582282050157741693,
  "steps": 30,
  "total_reward": 96.14000000000001,
  "chase_count": 4,
  "samples": 30,
  "episode": 2414,
  "replay_size": 20000,
  "loss": 0.8324337005615234,
  "policy_loss": 0.831044465303421,
  "value_loss": 0.001389209006447345
}
{
  "seed": 3733089130634475280,
  "steps": 45,
  "total_reward": 109.07000000000004,
  "chase_count": 2,
  "samples": 45,
  "episode": 2415,
  "replay_size": 20000,
  "loss": 0.8021160364151001,
  "policy_loss": 0.8011676371097565,
  "value_loss": 0.000948414031881839
}
{
  "seed": 4049333631293758955,
  "steps": 38,
  "total_reward": 102.30000000000001,
  "chase_count": 4,
  "samples": 38,
  "episode": 2416,
  "replay_size": 20000,
  "loss": 0.8018198013305664,
  "policy_loss": 0.8004644215106964,
  "value_loss": 0.0013553831377066672
}
{
  "seed": 8225238359147476716,
  "steps": 32,
  "total_reward": 103.12000000000002,
  "chase_count": 4,
  "samples": 32,
  "episode": 2417,
  "replay_size": 20000,
  "loss": 0.8989863693714142,
  "policy_loss": 0.8979605436325073,
  "value_loss": 0.0010258285910822451
}
{
  "seed": 8926896421160730417,
  "steps": 37,
  "total_reward": 91.94000000000003,
  "chase_count": 3,
  "samples": 37,
  "episode": 2418,
  "replay_size": 20000,
  "loss": 0.7820634841918945,
  "policy_loss": 0.7812807261943817,
  "value_loss": 0.0007827394001651555
}
{
  "seed": 4730272513922079393,
  "steps": 31,
  "total_reward": 69.46,
  "chase_count": 4,
  "samples": 31,
  "episode": 2419,
  "replay_size": 20000,
  "loss": 0.7948753833770752,
  "policy_loss": 0.7938193082809448,
  "value_loss": 0.0010560561495367438
}
{
  "seed": 8822754052824796625,
  "steps": 32,
  "total_reward": 66.35,
  "chase_count": 5,
  "samples": 32,
  "episode": 2420,
  "replay_size": 20000,
  "loss": 0.9020033776760101,
  "policy_loss": 0.9006094336509705,
  "value_loss": 0.0013939247000962496
}
{
  "seed": 122795161705001624,
  "steps": 31,
  "total_reward": 79.97,
  "chase_count": 5,
  "samples": 31,
  "episode": 2421,
  "replay_size": 20000,
  "loss": 0.8772093951702118,
  "policy_loss": 0.8760156631469727,
  "value_loss": 0.0011937336530536413
}
{
  "seed": 6696940624891275294,
  "steps": 39,
  "total_reward": 136.81000000000003,
  "chase_count": 5,
  "samples": 39,
  "episode": 2422,
  "replay_size": 20000,
  "loss": 0.8486655950546265,
  "policy_loss": 0.8470940291881561,
  "value_loss": 0.0015715877525508404
}
{
  "seed": 6852833506177569702,
  "steps": 29,
  "total_reward": 108.16,
  "chase_count": 5,
  "samples": 29,
  "episode": 2423,
  "replay_size": 20000,
  "loss": 0.9157975614070892,
  "policy_loss": 0.914666473865509,
  "value_loss": 0.0011310936824884266
}
{
  "seed": 7992126837786827426,
  "steps": 31,
  "total_reward": 79.94,
  "chase_count": 5,
  "samples": 31,
  "episode": 2424,
  "replay_size": 20000,
  "loss": 0.9797759056091309,
  "policy_loss": 0.9782412052154541,
  "value_loss": 0.001534710987471044
}
{
  "seed": 4918346164692191227,
  "steps": 33,
  "total_reward": 111.93,
  "chase_count": 5,
  "samples": 33,
  "episode": 2425,
  "replay_size": 20000,
  "loss": 0.758992612361908,
  "policy_loss": 0.7579166889190674,
  "value_loss": 0.0010759104625321925
}
{
  "seed": 48242114599442172,
  "steps": 33,
  "total_reward": 95.34000000000003,
  "chase_count": 5,
  "samples": 33,
  "episode": 2426,
  "replay_size": 20000,
  "loss": 0.9063998460769653,
  "policy_loss": 0.9052537083625793,
  "value_loss": 0.0011461557005532086
}
{
  "seed": 3330047075156241670,
  "steps": 37,
  "total_reward": 112.98000000000003,
  "chase_count": 5,
  "samples": 37,
  "episode": 2427,
  "replay_size": 20000,
  "loss": 0.7873497307300568,
  "policy_loss": 0.7861620187759399,
  "value_loss": 0.0011876915814355016
}
{
  "seed": 1915154024333024188,
  "steps": 33,
  "total_reward": 77.38,
  "chase_count": 5,
  "samples": 33,
  "episode": 2428,
  "replay_size": 20000,
  "loss": 0.8179632127285004,
  "policy_loss": 0.8169034123420715,
  "value_loss": 0.0010597938671708107
}
{
  "seed": 5461751306046106438,
  "steps": 32,
  "total_reward": 110.28000000000003,
  "chase_count": 5,
  "samples": 32,
  "episode": 2429,
  "replay_size": 20000,
  "loss": 0.7945698499679565,
  "policy_loss": 0.7934502363204956,
  "value_loss": 0.00111962208757177
}
{
  "seed": 7560122471115637707,
  "steps": 33,
  "total_reward": 93.97,
  "chase_count": 4,
  "samples": 33,
  "episode": 2430,
  "replay_size": 20000,
  "loss": 0.767025351524353,
  "policy_loss": 0.7660558819770813,
  "value_loss": 0.0009694773179944605
}
{
  "seed": 3981020468666906398,
  "steps": 36,
  "total_reward": 109.19000000000004,
  "chase_count": 4,
  "samples": 36,
  "episode": 2431,
  "replay_size": 20000,
  "loss": 0.8262382745742798,
  "policy_loss": 0.8249734044075012,
  "value_loss": 0.0012648732808884233
}
{
  "seed": 3340838774474416037,
  "steps": 28,
  "total_reward": 77.31,
  "chase_count": 4,
  "samples": 28,
  "episode": 2432,
  "replay_size": 20000,
  "loss": 0.8404202461242676,
  "policy_loss": 0.8388596475124359,
  "value_loss": 0.001560582546517253
}
{
  "seed": 7455848406177441781,
  "steps": 35,
  "total_reward": 100.02000000000001,
  "chase_count": 4,
  "samples": 35,
  "episode": 2433,
  "replay_size": 20000,
  "loss": 0.7979221940040588,
  "policy_loss": 0.7968989014625549,
  "value_loss": 0.0010232905624434352
}
{
  "seed": 257401558740048094,
  "steps": 42,
  "total_reward": 102.82000000000004,
  "chase_count": 4,
  "samples": 42,
  "episode": 2434,
  "replay_size": 20000,
  "loss": 0.9233422875404358,
  "policy_loss": 0.9221969842910767,
  "value_loss": 0.0011452887556515634
}
{
  "seed": 3273725800434839365,
  "steps": 32,
  "total_reward": 106.82000000000004,
  "chase_count": 3,
  "samples": 32,
  "episode": 2435,
  "replay_size": 20000,
  "loss": 0.8070054948329926,
  "policy_loss": 0.8050058484077454,
  "value_loss": 0.001999634667299688
}
{
  "seed": 8552476702960254408,
  "steps": 31,
  "total_reward": 87.80000000000001,
  "chase_count": 5,
  "samples": 31,
  "episode": 2436,
  "replay_size": 20000,
  "loss": 0.9481101632118225,
  "policy_loss": 0.9472120702266693,
  "value_loss": 0.0008981114078778774
}
{
  "seed": 5144896973591135321,
  "steps": 37,
  "total_reward": 108.63000000000002,
  "chase_count": 3,
  "samples": 37,
  "episode": 2437,
  "replay_size": 20000,
  "loss": 0.9595127403736115,
  "policy_loss": 0.9581742882728577,
  "value_loss": 0.0013384328922256827
}
{
  "seed": 8197195131581742392,
  "steps": 31,
  "total_reward": 71.78000000000002,
  "chase_count": 5,
  "samples": 31,
  "episode": 2438,
  "replay_size": 20000,
  "loss": 0.7331033945083618,
  "policy_loss": 0.7314935326576233,
  "value_loss": 0.0016098681662697345
}
{
  "seed": 8056679285589660161,
  "steps": 28,
  "total_reward": 102.33000000000004,
  "chase_count": 4,
  "samples": 28,
  "episode": 2439,
  "replay_size": 20000,
  "loss": 0.7812187075614929,
  "policy_loss": 0.7800449728965759,
  "value_loss": 0.0011737254681065679
}
{
  "seed": 3938200481112492499,
  "steps": 38,
  "total_reward": 107.71000000000004,
  "chase_count": 4,
  "samples": 38,
  "episode": 2440,
  "replay_size": 20000,
  "loss": 0.7944687902927399,
  "policy_loss": 0.7931987643241882,
  "value_loss": 0.001270035922061652
}
{
  "seed": 5154217948038977068,
  "steps": 41,
  "total_reward": 106.33000000000001,
  "chase_count": 4,
  "samples": 41,
  "episode": 2441,
  "replay_size": 20000,
  "loss": 0.7999100387096405,
  "policy_loss": 0.798749566078186,
  "value_loss": 0.00116047213668935
}
{
  "seed": 136342095564080382,
  "steps": 30,
  "total_reward": 93.76000000000003,
  "chase_count": 4,
  "samples": 30,
  "episode": 2442,
  "replay_size": 20000,
  "loss": 0.9625871479511261,
  "policy_loss": 0.9616793692111969,
  "value_loss": 0.0009078026632778347
}
{
  "seed": 1520766388655043018,
  "steps": 28,
  "total_reward": 71.05,
  "chase_count": 5,
  "samples": 28,
  "episode": 2443,
  "replay_size": 20000,
  "loss": 0.7143611311912537,
  "policy_loss": 0.7131353616714478,
  "value_loss": 0.001225775107741356
}
{
  "seed": 3635355920491935672,
  "steps": 28,
  "total_reward": 92.05000000000003,
  "chase_count": 5,
  "samples": 28,
  "episode": 2444,
  "replay_size": 20000,
  "loss": 0.8208333849906921,
  "policy_loss": 0.8198533058166504,
  "value_loss": 0.000980061769951135
}
{
  "seed": 8782612639025116643,
  "steps": 30,
  "total_reward": 73.05,
  "chase_count": 5,
  "samples": 30,
  "episode": 2445,
  "replay_size": 20000,
  "loss": 0.9021618664264679,
  "policy_loss": 0.9005708396434784,
  "value_loss": 0.0015910257934592664
}
{
  "seed": 6400485434262107017,
  "steps": 35,
  "total_reward": 99.74000000000002,
  "chase_count": 3,
  "samples": 35,
  "episode": 2446,
  "replay_size": 20000,
  "loss": 0.8669275045394897,
  "policy_loss": 0.8657665848731995,
  "value_loss": 0.0011609115463215858
}
{
  "seed": 4757546822790951769,
  "steps": 36,
  "total_reward": 106.97000000000003,
  "chase_count": 5,
  "samples": 36,
  "episode": 2447,
  "replay_size": 20000,
  "loss": 0.8161066174507141,
  "policy_loss": 0.8148704469203949,
  "value_loss": 0.001236161740962416
}
{
  "seed": 2288074740182621345,
  "steps": 36,
  "total_reward": 106.17000000000004,
  "chase_count": 3,
  "samples": 36,
  "episode": 2448,
  "replay_size": 20000,
  "loss": 0.8489248156547546,
  "policy_loss": 0.847474604845047,
  "value_loss": 0.0014502143021672964
}
{
  "seed": 1284977234808044983,
  "steps": 33,
  "total_reward": 89.69000000000001,
  "chase_count": 5,
  "samples": 33,
  "episode": 2449,
  "replay_size": 20000,
  "loss": 0.7998218536376953,
  "policy_loss": 0.7983981668949127,
  "value_loss": 0.0014236851711757481
}
{
  "seed": 2899792784388187179,
  "steps": 34,
  "total_reward": 89.61000000000001,
  "chase_count": 5,
  "samples": 34,
  "episode": 2450,
  "replay_size": 20000,
  "loss": 0.8137529194355011,
  "policy_loss": 0.8127018809318542,
  "value_loss": 0.001051041967002675
}
{
  "seed": 1042343037635306793,
  "steps": 29,
  "total_reward": 98.7,
  "chase_count": 5,
  "samples": 29,
  "episode": 2451,
  "replay_size": 20000,
  "loss": 0.8652398884296417,
  "policy_loss": 0.863778829574585,
  "value_loss": 0.0014610624057240784
}
{
  "seed": 6180508899503261553,
  "steps": 39,
  "total_reward": 113.85000000000005,
  "chase_count": 5,
  "samples": 39,
  "episode": 2452,
  "replay_size": 20000,
  "loss": 0.7588549852371216,
  "policy_loss": 0.7577547132968903,
  "value_loss": 0.0011002527317032218
}
{
  "seed": 7113100743701191207,
  "steps": 30,
  "total_reward": 92.72,
  "chase_count": 4,
  "samples": 30,
  "episode": 2453,
  "replay_size": 20000,
  "loss": 0.7722796499729156,
  "policy_loss": 0.7710557281970978,
  "value_loss": 0.0012239273637533188
}
{
  "seed": 2585862583831847574,
  "steps": 29,
  "total_reward": 86.92000000000002,
  "chase_count": 5,
  "samples": 29,
  "episode": 2454,
  "replay_size": 20000,
  "loss": 0.8031409978866577,
  "policy_loss": 0.8017548620700836,
  "value_loss": 0.001386138261295855
}
{
  "seed": 4040676481252861107,
  "steps": 34,
  "total_reward": 119.40000000000003,
  "chase_count": 3,
  "samples": 34,
  "episode": 2455,
  "replay_size": 20000,
  "loss": 0.6907609701156616,
  "policy_loss": 0.6894468665122986,
  "value_loss": 0.0013141186791472137
}
{
  "seed": 7216581743944597020,
  "steps": 34,
  "total_reward": 113.75,
  "chase_count": 4,
  "samples": 34,
  "episode": 2456,
  "replay_size": 20000,
  "loss": 0.8174359798431396,
  "policy_loss": 0.8161960542201996,
  "value_loss": 0.0012399177649058402
}
{
  "seed": 6862031211356195353,
  "steps": 37,
  "total_reward": 105.15000000000002,
  "chase_count": 4,
  "samples": 37,
  "episode": 2457,
  "replay_size": 20000,
  "loss": 0.9624560177326202,
  "policy_loss": 0.960950493812561,
  "value_loss": 0.0015055285766720772
}
{
  "seed": 6242924407735457321,
  "steps": 30,
  "total_reward": 79.05000000000001,
  "chase_count": 4,
  "samples": 30,
  "episode": 2458,
  "replay_size": 20000,
  "loss": 0.889104574918747,
  "policy_loss": 0.8881055116653442,
  "value_loss": 0.0009990668040700257
}
{
  "seed": 4351080109329295465,
  "steps": 33,
  "total_reward": 109.02000000000001,
  "chase_count": 3,
  "samples": 33,
  "episode": 2459,
  "replay_size": 20000,
  "loss": 0.8493484258651733,
  "policy_loss": 0.8483423292636871,
  "value_loss": 0.0010060761123895645
}
{
  "seed": 4243186904176869031,
  "steps": 33,
  "total_reward": 103.57,
  "chase_count": 5,
  "samples": 33,
  "episode": 2460,
  "replay_size": 20000,
  "loss": 0.8596446216106415,
  "policy_loss": 0.8581001460552216,
  "value_loss": 0.0015444733435288072
}
{
  "seed": 2265807529770846192,
  "steps": 32,
  "total_reward": 97.63000000000001,
  "chase_count": 5,
  "samples": 32,
  "episode": 2461,
  "replay_size": 20000,
  "loss": 0.9613194763660431,
  "policy_loss": 0.9596089124679565,
  "value_loss": 0.001710560463834554
}
{
  "seed": 3467965547296262069,
  "steps": 33,
  "total_reward": 84.30000000000001,
  "chase_count": 4,
  "samples": 33,
  "episode": 2462,
  "replay_size": 20000,
  "loss": 0.7846510410308838,
  "policy_loss": 0.7831481695175171,
  "value_loss": 0.001502877683378756
}
{
  "seed": 3248928718318041524,
  "steps": 31,
  "total_reward": 106.99000000000001,
  "chase_count": 5,
  "samples": 31,
  "episode": 2463,
  "replay_size": 20000,
  "loss": 0.7794544100761414,
  "policy_loss": 0.7783230245113373,
  "value_loss": 0.0011313796858303249
}
{
  "seed": 4688969586933428363,
  "steps": 33,
  "total_reward": 94.04000000000003,
  "chase_count": 5,
  "samples": 33,
  "episode": 2464,
  "replay_size": 20000,
  "loss": 0.875386506319046,
  "policy_loss": 0.873573899269104,
  "value_loss": 0.0018125992501154542
}
{
  "seed": 5108111865767770283,
  "steps": 43,
  "total_reward": 80.64000000000001,
  "chase_count": 5,
  "samples": 43,
  "episode": 2465,
  "replay_size": 20000,
  "loss": 0.7435054779052734,
  "policy_loss": 0.7421774864196777,
  "value_loss": 0.0013279872364364564
}
{
  "seed": 5605883817996466448,
  "steps": 31,
  "total_reward": 108.35000000000002,
  "chase_count": 4,
  "samples": 31,
  "episode": 2466,
  "replay_size": 20000,
  "loss": 0.95789834856987,
  "policy_loss": 0.9567796885967255,
  "value_loss": 0.0011186603805981576
}
{
  "seed": 5362935173704803633,
  "steps": 32,
  "total_reward": 108.84000000000003,
  "chase_count": 3,
  "samples": 32,
  "episode": 2467,
  "replay_size": 20000,
  "loss": 0.925775796175003,
  "policy_loss": 0.9245780408382416,
  "value_loss": 0.001197758741909638
}
{
  "seed": 634991535888593527,
  "steps": 34,
  "total_reward": 95.52000000000001,
  "chase_count": 4,
  "samples": 34,
  "episode": 2468,
  "replay_size": 20000,
  "loss": 0.8494104146957397,
  "policy_loss": 0.8485212624073029,
  "value_loss": 0.0008891656179912388
}
{
  "seed": 10544760134139526,
  "steps": 38,
  "total_reward": 104.32000000000004,
  "chase_count": 3,
  "samples": 38,
  "episode": 2469,
  "replay_size": 20000,
  "loss": 0.7870228290557861,
  "policy_loss": 0.7861099541187286,
  "value_loss": 0.0009128809615503997
}
{
  "seed": 8221491410924129527,
  "steps": 34,
  "total_reward": 79.67000000000002,
  "chase_count": 5,
  "samples": 34,
  "episode": 2470,
  "replay_size": 20000,
  "loss": 0.8412105441093445,
  "policy_loss": 0.8402227461338043,
  "value_loss": 0.0009878063574433327
}
{
  "seed": 2907923911876369333,
  "steps": 34,
  "total_reward": 113.69000000000003,
  "chase_count": 5,
  "samples": 34,
  "episode": 2471,
  "replay_size": 20000,
  "loss": 0.709147185087204,
  "policy_loss": 0.7080932557582855,
  "value_loss": 0.0010539310751482844
}
{
  "seed": 7723054557263286765,
  "steps": 29,
  "total_reward": 115.55000000000003,
  "chase_count": 4,
  "samples": 29,
  "episode": 2472,
  "replay_size": 20000,
  "loss": 0.8161009550094604,
  "policy_loss": 0.8148045241832733,
  "value_loss": 0.0012964342604391277
}
{
  "seed": 3910773036486912826,
  "steps": 29,
  "total_reward": 85.17000000000002,
  "chase_count": 3,
  "samples": 29,
  "episode": 2473,
  "replay_size": 20000,
  "loss": 0.8342518210411072,
  "policy_loss": 0.8331906199455261,
  "value_loss": 0.0010612172482069582
}
{
  "seed": 2161099180077358912,
  "steps": 31,
  "total_reward": 107.28,
  "chase_count": 4,
  "samples": 31,
  "episode": 2474,
  "replay_size": 20000,
  "loss": 0.7742294073104858,
  "policy_loss": 0.7729460597038269,
  "value_loss": 0.001283355406485498
}
{
  "seed": 8297803289570838,
  "steps": 27,
  "total_reward": 83.02000000000001,
  "chase_count": 5,
  "samples": 27,
  "episode": 2475,
  "replay_size": 20000,
  "loss": 0.9250641763210297,
  "policy_loss": 0.9239553511142731,
  "value_loss": 0.0011088231694884598
}
{
  "seed": 6425204849969116110,
  "steps": 35,
  "total_reward": 93.95000000000002,
  "chase_count": 3,
  "samples": 35,
  "episode": 2476,
  "replay_size": 20000,
  "loss": 0.7357724905014038,
  "policy_loss": 0.7341532409191132,
  "value_loss": 0.0016192548791877925
}
{
  "seed": 8393302831810703474,
  "steps": 40,
  "total_reward": 113.08000000000001,
  "chase_count": 4,
  "samples": 40,
  "episode": 2477,
  "replay_size": 20000,
  "loss": 0.8026311099529266,
  "policy_loss": 0.8013946115970612,
  "value_loss": 0.001236507436260581
}
{
  "seed": 1733322759023577738,
  "steps": 30,
  "total_reward": 81.35000000000002,
  "chase_count": 4,
  "samples": 30,
  "episode": 2478,
  "replay_size": 20000,
  "loss": 0.912016749382019,
  "policy_loss": 0.9109901487827301,
  "value_loss": 0.0010265934688504785
}
{
  "seed": 7343466039409573723,
  "steps": 30,
  "total_reward": 106.37000000000002,
  "chase_count": 5,
  "samples": 30,
  "episode": 2479,
  "replay_size": 20000,
  "loss": 0.8185707926750183,
  "policy_loss": 0.817797988653183,
  "value_loss": 0.0007728199998382479
}
{
  "seed": 3987221872957454845,
  "steps": 29,
  "total_reward": 122.81,
  "chase_count": 3,
  "samples": 29,
  "episode": 2480,
  "replay_size": 20000,
  "loss": 0.8221425414085388,
  "policy_loss": 0.8205262720584869,
  "value_loss": 0.0016162717365659773
}
{
  "seed": 6446377987336735358,
  "steps": 38,
  "total_reward": 94.67000000000004,
  "chase_count": 4,
  "samples": 38,
  "episode": 2481,
  "replay_size": 20000,
  "loss": 0.8720209300518036,
  "policy_loss": 0.8708778023719788,
  "value_loss": 0.001143121684435755
}
{
  "seed": 8795116624055901905,
  "steps": 29,
  "total_reward": 90.15000000000002,
  "chase_count": 4,
  "samples": 29,
  "episode": 2482,
  "replay_size": 20000,
  "loss": 0.9343236982822418,
  "policy_loss": 0.9330174326896667,
  "value_loss": 0.0013062838115729392
}
{
  "seed": 1124621964045220851,
  "steps": 38,
  "total_reward": 101.13000000000004,
  "chase_count": 4,
  "samples": 38,
  "episode": 2483,
  "replay_size": 20000,
  "loss": 0.853046178817749,
  "policy_loss": 0.8516535460948944,
  "value_loss": 0.001392620091792196
}
{
  "seed": 684998919059408462,
  "steps": 36,
  "total_reward": 112.57000000000005,
  "chase_count": 5,
  "samples": 36,
  "episode": 2484,
  "replay_size": 20000,
  "loss": 0.8259765207767487,
  "policy_loss": 0.824700117111206,
  "value_loss": 0.0012763984850607812
}
{
  "seed": 6787493188727808930,
  "steps": 34,
  "total_reward": 88.85,
  "chase_count": 5,
  "samples": 34,
  "episode": 2485,
  "replay_size": 20000,
  "loss": 0.914849191904068,
  "policy_loss": 0.9136883318424225,
  "value_loss": 0.0011608490603975952
}
{
  "seed": 3912900712008471546,
  "steps": 31,
  "total_reward": 93.65,
  "chase_count": 4,
  "samples": 31,
  "episode": 2486,
  "replay_size": 20000,
  "loss": 0.9990823566913605,
  "policy_loss": 0.998064786195755,
  "value_loss": 0.0010175742208957672
}
{
  "seed": 143007956827877352,
  "steps": 35,
  "total_reward": 95.15,
  "chase_count": 5,
  "samples": 35,
  "episode": 2487,
  "replay_size": 20000,
  "loss": 0.8622409701347351,
  "policy_loss": 0.8610098659992218,
  "value_loss": 0.0012311046593822539
}
{
  "seed": 227352711790710126,
  "steps": 40,
  "total_reward": 78.98000000000002,
  "chase_count": 4,
  "samples": 40,
  "episode": 2488,
  "replay_size": 20000,
  "loss": 0.8214525282382965,
  "policy_loss": 0.8202129304409027,
  "value_loss": 0.001239597680978477
}
{
  "seed": 7846214090581980578,
  "steps": 36,
  "total_reward": 110.34000000000003,
  "chase_count": 3,
  "samples": 36,
  "episode": 2489,
  "replay_size": 20000,
  "loss": 0.8733216226100922,
  "policy_loss": 0.8719867169857025,
  "value_loss": 0.0013349021319299936
}
{
  "seed": 3211051847065040581,
  "steps": 28,
  "total_reward": 93.64,
  "chase_count": 5,
  "samples": 28,
  "episode": 2490,
  "replay_size": 20000,
  "loss": 0.7682323455810547,
  "policy_loss": 0.7667599022388458,
  "value_loss": 0.0014724236680194736
}
{
  "seed": 9092245980885591016,
  "steps": 35,
  "total_reward": 63.84999999999998,
  "chase_count": 4,
  "samples": 35,
  "episode": 2491,
  "replay_size": 20000,
  "loss": 0.8701892495155334,
  "policy_loss": 0.8685346841812134,
  "value_loss": 0.0016545812832191586
}
{
  "seed": 3064675815119095636,
  "steps": 32,
  "total_reward": 94.37000000000002,
  "chase_count": 5,
  "samples": 32,
  "episode": 2492,
  "replay_size": 20000,
  "loss": 0.8009452819824219,
  "policy_loss": 0.7995896339416504,
  "value_loss": 0.001355661079287529
}
{
  "seed": 8256167547885632683,
  "steps": 34,
  "total_reward": 84.97,
  "chase_count": 4,
  "samples": 34,
  "episode": 2493,
  "replay_size": 20000,
  "loss": 0.8210422098636627,
  "policy_loss": 0.8196783661842346,
  "value_loss": 0.0013638624805025756
}
{
  "seed": 8671777190010805435,
  "steps": 36,
  "total_reward": 136.10000000000002,
  "chase_count": 3,
  "samples": 36,
  "episode": 2494,
  "replay_size": 20000,
  "loss": 0.8795555531978607,
  "policy_loss": 0.8781124353408813,
  "value_loss": 0.001443095796275884
}
{
  "seed": 8754155614047800604,
  "steps": 35,
  "total_reward": 110.63000000000004,
  "chase_count": 3,
  "samples": 35,
  "episode": 2495,
  "replay_size": 20000,
  "loss": 0.9034315645694733,
  "policy_loss": 0.902495414018631,
  "value_loss": 0.0009361369593534619
}
{
  "seed": 553591415435476247,
  "steps": 32,
  "total_reward": 71.57,
  "chase_count": 4,
  "samples": 32,
  "episode": 2496,
  "replay_size": 20000,
  "loss": 0.8446027040481567,
  "policy_loss": 0.8433746099472046,
  "value_loss": 0.0012280807713977993
}
{
  "seed": 6603000652788582313,
  "steps": 31,
  "total_reward": 75.24000000000001,
  "chase_count": 4,
  "samples": 31,
  "episode": 2497,
  "replay_size": 20000,
  "loss": 0.764005571603775,
  "policy_loss": 0.7629649937152863,
  "value_loss": 0.0010405711364001036
}
{
  "seed": 3604048339911967628,
  "steps": 33,
  "total_reward": 83.22000000000003,
  "chase_count": 5,
  "samples": 33,
  "episode": 2498,
  "replay_size": 20000,
  "loss": 0.8962902724742889,
  "policy_loss": 0.894566535949707,
  "value_loss": 0.0017237485153600574
}
{
  "seed": 7715185924319842093,
  "steps": 37,
  "total_reward": 87.26000000000002,
  "chase_count": 5,
  "samples": 37,
  "episode": 2499,
  "replay_size": 20000,
  "loss": 0.813635528087616,
  "policy_loss": 0.8121627867221832,
  "value_loss": 0.0014727303641848266
}
{
  "seed": 8861738966393533099,
  "steps": 35,
  "total_reward": 111.97000000000003,
  "chase_count": 5,
  "samples": 35,
  "episode": 2500,
  "replay_size": 20000,
  "loss": 0.820896714925766,
  "policy_loss": 0.8197033107280731,
  "value_loss": 0.0011934075155295432
}
{
  "checkpoint": "C:\\Users\\wzm52\\Documents\\ChatGPT\\方舟自动化\\artifacts\\blackflow_policy.pt",
  "simulation_profile": "synthetic",
  "rules_sha256": "e0b2e231b57984166923cb9f5e3ef967ea52b74ad6235f51918b9810812c0691",
  "environment_sha256": "7327f79f6c7321ea2d6a6ebb0af304339e967314e4e03e17958773ad60bbbce6"
}
