{
  "seed": 1246046140079966752,
  "steps": 30,
  "total_reward": 64.53999999999999,
  "chase_count": 5,
  "samples": 30,
  "episode": 2501,
  "replay_size": 20000,
  "loss": 0.9154129028320312,
  "policy_loss": 0.914003998041153,
  "value_loss": 0.001408890646416694
}
{
  "seed": 2576684756998809174,
  "steps": 36,
  "total_reward": 94.88000000000001,
  "chase_count": 5,
  "samples": 36,
  "episode": 2502,
  "replay_size": 20000,
  "loss": 0.922658383846283,
  "policy_loss": 0.9214228391647339,
  "value_loss": 0.0012355520739220083
}
{
  "seed": 7507372790734502314,
  "steps": 29,
  "total_reward": 76.23,
  "chase_count": 4,
  "samples": 29,
  "episode": 2503,
  "replay_size": 20000,
  "loss": 0.8577706217765808,
  "policy_loss": 0.8564287424087524,
  "value_loss": 0.0013418917660601437
}
{
  "seed": 6224724728563062531,
  "steps": 27,
  "total_reward": 70.54000000000002,
  "chase_count": 4,
  "samples": 27,
  "episode": 2504,
  "replay_size": 20000,
  "loss": 0.8633121848106384,
  "policy_loss": 0.8618534803390503,
  "value_loss": 0.0014587253099307418
}
{
  "seed": 7193390420070134121,
  "steps": 41,
  "total_reward": 98.08000000000001,
  "chase_count": 5,
  "samples": 41,
  "episode": 2505,
  "replay_size": 20000,
  "loss": 0.8733666837215424,
  "policy_loss": 0.8722506463527679,
  "value_loss": 0.001116016268497333
}
{
  "seed": 8637567801513623149,
  "steps": 31,
  "total_reward": 86.43,
  "chase_count": 5,
  "samples": 31,
  "episode": 2506,
  "replay_size": 20000,
  "loss": 0.8820563852787018,
  "policy_loss": 0.8806282877922058,
  "value_loss": 0.0014281042967922986
}
{
  "seed": 7682226152267700910,
  "steps": 34,
  "total_reward": 89.15,
  "chase_count": 5,
  "samples": 34,
  "episode": 2507,
  "replay_size": 20000,
  "loss": 0.8978411555290222,
  "policy_loss": 0.8969493210315704,
  "value_loss": 0.0008918481762520969
}
{
  "seed": 7670898406893871513,
  "steps": 36,
  "total_reward": 90.57000000000001,
  "chase_count": 4,
  "samples": 36,
  "episode": 2508,
  "replay_size": 20000,
  "loss": 0.7626077830791473,
  "policy_loss": 0.7609812915325165,
  "value_loss": 0.0016264973673969507
}
{
  "seed": 3089000341958752678,
  "steps": 35,
  "total_reward": 96.38,
  "chase_count": 5,
  "samples": 35,
  "episode": 2509,
  "replay_size": 20000,
  "loss": 0.8641035258769989,
  "policy_loss": 0.8630712926387787,
  "value_loss": 0.0010322220041416585
}
{
  "seed": 1663590934405246530,
  "steps": 35,
  "total_reward": 111.46000000000001,
  "chase_count": 5,
  "samples": 35,
  "episode": 2510,
  "replay_size": 20000,
  "loss": 0.960282176733017,
  "policy_loss": 0.9590938985347748,
  "value_loss": 0.0011882639373652637
}
{
  "seed": 6548055063944550088,
  "steps": 34,
  "total_reward": 96.07000000000001,
  "chase_count": 4,
  "samples": 34,
  "episode": 2511,
  "replay_size": 20000,
  "loss": 0.8122200667858124,
  "policy_loss": 0.8108985126018524,
  "value_loss": 0.0013215609942562878
}
{
  "seed": 112066157543859022,
  "steps": 36,
  "total_reward": 86.63000000000002,
  "chase_count": 4,
  "samples": 36,
  "episode": 2512,
  "replay_size": 20000,
  "loss": 0.8502762615680695,
  "policy_loss": 0.8490351438522339,
  "value_loss": 0.0012411310453899205
}
{
  "seed": 5463914389620827744,
  "steps": 33,
  "total_reward": 114.76000000000005,
  "chase_count": 3,
  "samples": 33,
  "episode": 2513,
  "replay_size": 20000,
  "loss": 0.914283275604248,
  "policy_loss": 0.9134217798709869,
  "value_loss": 0.0008614921243861318
}
{
  "seed": 418211681932232820,
  "steps": 28,
  "total_reward": 87.29000000000002,
  "chase_count": 4,
  "samples": 28,
  "episode": 2514,
  "replay_size": 20000,
  "loss": 0.8224185109138489,
  "policy_loss": 0.8214053511619568,
  "value_loss": 0.001013155677355826
}
{
  "seed": 5580396065894034451,
  "steps": 43,
  "total_reward": 102.56000000000003,
  "chase_count": 5,
  "samples": 43,
  "episode": 2515,
  "replay_size": 20000,
  "loss": 0.8367486298084259,
  "policy_loss": 0.835461437702179,
  "value_loss": 0.0012871786020696163
}
{
  "seed": 434069167467315384,
  "steps": 31,
  "total_reward": 92.07000000000002,
  "chase_count": 4,
  "samples": 31,
  "episode": 2516,
  "replay_size": 20000,
  "loss": 0.9011773765087128,
  "policy_loss": 0.8998382985591888,
  "value_loss": 0.0013391028915066272
}
{
  "seed": 3851437155193085483,
  "steps": 26,
  "total_reward": 91.37,
  "chase_count": 4,
  "samples": 26,
  "episode": 2517,
  "replay_size": 20000,
  "loss": 0.8119457960128784,
  "policy_loss": 0.8108768463134766,
  "value_loss": 0.0010689615737646818
}
{
  "seed": 2293610992943836150,
  "steps": 32,
  "total_reward": 82.58000000000003,
  "chase_count": 5,
  "samples": 32,
  "episode": 2518,
  "replay_size": 20000,
  "loss": 0.9120199084281921,
  "policy_loss": 0.9110924601554871,
  "value_loss": 0.000927435903577134
}
{
  "seed": 5888454723063304297,
  "steps": 28,
  "total_reward": 87.48000000000002,
  "chase_count": 5,
  "samples": 28,
  "episode": 2519,
  "replay_size": 20000,
  "loss": 0.8178406655788422,
  "policy_loss": 0.816640704870224,
  "value_loss": 0.0011999424314126372
}
{
  "seed": 4214104672669724608,
  "steps": 36,
  "total_reward": 91.30000000000001,
  "chase_count": 5,
  "samples": 36,
  "episode": 2520,
  "replay_size": 20000,
  "loss": 0.9032688140869141,
  "policy_loss": 0.9019978046417236,
  "value_loss": 0.0012710104638244957
}
{
  "seed": 465824660339363754,
  "steps": 39,
  "total_reward": 101.86000000000003,
  "chase_count": 3,
  "samples": 39,
  "episode": 2521,
  "replay_size": 20000,
  "loss": 0.9085198640823364,
  "policy_loss": 0.9072745144367218,
  "value_loss": 0.0012453677481971681
}
{
  "seed": 5116009218947563092,
  "steps": 29,
  "total_reward": 99.12000000000003,
  "chase_count": 4,
  "samples": 29,
  "episode": 2522,
  "replay_size": 20000,
  "loss": 0.754110187292099,
  "policy_loss": 0.7529145777225494,
  "value_loss": 0.0011955931258853525
}
{
  "seed": 2886345857037407981,
  "steps": 23,
  "total_reward": 83.89,
  "chase_count": 5,
  "samples": 23,
  "episode": 2523,
  "replay_size": 20000,
  "loss": 0.8395735025405884,
  "policy_loss": 0.8380135297775269,
  "value_loss": 0.0015599591424688697
}
{
  "seed": 9134262298392756808,
  "steps": 38,
  "total_reward": 101.52000000000001,
  "chase_count": 5,
  "samples": 38,
  "episode": 2524,
  "replay_size": 20000,
  "loss": 0.7920039892196655,
  "policy_loss": 0.790770560503006,
  "value_loss": 0.0012334288912825286
}
{
  "seed": 9174629695218356588,
  "steps": 35,
  "total_reward": 102.02000000000002,
  "chase_count": 4,
  "samples": 35,
  "episode": 2525,
  "replay_size": 20000,
  "loss": 0.8953128159046173,
  "policy_loss": 0.8943014442920685,
  "value_loss": 0.0010113758908119053
}
{
  "seed": 7483065282063187661,
  "steps": 29,
  "total_reward": 97.86000000000001,
  "chase_count": 5,
  "samples": 29,
  "episode": 2526,
  "replay_size": 20000,
  "loss": 0.7763700485229492,
  "policy_loss": 0.77536740899086,
  "value_loss": 0.001002618344500661
}
{
  "seed": 769058201583612357,
  "steps": 29,
  "total_reward": 77.65,
  "chase_count": 5,
  "samples": 29,
  "episode": 2527,
  "replay_size": 20000,
  "loss": 0.8227759599685669,
  "policy_loss": 0.8211849331855774,
  "value_loss": 0.001591012696735561
}
{
  "seed": 5102473340995203598,
  "steps": 36,
  "total_reward": 89.89,
  "chase_count": 5,
  "samples": 36,
  "episode": 2528,
  "replay_size": 20000,
  "loss": 0.8631671369075775,
  "policy_loss": 0.8620802760124207,
  "value_loss": 0.00108683665166609
}
{
  "seed": 4859184159047571698,
  "steps": 30,
  "total_reward": 100.0,
  "chase_count": 4,
  "samples": 30,
  "episode": 2529,
  "replay_size": 20000,
  "loss": 0.820652425289154,
  "policy_loss": 0.8198410272598267,
  "value_loss": 0.000811401434475556
}
{
  "seed": 3929157002014184951,
  "steps": 25,
  "total_reward": 103.14000000000001,
  "chase_count": 4,
  "samples": 25,
  "episode": 2530,
  "replay_size": 20000,
  "loss": 0.804914265871048,
  "policy_loss": 0.8039719760417938,
  "value_loss": 0.0009423047886230052
}
{
  "seed": 3789626849367055754,
  "steps": 31,
  "total_reward": 86.60000000000002,
  "chase_count": 4,
  "samples": 31,
  "episode": 2531,
  "replay_size": 20000,
  "loss": 0.8362854719161987,
  "policy_loss": 0.8350964188575745,
  "value_loss": 0.0011890533496625721
}
{
  "seed": 9152997266281656027,
  "steps": 28,
  "total_reward": 71.73,
  "chase_count": 5,
  "samples": 28,
  "episode": 2532,
  "replay_size": 20000,
  "loss": 0.8795078098773956,
  "policy_loss": 0.8783526122570038,
  "value_loss": 0.001155183941591531
}
{
  "seed": 159599682190725932,
  "steps": 35,
  "total_reward": 99.44000000000003,
  "chase_count": 4,
  "samples": 35,
  "episode": 2533,
  "replay_size": 20000,
  "loss": 0.8714983463287354,
  "policy_loss": 0.8705774247646332,
  "value_loss": 0.0009209057025145739
}
{
  "seed": 831563448185276115,
  "steps": 37,
  "total_reward": 75.21000000000001,
  "chase_count": 4,
  "samples": 37,
  "episode": 2534,
  "replay_size": 20000,
  "loss": 0.8420249223709106,
  "policy_loss": 0.8409883081912994,
  "value_loss": 0.001036631321767345
}
{
  "seed": 5359602929612134982,
  "steps": 37,
  "total_reward": 103.01000000000003,
  "chase_count": 4,
  "samples": 37,
  "episode": 2535,
  "replay_size": 20000,
  "loss": 0.7944333851337433,
  "policy_loss": 0.7933945953845978,
  "value_loss": 0.0010387854126747698
}
{
  "seed": 3433529556315560958,
  "steps": 26,
  "total_reward": 71.3,
  "chase_count": 5,
  "samples": 26,
  "episode": 2536,
  "replay_size": 20000,
  "loss": 0.8293208479881287,
  "policy_loss": 0.8281049132347107,
  "value_loss": 0.0012159277102909982
}
{
  "seed": 439350568819459187,
  "steps": 33,
  "total_reward": 103.69000000000001,
  "chase_count": 4,
  "samples": 33,
  "episode": 2537,
  "replay_size": 20000,
  "loss": 0.7193700075149536,
  "policy_loss": 0.71771439909935,
  "value_loss": 0.001655603206017986
}
{
  "seed": 7957607854606140576,
  "steps": 32,
  "total_reward": 93.58000000000001,
  "chase_count": 4,
  "samples": 32,
  "episode": 2538,
  "replay_size": 20000,
  "loss": 0.7962698638439178,
  "policy_loss": 0.7952362596988678,
  "value_loss": 0.0010335969855077565
}
{
  "seed": 2023113615256854372,
  "steps": 31,
  "total_reward": 105.18000000000004,
  "chase_count": 5,
  "samples": 31,
  "episode": 2539,
  "replay_size": 20000,
  "loss": 0.8507846891880035,
  "policy_loss": 0.8495682775974274,
  "value_loss": 0.001216398668475449
}
{
  "seed": 5081100018116762843,
  "steps": 36,
  "total_reward": 76.21000000000001,
  "chase_count": 4,
  "samples": 36,
  "episode": 2540,
  "replay_size": 20000,
  "loss": 0.8759792149066925,
  "policy_loss": 0.8748312294483185,
  "value_loss": 0.0011479845270514488
}
{
  "seed": 8559139526933149900,
  "steps": 31,
  "total_reward": 70.22,
  "chase_count": 5,
  "samples": 31,
  "episode": 2541,
  "replay_size": 20000,
  "loss": 0.791496992111206,
  "policy_loss": 0.790497213602066,
  "value_loss": 0.0009997851448133588
}
{
  "seed": 2874187198363603420,
  "steps": 39,
  "total_reward": 111.92000000000004,
  "chase_count": 4,
  "samples": 39,
  "episode": 2542,
  "replay_size": 20000,
  "loss": 0.8293019235134125,
  "policy_loss": 0.8278350532054901,
  "value_loss": 0.0014668737421743572
}
{
  "seed": 2527775805348163037,
  "steps": 31,
  "total_reward": 62.639999999999986,
  "chase_count": 4,
  "samples": 31,
  "episode": 2543,
  "replay_size": 20000,
  "loss": 0.8175531029701233,
  "policy_loss": 0.8163470327854156,
  "value_loss": 0.001206062501296401
}
{
  "seed": 4533799235382149379,
  "steps": 30,
  "total_reward": 91.06000000000002,
  "chase_count": 5,
  "samples": 30,
  "episode": 2544,
  "replay_size": 20000,
  "loss": 0.8213233947753906,
  "policy_loss": 0.8201219439506531,
  "value_loss": 0.00120145408436656
}
{
  "seed": 3162468984984583638,
  "steps": 30,
  "total_reward": 96.24000000000002,
  "chase_count": 5,
  "samples": 30,
  "episode": 2545,
  "replay_size": 20000,
  "loss": 0.8001292049884796,
  "policy_loss": 0.7990836203098297,
  "value_loss": 0.0010455798474140465
}
{
  "seed": 7663115265735315696,
  "steps": 30,
  "total_reward": 93.95000000000002,
  "chase_count": 5,
  "samples": 30,
  "episode": 2546,
  "replay_size": 20000,
  "loss": 0.7886155843734741,
  "policy_loss": 0.7875392436981201,
  "value_loss": 0.0010763169848360121
}
{
  "seed": 9170903328795806218,
  "steps": 32,
  "total_reward": 88.06,
  "chase_count": 5,
  "samples": 32,
  "episode": 2547,
  "replay_size": 20000,
  "loss": 0.8678581118583679,
  "policy_loss": 0.8662828803062439,
  "value_loss": 0.0015752223553135991
}
{
  "seed": 20646645761706586,
  "steps": 36,
  "total_reward": 88.32000000000001,
  "chase_count": 4,
  "samples": 36,
  "episode": 2548,
  "replay_size": 20000,
  "loss": 0.8670251965522766,
  "policy_loss": 0.8654210865497589,
  "value_loss": 0.0016040928312577307
}
{
  "seed": 3365201177054576963,
  "steps": 40,
  "total_reward": 111.71000000000001,
  "chase_count": 3,
  "samples": 40,
  "episode": 2549,
  "replay_size": 20000,
  "loss": 0.9092423617839813,
  "policy_loss": 0.9080488681793213,
  "value_loss": 0.0011934957874473184
}
{
  "seed": 4655513512570167218,
  "steps": 28,
  "total_reward": 116.16000000000003,
  "chase_count": 4,
  "samples": 28,
  "episode": 2550,
  "replay_size": 20000,
  "loss": 0.8104642331600189,
  "policy_loss": 0.8091466426849365,
  "value_loss": 0.0013176144275348634
}
{
  "seed": 2388543620340111687,
  "steps": 30,
  "total_reward": 83.95000000000002,
  "chase_count": 5,
  "samples": 30,
  "episode": 2551,
  "replay_size": 20000,
  "loss": 0.8470374941825867,
  "policy_loss": 0.8459634780883789,
  "value_loss": 0.0010740150464698672
}
{
  "seed": 6055757573355216679,
  "steps": 36,
  "total_reward": 92.19000000000001,
  "chase_count": 4,
  "samples": 36,
  "episode": 2552,
  "replay_size": 20000,
  "loss": 0.7615064084529877,
  "policy_loss": 0.7604908645153046,
  "value_loss": 0.0010155525524169207
}
{
  "seed": 772937966813340846,
  "steps": 26,
  "total_reward": 81.22,
  "chase_count": 5,
  "samples": 26,
  "episode": 2553,
  "replay_size": 20000,
  "loss": 0.8096974790096283,
  "policy_loss": 0.8080866634845734,
  "value_loss": 0.001610815932508558
}
{
  "seed": 7003012989082437250,
  "steps": 29,
  "total_reward": 105.96000000000001,
  "chase_count": 4,
  "samples": 29,
  "episode": 2554,
  "replay_size": 20000,
  "loss": 0.9118896126747131,
  "policy_loss": 0.9106748402118683,
  "value_loss": 0.0012147844536229968
}
{
  "seed": 1814623336216637944,
  "steps": 37,
  "total_reward": 107.09000000000006,
  "chase_count": 5,
  "samples": 37,
  "episode": 2555,
  "replay_size": 20000,
  "loss": 0.7446224093437195,
  "policy_loss": 0.7434031367301941,
  "value_loss": 0.0012192719150334597
}
{
  "seed": 1398089694786932506,
  "steps": 42,
  "total_reward": 73.67,
  "chase_count": 4,
  "samples": 42,
  "episode": 2556,
  "replay_size": 20000,
  "loss": 0.7818751931190491,
  "policy_loss": 0.7806092202663422,
  "value_loss": 0.0012659649073611945
}
{
  "seed": 238450310462803922,
  "steps": 33,
  "total_reward": 121.34000000000003,
  "chase_count": 3,
  "samples": 33,
  "episode": 2557,
  "replay_size": 20000,
  "loss": 0.8851747214794159,
  "policy_loss": 0.8840923309326172,
  "value_loss": 0.0010823720949701965
}
{
  "seed": 2830925613853490064,
  "steps": 28,
  "total_reward": 116.66,
  "chase_count": 4,
  "samples": 28,
  "episode": 2558,
  "replay_size": 20000,
  "loss": 0.8044478297233582,
  "policy_loss": 0.8029192090034485,
  "value_loss": 0.0015286094858311117
}
{
  "seed": 1782419850501617528,
  "steps": 35,
  "total_reward": 93.55000000000001,
  "chase_count": 4,
  "samples": 35,
  "episode": 2559,
  "replay_size": 20000,
  "loss": 0.8419089615345001,
  "policy_loss": 0.8407730758190155,
  "value_loss": 0.0011358785850461572
}
{
  "seed": 574013478780864282,
  "steps": 34,
  "total_reward": 103.52000000000001,
  "chase_count": 3,
  "samples": 34,
  "episode": 2560,
  "replay_size": 20000,
  "loss": 0.8811040222644806,
  "policy_loss": 0.8797938525676727,
  "value_loss": 0.001310170628130436
}
{
  "seed": 8071718295117463498,
  "steps": 32,
  "total_reward": 110.37,
  "chase_count": 3,
  "samples": 32,
  "episode": 2561,
  "replay_size": 20000,
  "loss": 0.7924677431583405,
  "policy_loss": 0.7912075221538544,
  "value_loss": 0.001260221702978015
}
{
  "seed": 348423203381003378,
  "steps": 28,
  "total_reward": 83.97,
  "chase_count": 4,
  "samples": 28,
  "episode": 2562,
  "replay_size": 20000,
  "loss": 0.8120065927505493,
  "policy_loss": 0.810648649930954,
  "value_loss": 0.0013579430524259806
}
{
  "seed": 6850397386438652634,
  "steps": 31,
  "total_reward": 84.75000000000003,
  "chase_count": 4,
  "samples": 31,
  "episode": 2563,
  "replay_size": 20000,
  "loss": 0.8340025842189789,
  "policy_loss": 0.8330191373825073,
  "value_loss": 0.0009834266093093902
}
{
  "seed": 7358930020545006866,
  "steps": 33,
  "total_reward": 87.84000000000003,
  "chase_count": 5,
  "samples": 33,
  "episode": 2564,
  "replay_size": 20000,
  "loss": 0.8605889081954956,
  "policy_loss": 0.8596555888652802,
  "value_loss": 0.0009333462221547961
}
{
  "seed": 8307373911378953668,
  "steps": 28,
  "total_reward": 91.27000000000001,
  "chase_count": 5,
  "samples": 28,
  "episode": 2565,
  "replay_size": 20000,
  "loss": 0.9807888865470886,
  "policy_loss": 0.9797743260860443,
  "value_loss": 0.0010145854903385043
}
{
  "seed": 7137552806764995896,
  "steps": 35,
  "total_reward": 73.53999999999999,
  "chase_count": 5,
  "samples": 35,
  "episode": 2566,
  "replay_size": 20000,
  "loss": 0.8743380010128021,
  "policy_loss": 0.8733587265014648,
  "value_loss": 0.000979254546109587
}
{
  "seed": 5262188218906762153,
  "steps": 28,
  "total_reward": 83.33,
  "chase_count": 4,
  "samples": 28,
  "episode": 2567,
  "replay_size": 20000,
  "loss": 0.7676695883274078,
  "policy_loss": 0.7663032710552216,
  "value_loss": 0.0013663182617165148
}
{
  "seed": 2606646672883913502,
  "steps": 34,
  "total_reward": 81.32000000000002,
  "chase_count": 4,
  "samples": 34,
  "episode": 2568,
  "replay_size": 20000,
  "loss": 0.8066667020320892,
  "policy_loss": 0.8054952025413513,
  "value_loss": 0.001171517069451511
}
{
  "seed": 1885578130898452356,
  "steps": 37,
  "total_reward": 95.45000000000002,
  "chase_count": 5,
  "samples": 37,
  "episode": 2569,
  "replay_size": 20000,
  "loss": 0.9335698485374451,
  "policy_loss": 0.9325658977031708,
  "value_loss": 0.0010039707412943244
}
{
  "seed": 3224458286547576821,
  "steps": 33,
  "total_reward": 83.04,
  "chase_count": 5,
  "samples": 33,
  "episode": 2570,
  "replay_size": 20000,
  "loss": 0.8293215036392212,
  "policy_loss": 0.828359842300415,
  "value_loss": 0.0009616593597456813
}
{
  "seed": 5430438708040314180,
  "steps": 30,
  "total_reward": 87.44000000000003,
  "chase_count": 5,
  "samples": 30,
  "episode": 2571,
  "replay_size": 20000,
  "loss": 0.994298905134201,
  "policy_loss": 0.9929339289665222,
  "value_loss": 0.0013649861211888492
}
{
  "seed": 7490336862770828205,
  "steps": 33,
  "total_reward": 112.11000000000003,
  "chase_count": 4,
  "samples": 33,
  "episode": 2572,
  "replay_size": 20000,
  "loss": 0.8423378467559814,
  "policy_loss": 0.8413887321949005,
  "value_loss": 0.0009491179953329265
}
{
  "seed": 8385045181513172750,
  "steps": 32,
  "total_reward": 104.66000000000004,
  "chase_count": 4,
  "samples": 32,
  "episode": 2573,
  "replay_size": 20000,
  "loss": 0.7670767307281494,
  "policy_loss": 0.7656598687171936,
  "value_loss": 0.00141684987465851
}
{
  "seed": 7442459318474214833,
  "steps": 31,
  "total_reward": 99.29000000000003,
  "chase_count": 3,
  "samples": 31,
  "episode": 2574,
  "replay_size": 20000,
  "loss": 0.6983444690704346,
  "policy_loss": 0.6974466443061829,
  "value_loss": 0.000897826423170045
}
{
  "seed": 8611633909975799275,
  "steps": 34,
  "total_reward": 96.29000000000002,
  "chase_count": 4,
  "samples": 34,
  "episode": 2575,
  "replay_size": 20000,
  "loss": 0.8983308374881744,
  "policy_loss": 0.8974778652191162,
  "value_loss": 0.000852966943057254
}
{
  "seed": 1796450270505761255,
  "steps": 30,
  "total_reward": 77.37,
  "chase_count": 5,
  "samples": 30,
  "episode": 2576,
  "replay_size": 20000,
  "loss": 0.8841061294078827,
  "policy_loss": 0.8826533854007721,
  "value_loss": 0.001452745171263814
}
{
  "seed": 3576431636807683322,
  "steps": 31,
  "total_reward": 73.35,
  "chase_count": 5,
  "samples": 31,
  "episode": 2577,
  "replay_size": 20000,
  "loss": 0.7870530188083649,
  "policy_loss": 0.7858433723449707,
  "value_loss": 0.0012096672435291111
}
{
  "seed": 500153167940778537,
  "steps": 32,
  "total_reward": 78.67000000000002,
  "chase_count": 5,
  "samples": 32,
  "episode": 2578,
  "replay_size": 20000,
  "loss": 0.8804367780685425,
  "policy_loss": 0.8792246282100677,
  "value_loss": 0.0012121367326471955
}
{
  "seed": 8977873027843556554,
  "steps": 26,
  "total_reward": 97.03000000000003,
  "chase_count": 4,
  "samples": 26,
  "episode": 2579,
  "replay_size": 20000,
  "loss": 0.9075393974781036,
  "policy_loss": 0.9062764644622803,
  "value_loss": 0.0012629110715351999
}
{
  "seed": 6072230073039864607,
  "steps": 29,
  "total_reward": 105.26000000000002,
  "chase_count": 5,
  "samples": 29,
  "episode": 2580,
  "replay_size": 20000,
  "loss": 0.9056093990802765,
  "policy_loss": 0.9048436284065247,
  "value_loss": 0.0007657539681531489
}
{
  "seed": 5414267520911446839,
  "steps": 28,
  "total_reward": 96.34,
  "chase_count": 4,
  "samples": 28,
  "episode": 2581,
  "replay_size": 20000,
  "loss": 0.8129146993160248,
  "policy_loss": 0.8121064901351929,
  "value_loss": 0.0008082251297309995
}
{
  "seed": 5231338965667724431,
  "steps": 33,
  "total_reward": 111.40000000000002,
  "chase_count": 5,
  "samples": 33,
  "episode": 2582,
  "replay_size": 20000,
  "loss": 0.8991501927375793,
  "policy_loss": 0.8978972136974335,
  "value_loss": 0.001252989750355482
}
{
  "seed": 4876827483091943550,
  "steps": 30,
  "total_reward": 82.54000000000002,
  "chase_count": 5,
  "samples": 30,
  "episode": 2583,
  "replay_size": 20000,
  "loss": 0.7899647057056427,
  "policy_loss": 0.7890355288982391,
  "value_loss": 0.0009291831229347736
}
{
  "seed": 6551689929813451279,
  "steps": 37,
  "total_reward": 102.37,
  "chase_count": 4,
  "samples": 37,
  "episode": 2584,
  "replay_size": 20000,
  "loss": 0.8369478285312653,
  "policy_loss": 0.8357869386672974,
  "value_loss": 0.0011608776985667646
}
{
  "seed": 1048243073095500540,
  "steps": 28,
  "total_reward": 106.07000000000002,
  "chase_count": 5,
  "samples": 28,
  "episode": 2585,
  "replay_size": 20000,
  "loss": 0.7787877321243286,
  "policy_loss": 0.7773855924606323,
  "value_loss": 0.0014021469978615642
}
{
  "seed": 1303822363002042545,
  "steps": 29,
  "total_reward": 74.85,
  "chase_count": 5,
  "samples": 29,
  "episode": 2586,
  "replay_size": 20000,
  "loss": 0.8010238111019135,
  "policy_loss": 0.7996533811092377,
  "value_loss": 0.0013704236480407417
}
{
  "seed": 3549282244772713275,
  "steps": 32,
  "total_reward": 88.15,
  "chase_count": 5,
  "samples": 32,
  "episode": 2587,
  "replay_size": 20000,
  "loss": 0.6799565851688385,
  "policy_loss": 0.6781495213508606,
  "value_loss": 0.0018070586957037449
}
{
  "seed": 3514964054905088026,
  "steps": 38,
  "total_reward": 110.23000000000005,
  "chase_count": 5,
  "samples": 38,
  "episode": 2588,
  "replay_size": 20000,
  "loss": 0.9518026411533356,
  "policy_loss": 0.9504947364330292,
  "value_loss": 0.0013079248019494116
}
{
  "seed": 4625227919876171678,
  "steps": 44,
  "total_reward": 120.29000000000002,
  "chase_count": 4,
  "samples": 44,
  "episode": 2589,
  "replay_size": 20000,
  "loss": 0.8483648002147675,
  "policy_loss": 0.8467600345611572,
  "value_loss": 0.0016047523240558803
}
{
  "seed": 3650730087011704798,
  "steps": 34,
  "total_reward": 77.57000000000002,
  "chase_count": 4,
  "samples": 34,
  "episode": 2590,
  "replay_size": 20000,
  "loss": 0.8326558768749237,
  "policy_loss": 0.8315486013889313,
  "value_loss": 0.0011072576162405312
}
{
  "seed": 291642217058148299,
  "steps": 26,
  "total_reward": 91.97000000000003,
  "chase_count": 5,
  "samples": 26,
  "episode": 2591,
  "replay_size": 20000,
  "loss": 0.8709194660186768,
  "policy_loss": 0.869220107793808,
  "value_loss": 0.0016993407043628395
}
{
  "seed": 7163960943123727994,
  "steps": 27,
  "total_reward": 89.89,
  "chase_count": 5,
  "samples": 27,
  "episode": 2592,
  "replay_size": 20000,
  "loss": 0.7325992584228516,
  "policy_loss": 0.7314442992210388,
  "value_loss": 0.0011549588525667787
}
{
  "seed": 8401200424348838370,
  "steps": 36,
  "total_reward": 83.16000000000001,
  "chase_count": 5,
  "samples": 36,
  "episode": 2593,
  "replay_size": 20000,
  "loss": 0.842353343963623,
  "policy_loss": 0.8415420949459076,
  "value_loss": 0.0008112629293464124
}
{
  "seed": 5679772129246054425,
  "steps": 28,
  "total_reward": 93.80000000000003,
  "chase_count": 4,
  "samples": 28,
  "episode": 2594,
  "replay_size": 20000,
  "loss": 0.7579272091388702,
  "policy_loss": 0.7562770843505859,
  "value_loss": 0.0016501282225362957
}
{
  "seed": 950604859330372370,
  "steps": 28,
  "total_reward": 67.73000000000002,
  "chase_count": 5,
  "samples": 28,
  "episode": 2595,
  "replay_size": 20000,
  "loss": 0.8112337291240692,
  "policy_loss": 0.810340940952301,
  "value_loss": 0.000892761250725016
}
{
  "seed": 7222377997468567884,
  "steps": 32,
  "total_reward": 92.64000000000001,
  "chase_count": 3,
  "samples": 32,
  "episode": 2596,
  "replay_size": 20000,
  "loss": 0.8779440224170685,
  "policy_loss": 0.8763653039932251,
  "value_loss": 0.0015787429874762893
}
{
  "seed": 8928284154982949171,
  "steps": 32,
  "total_reward": 113.11000000000001,
  "chase_count": 4,
  "samples": 32,
  "episode": 2597,
  "replay_size": 20000,
  "loss": 0.8895225524902344,
  "policy_loss": 0.888606458902359,
  "value_loss": 0.0009161002526525408
}
{
  "seed": 3923216190945138374,
  "steps": 31,
  "total_reward": 91.38000000000002,
  "chase_count": 5,
  "samples": 31,
  "episode": 2598,
  "replay_size": 20000,
  "loss": 0.8405507206916809,
  "policy_loss": 0.8389961421489716,
  "value_loss": 0.0015545763308182359
}
{
  "seed": 4922017520054295510,
  "steps": 26,
  "total_reward": 113.42000000000003,
  "chase_count": 4,
  "samples": 26,
  "episode": 2599,
  "replay_size": 20000,
  "loss": 0.8803591430187225,
  "policy_loss": 0.879597544670105,
  "value_loss": 0.0007615751528646797
}
{
  "seed": 4843868299559017047,
  "steps": 34,
  "total_reward": 76.93,
  "chase_count": 4,
  "samples": 34,
  "episode": 2600,
  "replay_size": 20000,
  "loss": 0.8632767200469971,
  "policy_loss": 0.8615502417087555,
  "value_loss": 0.001726479735225439
}
{
  "seed": 4810688934073527628,
  "steps": 38,
  "total_reward": 113.44000000000005,
  "chase_count": 4,
  "samples": 38,
  "episode": 2601,
  "replay_size": 20000,
  "loss": 0.9115725457668304,
  "policy_loss": 0.9107056260108948,
  "value_loss": 0.0008669148955959827
}
{
  "seed": 4443465725946498928,
  "steps": 36,
  "total_reward": 101.43,
  "chase_count": 5,
  "samples": 36,
  "episode": 2602,
  "replay_size": 20000,
  "loss": 0.9359531700611115,
  "policy_loss": 0.9345252513885498,
  "value_loss": 0.001427899464033544
}
{
  "seed": 7530304744114742236,
  "steps": 28,
  "total_reward": 103.59,
  "chase_count": 4,
  "samples": 28,
  "episode": 2603,
  "replay_size": 20000,
  "loss": 0.9345839023590088,
  "policy_loss": 0.9331502616405487,
  "value_loss": 0.0014336519525386393
}
{
  "seed": 2754935705429694706,
  "steps": 33,
  "total_reward": 89.22000000000001,
  "chase_count": 4,
  "samples": 33,
  "episode": 2604,
  "replay_size": 20000,
  "loss": 0.9524042010307312,
  "policy_loss": 0.951046496629715,
  "value_loss": 0.0013577088247984648
}
{
  "seed": 1327720065792280650,
  "steps": 25,
  "total_reward": 57.989999999999995,
  "chase_count": 5,
  "samples": 25,
  "episode": 2605,
  "replay_size": 20000,
  "loss": 0.9404541850090027,
  "policy_loss": 0.9393772482872009,
  "value_loss": 0.0010769327927846462
}
{
  "seed": 8477326877700076877,
  "steps": 32,
  "total_reward": 87.00000000000003,
  "chase_count": 5,
  "samples": 32,
  "episode": 2606,
  "replay_size": 20000,
  "loss": 0.7872301638126373,
  "policy_loss": 0.7858787477016449,
  "value_loss": 0.0013513987651094794
}
{
  "seed": 7522787846661423333,
  "steps": 35,
  "total_reward": 85.03,
  "chase_count": 4,
  "samples": 35,
  "episode": 2607,
  "replay_size": 20000,
  "loss": 0.8639878034591675,
  "policy_loss": 0.8629546761512756,
  "value_loss": 0.0010331478551961482
}
{
  "seed": 8806844075158480573,
  "steps": 37,
  "total_reward": 95.62000000000002,
  "chase_count": 5,
  "samples": 37,
  "episode": 2608,
  "replay_size": 20000,
  "loss": 0.8287108242511749,
  "policy_loss": 0.8275463283061981,
  "value_loss": 0.001164517889264971
}
{
  "seed": 6390377838658673994,
  "steps": 32,
  "total_reward": 98.74000000000001,
  "chase_count": 4,
  "samples": 32,
  "episode": 2609,
  "replay_size": 20000,
  "loss": 0.7980517745018005,
  "policy_loss": 0.7967378497123718,
  "value_loss": 0.0013139318325556815
}
{
  "seed": 7289634812277371517,
  "steps": 36,
  "total_reward": 87.39000000000003,
  "chase_count": 5,
  "samples": 36,
  "episode": 2610,
  "replay_size": 20000,
  "loss": 0.8102449178695679,
  "policy_loss": 0.8091511130332947,
  "value_loss": 0.0010938100458588451
}
{
  "seed": 5241942111783041503,
  "steps": 35,
  "total_reward": 86.54000000000002,
  "chase_count": 5,
  "samples": 35,
  "episode": 2611,
  "replay_size": 20000,
  "loss": 0.8357989490032196,
  "policy_loss": 0.834089070558548,
  "value_loss": 0.0017098684329539537
}
{
  "seed": 3637759001037592964,
  "steps": 30,
  "total_reward": 77.72000000000003,
  "chase_count": 4,
  "samples": 30,
  "episode": 2612,
  "replay_size": 20000,
  "loss": 0.7896696329116821,
  "policy_loss": 0.7887681424617767,
  "value_loss": 0.0009015015384647995
}
{
  "seed": 9138466213385094425,
  "steps": 33,
  "total_reward": 100.91000000000001,
  "chase_count": 5,
  "samples": 33,
  "episode": 2613,
  "replay_size": 20000,
  "loss": 0.8307720422744751,
  "policy_loss": 0.8296842277050018,
  "value_loss": 0.0010877879249164835
}
{
  "seed": 2503069166994879063,
  "steps": 29,
  "total_reward": 77.95000000000002,
  "chase_count": 5,
  "samples": 29,
  "episode": 2614,
  "replay_size": 20000,
  "loss": 0.798777848482132,
  "policy_loss": 0.7978869080543518,
  "value_loss": 0.0008909163007047027
}
{
  "seed": 5778908099537627157,
  "steps": 40,
  "total_reward": 107.02000000000002,
  "chase_count": 5,
  "samples": 40,
  "episode": 2615,
  "replay_size": 20000,
  "loss": 0.9282895922660828,
  "policy_loss": 0.9273068904876709,
  "value_loss": 0.0009827242174651474
}
{
  "seed": 5216898593038112686,
  "steps": 39,
  "total_reward": 118.07000000000005,
  "chase_count": 4,
  "samples": 39,
  "episode": 2616,
  "replay_size": 20000,
  "loss": 0.8366571962833405,
  "policy_loss": 0.8351945877075195,
  "value_loss": 0.0014626164338551462
}
{
  "seed": 4615535278808291675,
  "steps": 30,
  "total_reward": 76.52000000000001,
  "chase_count": 5,
  "samples": 30,
  "episode": 2617,
  "replay_size": 20000,
  "loss": 0.7822939157485962,
  "policy_loss": 0.7811228930950165,
  "value_loss": 0.0011710264661815017
}
{
  "seed": 6791905486173055715,
  "steps": 32,
  "total_reward": 85.56,
  "chase_count": 4,
  "samples": 32,
  "episode": 2618,
  "replay_size": 20000,
  "loss": 0.8868012726306915,
  "policy_loss": 0.8853683173656464,
  "value_loss": 0.0014329657424241304
}
{
  "seed": 338796195086534868,
  "steps": 34,
  "total_reward": 98.68000000000002,
  "chase_count": 4,
  "samples": 34,
  "episode": 2619,
  "replay_size": 20000,
  "loss": 0.9215196967124939,
  "policy_loss": 0.9203438460826874,
  "value_loss": 0.0011758788605220616
}
{
  "seed": 1283960571908079916,
  "steps": 38,
  "total_reward": 105.68,
  "chase_count": 5,
  "samples": 38,
  "episode": 2620,
  "replay_size": 20000,
  "loss": 0.728938639163971,
  "policy_loss": 0.7278831303119659,
  "value_loss": 0.0010554989567026496
}
{
  "seed": 3889322513346955387,
  "steps": 33,
  "total_reward": 91.36000000000001,
  "chase_count": 3,
  "samples": 33,
  "episode": 2621,
  "replay_size": 20000,
  "loss": 0.8836897909641266,
  "policy_loss": 0.8830893039703369,
  "value_loss": 0.0006004908645991236
}
{
  "seed": 6282963019519249421,
  "steps": 35,
  "total_reward": 85.46000000000002,
  "chase_count": 5,
  "samples": 35,
  "episode": 2622,
  "replay_size": 20000,
  "loss": 0.8871807157993317,
  "policy_loss": 0.8858051300048828,
  "value_loss": 0.001375571358948946
}
{
  "seed": 1659211279767478809,
  "steps": 28,
  "total_reward": 83.44,
  "chase_count": 5,
  "samples": 28,
  "episode": 2623,
  "replay_size": 20000,
  "loss": 0.7697544097900391,
  "policy_loss": 0.7687770426273346,
  "value_loss": 0.0009773633792065084
}
{
  "seed": 3740526999406252292,
  "steps": 35,
  "total_reward": 93.74000000000002,
  "chase_count": 5,
  "samples": 35,
  "episode": 2624,
  "replay_size": 20000,
  "loss": 0.8638060092926025,
  "policy_loss": 0.8625558614730835,
  "value_loss": 0.0012501399032771587
}
{
  "seed": 1816974959922753962,
  "steps": 27,
  "total_reward": 77.32,
  "chase_count": 5,
  "samples": 27,
  "episode": 2625,
  "replay_size": 20000,
  "loss": 0.7715224921703339,
  "policy_loss": 0.770039290189743,
  "value_loss": 0.001483200176153332
}
{
  "seed": 3640935568349951073,
  "steps": 28,
  "total_reward": 83.63000000000002,
  "chase_count": 5,
  "samples": 28,
  "episode": 2626,
  "replay_size": 20000,
  "loss": 0.8577368259429932,
  "policy_loss": 0.856148362159729,
  "value_loss": 0.0015884816530160606
}
{
  "seed": 2313074702696880690,
  "steps": 30,
  "total_reward": 87.17000000000002,
  "chase_count": 5,
  "samples": 30,
  "episode": 2627,
  "replay_size": 20000,
  "loss": 0.8177035748958588,
  "policy_loss": 0.8164033889770508,
  "value_loss": 0.0013001980260014534
}
{
  "seed": 5002844546154853021,
  "steps": 40,
  "total_reward": 107.89000000000001,
  "chase_count": 4,
  "samples": 40,
  "episode": 2628,
  "replay_size": 20000,
  "loss": 0.830021858215332,
  "policy_loss": 0.8288978934288025,
  "value_loss": 0.0011239704326726496
}
{
  "seed": 9076094481443978406,
  "steps": 31,
  "total_reward": 92.06000000000002,
  "chase_count": 5,
  "samples": 31,
  "episode": 2629,
  "replay_size": 20000,
  "loss": 0.8019956350326538,
  "policy_loss": 0.800805389881134,
  "value_loss": 0.001190240669529885
}
{
  "seed": 3048754650633376244,
  "steps": 37,
  "total_reward": 93.69000000000001,
  "chase_count": 3,
  "samples": 37,
  "episode": 2630,
  "replay_size": 20000,
  "loss": 0.8050496578216553,
  "policy_loss": 0.8038747906684875,
  "value_loss": 0.0011748860124498606
}
{
  "seed": 8134396850177794531,
  "steps": 33,
  "total_reward": 67.13,
  "chase_count": 5,
  "samples": 33,
  "episode": 2631,
  "replay_size": 20000,
  "loss": 0.8439381718635559,
  "policy_loss": 0.8429504036903381,
  "value_loss": 0.000987774197710678
}
{
  "seed": 5397091516686404688,
  "steps": 36,
  "total_reward": 90.61000000000001,
  "chase_count": 5,
  "samples": 36,
  "episode": 2632,
  "replay_size": 20000,
  "loss": 0.8326371312141418,
  "policy_loss": 0.8312560021877289,
  "value_loss": 0.0013811297249048948
}
{
  "seed": 6589520593565500777,
  "steps": 35,
  "total_reward": 80.46000000000001,
  "chase_count": 3,
  "samples": 35,
  "episode": 2633,
  "replay_size": 20000,
  "loss": 0.8584947884082794,
  "policy_loss": 0.8572657108306885,
  "value_loss": 0.0012290694867260754
}
{
  "seed": 7523151866329547944,
  "steps": 33,
  "total_reward": 101.99,
  "chase_count": 5,
  "samples": 33,
  "episode": 2634,
  "replay_size": 20000,
  "loss": 0.8755946159362793,
  "policy_loss": 0.8740904331207275,
  "value_loss": 0.0015041741426102817
}
{
  "seed": 8061390351483544079,
  "steps": 25,
  "total_reward": 95.54000000000002,
  "chase_count": 5,
  "samples": 25,
  "episode": 2635,
  "replay_size": 20000,
  "loss": 0.7855952978134155,
  "policy_loss": 0.7842138707637787,
  "value_loss": 0.0013814243138767779
}
{
  "seed": 3600075230189539941,
  "steps": 27,
  "total_reward": 89.43,
  "chase_count": 4,
  "samples": 27,
  "episode": 2636,
  "replay_size": 20000,
  "loss": 0.8028217852115631,
  "policy_loss": 0.8012888729572296,
  "value_loss": 0.0015329286106862128
}
{
  "seed": 5082200988431913795,
  "steps": 36,
  "total_reward": 90.41000000000001,
  "chase_count": 5,
  "samples": 36,
  "episode": 2637,
  "replay_size": 20000,
  "loss": 0.6995773613452911,
  "policy_loss": 0.6984042525291443,
  "value_loss": 0.0011731043923646212
}
{
  "seed": 796449907953059106,
  "steps": 35,
  "total_reward": 85.03000000000003,
  "chase_count": 4,
  "samples": 35,
  "episode": 2638,
  "replay_size": 20000,
  "loss": 0.7554864883422852,
  "policy_loss": 0.7545081079006195,
  "value_loss": 0.0009783731075003743
}
{
  "seed": 7123758392510196351,
  "steps": 30,
  "total_reward": 61.3,
  "chase_count": 5,
  "samples": 30,
  "episode": 2639,
  "replay_size": 20000,
  "loss": 0.8863235414028168,
  "policy_loss": 0.8848023116588593,
  "value_loss": 0.0015212534344755113
}
{
  "seed": 4312403341329146796,
  "steps": 34,
  "total_reward": 93.70000000000002,
  "chase_count": 4,
  "samples": 34,
  "episode": 2640,
  "replay_size": 20000,
  "loss": 0.8018359541893005,
  "policy_loss": 0.8006822466850281,
  "value_loss": 0.0011537231621332467
}
{
  "seed": 2383377534191407624,
  "steps": 27,
  "total_reward": 92.96000000000001,
  "chase_count": 5,
  "samples": 27,
  "episode": 2641,
  "replay_size": 20000,
  "loss": 0.7261615097522736,
  "policy_loss": 0.7247897088527679,
  "value_loss": 0.0013717919937334955
}
{
  "seed": 7055558538238135764,
  "steps": 36,
  "total_reward": 118.82000000000001,
  "chase_count": 4,
  "samples": 36,
  "episode": 2642,
  "replay_size": 20000,
  "loss": 0.8027889132499695,
  "policy_loss": 0.8015328049659729,
  "value_loss": 0.0012560923350974917
}
{
  "seed": 7916443377866816784,
  "steps": 31,
  "total_reward": 73.47000000000003,
  "chase_count": 5,
  "samples": 31,
  "episode": 2643,
  "replay_size": 20000,
  "loss": 0.8485612571239471,
  "policy_loss": 0.8476054966449738,
  "value_loss": 0.0009557391749694943
}
{
  "seed": 3024323408808669738,
  "steps": 39,
  "total_reward": 80.69000000000001,
  "chase_count": 3,
  "samples": 39,
  "episode": 2644,
  "replay_size": 20000,
  "loss": 0.8386310040950775,
  "policy_loss": 0.8373266756534576,
  "value_loss": 0.0013043212238699198
}
{
  "seed": 3037120933835439960,
  "steps": 34,
  "total_reward": 89.00000000000003,
  "chase_count": 4,
  "samples": 34,
  "episode": 2645,
  "replay_size": 20000,
  "loss": 0.817898690700531,
  "policy_loss": 0.8168564736843109,
  "value_loss": 0.0010422136401757598
}
{
  "seed": 8071956066901849080,
  "steps": 29,
  "total_reward": 92.07000000000001,
  "chase_count": 5,
  "samples": 29,
  "episode": 2646,
  "replay_size": 20000,
  "loss": 0.8309310674667358,
  "policy_loss": 0.8297457098960876,
  "value_loss": 0.001185351691674441
}
{
  "seed": 8361900046410202687,
  "steps": 32,
  "total_reward": 80.90000000000003,
  "chase_count": 5,
  "samples": 32,
  "episode": 2647,
  "replay_size": 20000,
  "loss": 0.9241763055324554,
  "policy_loss": 0.9229263067245483,
  "value_loss": 0.0012499989243224263
}
{
  "seed": 7482123936545658005,
  "steps": 40,
  "total_reward": 88.77,
  "chase_count": 5,
  "samples": 40,
  "episode": 2648,
  "replay_size": 20000,
  "loss": 0.8510783612728119,
  "policy_loss": 0.8499030768871307,
  "value_loss": 0.001175283279735595
}
{
  "seed": 230648983794108733,
  "steps": 32,
  "total_reward": 68.84,
  "chase_count": 5,
  "samples": 32,
  "episode": 2649,
  "replay_size": 20000,
  "loss": 0.8072235286235809,
  "policy_loss": 0.8060595691204071,
  "value_loss": 0.0011639574076980352
}
{
  "seed": 287424239979378433,
  "steps": 36,
  "total_reward": 119.41,
  "chase_count": 3,
  "samples": 36,
  "episode": 2650,
  "replay_size": 20000,
  "loss": 0.8235171437263489,
  "policy_loss": 0.822008341550827,
  "value_loss": 0.0015088135842233896
}
{
  "seed": 5411880105804641620,
  "steps": 26,
  "total_reward": 84.95000000000002,
  "chase_count": 5,
  "samples": 26,
  "episode": 2651,
  "replay_size": 20000,
  "loss": 0.7890321910381317,
  "policy_loss": 0.7880670726299286,
  "value_loss": 0.0009651223081164062
}
{
  "seed": 2009364721761833448,
  "steps": 35,
  "total_reward": 80.51000000000002,
  "chase_count": 5,
  "samples": 35,
  "episode": 2652,
  "replay_size": 20000,
  "loss": 0.8544705808162689,
  "policy_loss": 0.8531285226345062,
  "value_loss": 0.0013420506729744375
}
{
  "seed": 1193893353773143883,
  "steps": 41,
  "total_reward": 117.72,
  "chase_count": 4,
  "samples": 41,
  "episode": 2653,
  "replay_size": 20000,
  "loss": 0.8225078284740448,
  "policy_loss": 0.8213835060596466,
  "value_loss": 0.001124321948736906
}
{
  "seed": 5967379591874544907,
  "steps": 30,
  "total_reward": 80.52000000000001,
  "chase_count": 5,
  "samples": 30,
  "episode": 2654,
  "replay_size": 20000,
  "loss": 0.8202581703662872,
  "policy_loss": 0.8189663589000702,
  "value_loss": 0.0012918034917674959
}
{
  "seed": 2171456472803211147,
  "steps": 32,
  "total_reward": 103.95000000000002,
  "chase_count": 5,
  "samples": 32,
  "episode": 2655,
  "replay_size": 20000,
  "loss": 0.7136532664299011,
  "policy_loss": 0.7125881016254425,
  "value_loss": 0.001065185759216547
}
{
  "seed": 5026812001214625058,
  "steps": 33,
  "total_reward": 96.66000000000001,
  "chase_count": 4,
  "samples": 33,
  "episode": 2656,
  "replay_size": 20000,
  "loss": 0.7993272244930267,
  "policy_loss": 0.7986012697219849,
  "value_loss": 0.0007259513076860458
}
{
  "seed": 2225815954573550742,
  "steps": 31,
  "total_reward": 83.40000000000003,
  "chase_count": 5,
  "samples": 31,
  "episode": 2657,
  "replay_size": 20000,
  "loss": 0.84402796626091,
  "policy_loss": 0.8426900207996368,
  "value_loss": 0.001337956520728767
}
{
  "seed": 1424309732533465190,
  "steps": 47,
  "total_reward": 107.73000000000005,
  "chase_count": 5,
  "samples": 47,
  "episode": 2658,
  "replay_size": 20000,
  "loss": 0.7964972853660583,
  "policy_loss": 0.7955941557884216,
  "value_loss": 0.0009031434601638466
}
{
  "seed": 8937882422126652753,
  "steps": 27,
  "total_reward": 88.56,
  "chase_count": 5,
  "samples": 27,
  "episode": 2659,
  "replay_size": 20000,
  "loss": 0.7152617275714874,
  "policy_loss": 0.7138178944587708,
  "value_loss": 0.0014438604703173041
}
{
  "seed": 801809020121312287,
  "steps": 40,
  "total_reward": 115.81000000000003,
  "chase_count": 4,
  "samples": 40,
  "episode": 2660,
  "replay_size": 20000,
  "loss": 0.8734959065914154,
  "policy_loss": 0.8722803294658661,
  "value_loss": 0.0012155731092207134
}
{
  "seed": 8194732871671398573,
  "steps": 29,
  "total_reward": 108.06000000000003,
  "chase_count": 4,
  "samples": 29,
  "episode": 2661,
  "replay_size": 20000,
  "loss": 0.8471992313861847,
  "policy_loss": 0.846284806728363,
  "value_loss": 0.0009144190116785467
}
{
  "seed": 7390928664330679459,
  "steps": 36,
  "total_reward": 92.78000000000004,
  "chase_count": 4,
  "samples": 36,
  "episode": 2662,
  "replay_size": 20000,
  "loss": 0.8365735709667206,
  "policy_loss": 0.8353568613529205,
  "value_loss": 0.0012167097302153707
}
{
  "seed": 5330612598595850502,
  "steps": 40,
  "total_reward": 108.56000000000002,
  "chase_count": 3,
  "samples": 40,
  "episode": 2663,
  "replay_size": 20000,
  "loss": 0.7981220483779907,
  "policy_loss": 0.7968587875366211,
  "value_loss": 0.001263260841369629
}
{
  "seed": 1263621846455845960,
  "steps": 38,
  "total_reward": 97.42000000000003,
  "chase_count": 5,
  "samples": 38,
  "episode": 2664,
  "replay_size": 20000,
  "loss": 0.7796410322189331,
  "policy_loss": 0.778467059135437,
  "value_loss": 0.0011739842011593282
}
{
  "seed": 7852470481141890643,
  "steps": 34,
  "total_reward": 109.75000000000003,
  "chase_count": 5,
  "samples": 34,
  "episode": 2665,
  "replay_size": 20000,
  "loss": 0.8174211084842682,
  "policy_loss": 0.8161768317222595,
  "value_loss": 0.0012442790903151035
}
{
  "seed": 3279104698650416549,
  "steps": 34,
  "total_reward": 101.01000000000002,
  "chase_count": 3,
  "samples": 34,
  "episode": 2666,
  "replay_size": 20000,
  "loss": 0.7653225064277649,
  "policy_loss": 0.7640737295150757,
  "value_loss": 0.0012487786880228668
}
{
  "seed": 4161534241278859581,
  "steps": 38,
  "total_reward": 85.13000000000002,
  "chase_count": 4,
  "samples": 38,
  "episode": 2667,
  "replay_size": 20000,
  "loss": 0.8655685484409332,
  "policy_loss": 0.8642780184745789,
  "value_loss": 0.0012905217590741813
}
{
  "seed": 7765526696923435218,
  "steps": 36,
  "total_reward": 120.75000000000004,
  "chase_count": 4,
  "samples": 36,
  "episode": 2668,
  "replay_size": 20000,
  "loss": 0.8320046663284302,
  "policy_loss": 0.8311459422111511,
  "value_loss": 0.0008587197226006538
}
{
  "seed": 1192390912553593612,
  "steps": 35,
  "total_reward": 106.75000000000004,
  "chase_count": 5,
  "samples": 35,
  "episode": 2669,
  "replay_size": 20000,
  "loss": 0.8309623301029205,
  "policy_loss": 0.8298653066158295,
  "value_loss": 0.0010970250586979091
}
{
  "seed": 8062653874301058726,
  "steps": 29,
  "total_reward": 91.43,
  "chase_count": 5,
  "samples": 29,
  "episode": 2670,
  "replay_size": 20000,
  "loss": 0.884259819984436,
  "policy_loss": 0.8834660351276398,
  "value_loss": 0.0007937719346955419
}
{
  "seed": 1694018249074737441,
  "steps": 35,
  "total_reward": 66.13,
  "chase_count": 5,
  "samples": 35,
  "episode": 2671,
  "replay_size": 20000,
  "loss": 0.8420413136482239,
  "policy_loss": 0.8406077921390533,
  "value_loss": 0.0014335259329527617
}
{
  "seed": 6829353518703583345,
  "steps": 31,
  "total_reward": 90.70000000000002,
  "chase_count": 5,
  "samples": 31,
  "episode": 2672,
  "replay_size": 20000,
  "loss": 0.8356437683105469,
  "policy_loss": 0.834721565246582,
  "value_loss": 0.000922200531931594
}
{
  "seed": 1697973277145415720,
  "steps": 30,
  "total_reward": 104.36000000000003,
  "chase_count": 5,
  "samples": 30,
  "episode": 2673,
  "replay_size": 20000,
  "loss": 0.8258238136768341,
  "policy_loss": 0.8245164453983307,
  "value_loss": 0.0013073612353764474
}
{
  "seed": 3445331176906112748,
  "steps": 27,
  "total_reward": 97.64000000000001,
  "chase_count": 4,
  "samples": 27,
  "episode": 2674,
  "replay_size": 20000,
  "loss": 0.800466001033783,
  "policy_loss": 0.7992917001247406,
  "value_loss": 0.001174320001155138
}
{
  "seed": 71317896903962286,
  "steps": 37,
  "total_reward": 82.4,
  "chase_count": 4,
  "samples": 37,
  "episode": 2675,
  "replay_size": 20000,
  "loss": 0.8428424298763275,
  "policy_loss": 0.8417617082595825,
  "value_loss": 0.0010807429789565504
}
{
  "seed": 250584069578766889,
  "steps": 25,
  "total_reward": 77.38000000000001,
  "chase_count": 5,
  "samples": 25,
  "episode": 2676,
  "replay_size": 20000,
  "loss": 0.7787410616874695,
  "policy_loss": 0.77749103307724,
  "value_loss": 0.0012500195298343897
}
{
  "seed": 8958101923934085722,
  "steps": 31,
  "total_reward": 126.47000000000001,
  "chase_count": 5,
  "samples": 31,
  "episode": 2677,
  "replay_size": 20000,
  "loss": 0.8838859796524048,
  "policy_loss": 0.8826910257339478,
  "value_loss": 0.0011949539184570312
}
{
  "seed": 513444785946380610,
  "steps": 32,
  "total_reward": 102.07000000000001,
  "chase_count": 4,
  "samples": 32,
  "episode": 2678,
  "replay_size": 20000,
  "loss": 0.7950902581214905,
  "policy_loss": 0.7941612899303436,
  "value_loss": 0.0009289696463383734
}
{
  "seed": 6791579733286461135,
  "steps": 29,
  "total_reward": 69.21000000000002,
  "chase_count": 5,
  "samples": 29,
  "episode": 2679,
  "replay_size": 20000,
  "loss": 0.828240305185318,
  "policy_loss": 0.8270188271999359,
  "value_loss": 0.0012214737362228334
}
{
  "seed": 7259044783195641252,
  "steps": 28,
  "total_reward": 70.55,
  "chase_count": 5,
  "samples": 28,
  "episode": 2680,
  "replay_size": 20000,
  "loss": 0.7842733561992645,
  "policy_loss": 0.7829764187335968,
  "value_loss": 0.001296927046496421
}
{
  "seed": 7869479914744405331,
  "steps": 34,
  "total_reward": 84.21000000000001,
  "chase_count": 4,
  "samples": 34,
  "episode": 2681,
  "replay_size": 20000,
  "loss": 0.8159206807613373,
  "policy_loss": 0.8148406445980072,
  "value_loss": 0.001080007990822196
}
{
  "seed": 9201081774814649706,
  "steps": 34,
  "total_reward": 113.78,
  "chase_count": 3,
  "samples": 34,
  "episode": 2682,
  "replay_size": 20000,
  "loss": 0.847600668668747,
  "policy_loss": 0.8463852107524872,
  "value_loss": 0.0012154423457104713
}
{
  "seed": 5580252809049385893,
  "steps": 28,
  "total_reward": 72.42999999999999,
  "chase_count": 5,
  "samples": 28,
  "episode": 2683,
  "replay_size": 20000,
  "loss": 0.7565342485904694,
  "policy_loss": 0.7553771734237671,
  "value_loss": 0.0011570846545509994
}
{
  "seed": 6516202646438313150,
  "steps": 37,
  "total_reward": 89.49000000000001,
  "chase_count": 4,
  "samples": 37,
  "episode": 2684,
  "replay_size": 20000,
  "loss": 0.7899526953697205,
  "policy_loss": 0.7888041734695435,
  "value_loss": 0.0011485295835882425
}
{
  "seed": 5008083974442450625,
  "steps": 43,
  "total_reward": 99.96000000000005,
  "chase_count": 4,
  "samples": 43,
  "episode": 2685,
  "replay_size": 20000,
  "loss": 0.8740166425704956,
  "policy_loss": 0.8729376196861267,
  "value_loss": 0.00107903458410874
}
{
  "seed": 4975386225165767175,
  "steps": 33,
  "total_reward": 90.65000000000002,
  "chase_count": 4,
  "samples": 33,
  "episode": 2686,
  "replay_size": 20000,
  "loss": 0.8584095537662506,
  "policy_loss": 0.8570619523525238,
  "value_loss": 0.0013475865125656128
}
{
  "seed": 3579821694231313235,
  "steps": 22,
  "total_reward": 85.22000000000003,
  "chase_count": 5,
  "samples": 22,
  "episode": 2687,
  "replay_size": 20000,
  "loss": 0.7748781740665436,
  "policy_loss": 0.7735570669174194,
  "value_loss": 0.0013211285695433617
}
{
  "seed": 689575560803195092,
  "steps": 32,
  "total_reward": 64.56,
  "chase_count": 5,
  "samples": 32,
  "episode": 2688,
  "replay_size": 20000,
  "loss": 0.718242734670639,
  "policy_loss": 0.716778427362442,
  "value_loss": 0.0014643100439570844
}
{
  "seed": 7778022355036712244,
  "steps": 36,
  "total_reward": 103.92000000000004,
  "chase_count": 4,
  "samples": 36,
  "episode": 2689,
  "replay_size": 20000,
  "loss": 0.8457039296627045,
  "policy_loss": 0.844474583864212,
  "value_loss": 0.001229357672855258
}
{
  "seed": 3481901355609288410,
  "steps": 30,
  "total_reward": 72.46000000000001,
  "chase_count": 5,
  "samples": 30,
  "episode": 2690,
  "replay_size": 20000,
  "loss": 0.8520050942897797,
  "policy_loss": 0.8509092032909393,
  "value_loss": 0.0010959013015963137
}
{
  "seed": 3169383868154676957,
  "steps": 29,
  "total_reward": 103.15,
  "chase_count": 4,
  "samples": 29,
  "episode": 2691,
  "replay_size": 20000,
  "loss": 0.8395594954490662,
  "policy_loss": 0.838259756565094,
  "value_loss": 0.001299758325330913
}
{
  "seed": 225153757055219409,
  "steps": 36,
  "total_reward": 56.089999999999996,
  "chase_count": 5,
  "samples": 36,
  "episode": 2692,
  "replay_size": 20000,
  "loss": 0.7540315985679626,
  "policy_loss": 0.7527535259723663,
  "value_loss": 0.0012780905817635357
}
{
  "seed": 8597216383485446235,
  "steps": 43,
  "total_reward": 106.05000000000004,
  "chase_count": 4,
  "samples": 43,
  "episode": 2693,
  "replay_size": 20000,
  "loss": 0.839884340763092,
  "policy_loss": 0.8389376103878021,
  "value_loss": 0.0009467277268413454
}
{
  "seed": 3103254611691874381,
  "steps": 34,
  "total_reward": 92.33000000000003,
  "chase_count": 5,
  "samples": 34,
  "episode": 2694,
  "replay_size": 20000,
  "loss": 0.8521897196769714,
  "policy_loss": 0.8510139286518097,
  "value_loss": 0.0011758004548028111
}
{
  "seed": 800406531496602202,
  "steps": 34,
  "total_reward": 97.16000000000003,
  "chase_count": 5,
  "samples": 34,
  "episode": 2695,
  "replay_size": 20000,
  "loss": 0.8388187289237976,
  "policy_loss": 0.8372525870800018,
  "value_loss": 0.001566157501656562
}
{
  "seed": 2383373938837313192,
  "steps": 41,
  "total_reward": 116.70000000000003,
  "chase_count": 3,
  "samples": 41,
  "episode": 2696,
  "replay_size": 20000,
  "loss": 0.8005378842353821,
  "policy_loss": 0.7994101941585541,
  "value_loss": 0.0011276878649368882
}
{
  "seed": 7283045658571700988,
  "steps": 23,
  "total_reward": 75.26000000000002,
  "chase_count": 5,
  "samples": 23,
  "episode": 2697,
  "replay_size": 20000,
  "loss": 0.8526604175567627,
  "policy_loss": 0.8513602614402771,
  "value_loss": 0.0013001670013181865
}
{
  "seed": 7592333218384481693,
  "steps": 29,
  "total_reward": 119.31000000000003,
  "chase_count": 5,
  "samples": 29,
  "episode": 2698,
  "replay_size": 20000,
  "loss": 0.8119845688343048,
  "policy_loss": 0.8105241358280182,
  "value_loss": 0.0014604346361011267
}
{
  "seed": 8429596577321109038,
  "steps": 33,
  "total_reward": 82.79,
  "chase_count": 4,
  "samples": 33,
  "episode": 2699,
  "replay_size": 20000,
  "loss": 0.7417237758636475,
  "policy_loss": 0.7408205568790436,
  "value_loss": 0.0009032148809637874
}
{
  "seed": 5968847729252182961,
  "steps": 28,
  "total_reward": 91.94,
  "chase_count": 5,
  "samples": 28,
  "episode": 2700,
  "replay_size": 20000,
  "loss": 0.767944872379303,
  "policy_loss": 0.7664279639720917,
  "value_loss": 0.0015168939717113972
}
{
  "seed": 6250816002433046307,
  "steps": 37,
  "total_reward": 88.73000000000003,
  "chase_count": 4,
  "samples": 37,
  "episode": 2701,
  "replay_size": 20000,
  "loss": 0.7744996845722198,
  "policy_loss": 0.7734619975090027,
  "value_loss": 0.001037706300849095
}
{
  "seed": 2481872774742798108,
  "steps": 30,
  "total_reward": 80.96000000000001,
  "chase_count": 5,
  "samples": 30,
  "episode": 2702,
  "replay_size": 20000,
  "loss": 0.8638144135475159,
  "policy_loss": 0.8628805875778198,
  "value_loss": 0.0009338106901850551
}
{
  "seed": 2106748624907406204,
  "steps": 42,
  "total_reward": 109.22000000000004,
  "chase_count": 4,
  "samples": 42,
  "episode": 2703,
  "replay_size": 20000,
  "loss": 0.8362459242343903,
  "policy_loss": 0.8352490663528442,
  "value_loss": 0.0009968592785298824
}
{
  "seed": 3402681263751818733,
  "steps": 33,
  "total_reward": 93.23000000000002,
  "chase_count": 5,
  "samples": 33,
  "episode": 2704,
  "replay_size": 20000,
  "loss": 0.8353078067302704,
  "policy_loss": 0.8338437676429749,
  "value_loss": 0.0014640368171967566
}
{
  "seed": 886956896328814170,
  "steps": 35,
  "total_reward": 91.74000000000001,
  "chase_count": 5,
  "samples": 35,
  "episode": 2705,
  "replay_size": 20000,
  "loss": 0.8899270594120026,
  "policy_loss": 0.8889471888542175,
  "value_loss": 0.0009798957617022097
}
{
  "seed": 2867684518808274688,
  "steps": 35,
  "total_reward": 89.36,
  "chase_count": 5,
  "samples": 35,
  "episode": 2706,
  "replay_size": 20000,
  "loss": 0.7823366522789001,
  "policy_loss": 0.7810673713684082,
  "value_loss": 0.0012692800373770297
}
{
  "seed": 2152286072883184556,
  "steps": 29,
  "total_reward": 81.28,
  "chase_count": 4,
  "samples": 29,
  "episode": 2707,
  "replay_size": 20000,
  "loss": 0.8335736691951752,
  "policy_loss": 0.8323478400707245,
  "value_loss": 0.0012258135830052197
}
{
  "seed": 7226026319181726535,
  "steps": 37,
  "total_reward": 108.20000000000003,
  "chase_count": 4,
  "samples": 37,
  "episode": 2708,
  "replay_size": 20000,
  "loss": 0.8624452948570251,
  "policy_loss": 0.8611716330051422,
  "value_loss": 0.0012736657517962158
}
{
  "seed": 2352539891419706937,
  "steps": 34,
  "total_reward": 121.94,
  "chase_count": 4,
  "samples": 34,
  "episode": 2709,
  "replay_size": 20000,
  "loss": 0.8924150168895721,
  "policy_loss": 0.8915827870368958,
  "value_loss": 0.0008322265057358891
}
{
  "seed": 3387297062812810530,
  "steps": 25,
  "total_reward": 79.93,
  "chase_count": 4,
  "samples": 25,
  "episode": 2710,
  "replay_size": 20000,
  "loss": 0.8149281740188599,
  "policy_loss": 0.8140503466129303,
  "value_loss": 0.0008778121264185756
}
{
  "seed": 8514932374343052859,
  "steps": 26,
  "total_reward": 97.5,
  "chase_count": 5,
  "samples": 26,
  "episode": 2711,
  "replay_size": 20000,
  "loss": 0.7598386108875275,
  "policy_loss": 0.7589205205440521,
  "value_loss": 0.0009180775377899408
}
{
  "seed": 7972219427130528950,
  "steps": 33,
  "total_reward": 99.13,
  "chase_count": 4,
  "samples": 33,
  "episode": 2712,
  "replay_size": 20000,
  "loss": 0.7868795692920685,
  "policy_loss": 0.7858359515666962,
  "value_loss": 0.0010436133889015764
}
{
  "seed": 6714181968268732700,
  "steps": 25,
  "total_reward": 111.14000000000004,
  "chase_count": 5,
  "samples": 25,
  "episode": 2713,
  "replay_size": 20000,
  "loss": 0.9070104658603668,
  "policy_loss": 0.906030148267746,
  "value_loss": 0.0009803124703466892
}
{
  "seed": 3425865491339103752,
  "steps": 34,
  "total_reward": 111.25,
  "chase_count": 4,
  "samples": 34,
  "episode": 2714,
  "replay_size": 20000,
  "loss": 0.8426417410373688,
  "policy_loss": 0.8413538634777069,
  "value_loss": 0.0012878766865469515
}
{
  "seed": 4351399285721894435,
  "steps": 35,
  "total_reward": 103.59000000000003,
  "chase_count": 4,
  "samples": 35,
  "episode": 2715,
  "replay_size": 20000,
  "loss": 0.862995833158493,
  "policy_loss": 0.8616510331630707,
  "value_loss": 0.0013447976671159267
}
{
  "seed": 7792596057265401558,
  "steps": 26,
  "total_reward": 116.31000000000003,
  "chase_count": 5,
  "samples": 26,
  "episode": 2716,
  "replay_size": 20000,
  "loss": 0.8824047446250916,
  "policy_loss": 0.880905419588089,
  "value_loss": 0.0014993190416134894
}
{
  "seed": 5958675764309052206,
  "steps": 35,
  "total_reward": 113.65000000000002,
  "chase_count": 5,
  "samples": 35,
  "episode": 2717,
  "replay_size": 20000,
  "loss": 0.8200318515300751,
  "policy_loss": 0.8186754882335663,
  "value_loss": 0.0013563696411438286
}
{
  "seed": 3551398450428369733,
  "steps": 31,
  "total_reward": 69.62,
  "chase_count": 4,
  "samples": 31,
  "episode": 2718,
  "replay_size": 20000,
  "loss": 0.7840477228164673,
  "policy_loss": 0.7826548218727112,
  "value_loss": 0.0013928947155363858
}
{
  "seed": 8276473801967237700,
  "steps": 28,
  "total_reward": 100.77000000000001,
  "chase_count": 5,
  "samples": 28,
  "episode": 2719,
  "replay_size": 20000,
  "loss": 0.7758249342441559,
  "policy_loss": 0.7749151587486267,
  "value_loss": 0.0009097972942981869
}
{
  "seed": 2664696656487199060,
  "steps": 36,
  "total_reward": 104.17000000000003,
  "chase_count": 5,
  "samples": 36,
  "episode": 2720,
  "replay_size": 20000,
  "loss": 0.8232636749744415,
  "policy_loss": 0.8222345411777496,
  "value_loss": 0.0010291113867424428
}
{
  "seed": 2729595264921291361,
  "steps": 36,
  "total_reward": 97.83000000000001,
  "chase_count": 5,
  "samples": 36,
  "episode": 2721,
  "replay_size": 20000,
  "loss": 0.797043651342392,
  "policy_loss": 0.7960750162601471,
  "value_loss": 0.0009686319099273533
}
{
  "seed": 1127728397135752038,
  "steps": 30,
  "total_reward": 102.29,
  "chase_count": 5,
  "samples": 30,
  "episode": 2722,
  "replay_size": 20000,
  "loss": 0.8035782277584076,
  "policy_loss": 0.8023218214511871,
  "value_loss": 0.0012564066564664245
}
{
  "seed": 4446006406524981301,
  "steps": 37,
  "total_reward": 95.91,
  "chase_count": 5,
  "samples": 37,
  "episode": 2723,
  "replay_size": 20000,
  "loss": 0.7354268133640289,
  "policy_loss": 0.7341562211513519,
  "value_loss": 0.001270601584110409
}
{
  "seed": 2888527492934842091,
  "steps": 35,
  "total_reward": 113.89000000000001,
  "chase_count": 3,
  "samples": 35,
  "episode": 2724,
  "replay_size": 20000,
  "loss": 0.8517837524414062,
  "policy_loss": 0.850724995136261,
  "value_loss": 0.0010587458382360637
}
{
  "seed": 6189444324368120774,
  "steps": 31,
  "total_reward": 72.58000000000001,
  "chase_count": 5,
  "samples": 31,
  "episode": 2725,
  "replay_size": 20000,
  "loss": 0.8338314294815063,
  "policy_loss": 0.8325358331203461,
  "value_loss": 0.001295591238886118
}
{
  "seed": 2933846214509123909,
  "steps": 30,
  "total_reward": 111.95000000000002,
  "chase_count": 4,
  "samples": 30,
  "episode": 2726,
  "replay_size": 20000,
  "loss": 0.8453651070594788,
  "policy_loss": 0.8443036675453186,
  "value_loss": 0.0010614320635795593
}
{
  "seed": 1617599825011223263,
  "steps": 36,
  "total_reward": 101.31000000000002,
  "chase_count": 5,
  "samples": 36,
  "episode": 2727,
  "replay_size": 20000,
  "loss": 0.8402566611766815,
  "policy_loss": 0.838898777961731,
  "value_loss": 0.0013578860089182854
}
{
  "seed": 2298463945343626100,
  "steps": 34,
  "total_reward": 92.23,
  "chase_count": 4,
  "samples": 34,
  "episode": 2728,
  "replay_size": 20000,
  "loss": 0.795355498790741,
  "policy_loss": 0.7945491969585419,
  "value_loss": 0.0008063058776315302
}
{
  "seed": 6579414077581361209,
  "steps": 33,
  "total_reward": 93.60000000000002,
  "chase_count": 5,
  "samples": 33,
  "episode": 2729,
  "replay_size": 20000,
  "loss": 0.8642316460609436,
  "policy_loss": 0.8626365661621094,
  "value_loss": 0.0015950682573020458
}
{
  "seed": 4450232758545860195,
  "steps": 33,
  "total_reward": 77.57000000000001,
  "chase_count": 5,
  "samples": 33,
  "episode": 2730,
  "replay_size": 20000,
  "loss": 0.762317955493927,
  "policy_loss": 0.7612157166004181,
  "value_loss": 0.0011022367398254573
}
{
  "seed": 7789778193279977668,
  "steps": 37,
  "total_reward": 57.06999999999999,
  "chase_count": 5,
  "samples": 37,
  "episode": 2731,
  "replay_size": 20000,
  "loss": 0.7514267861843109,
  "policy_loss": 0.7502427697181702,
  "value_loss": 0.0011840079096145928
}
{
  "seed": 7192224773667406975,
  "steps": 32,
  "total_reward": 79.59000000000002,
  "chase_count": 5,
  "samples": 32,
  "episode": 2732,
  "replay_size": 20000,
  "loss": 0.7885002791881561,
  "policy_loss": 0.786674439907074,
  "value_loss": 0.0018258474301546812
}
{
  "seed": 5317949767889914995,
  "steps": 41,
  "total_reward": 117.55000000000004,
  "chase_count": 4,
  "samples": 41,
  "episode": 2733,
  "replay_size": 20000,
  "loss": 0.7859748899936676,
  "policy_loss": 0.7846335470676422,
  "value_loss": 0.0013413427514024079
}
{
  "seed": 4032079245348118388,
  "steps": 30,
  "total_reward": 103.54000000000002,
  "chase_count": 5,
  "samples": 30,
  "episode": 2734,
  "replay_size": 20000,
  "loss": 0.8554731905460358,
  "policy_loss": 0.8541568517684937,
  "value_loss": 0.0013163642142899334
}
{
  "seed": 4737833632342347474,
  "steps": 40,
  "total_reward": 111.97000000000003,
  "chase_count": 3,
  "samples": 40,
  "episode": 2735,
  "replay_size": 20000,
  "loss": 0.9770667254924774,
  "policy_loss": 0.9760646820068359,
  "value_loss": 0.0010020483750849962
}
{
  "seed": 43529623940344528,
  "steps": 32,
  "total_reward": 87.33000000000003,
  "chase_count": 4,
  "samples": 32,
  "episode": 2736,
  "replay_size": 20000,
  "loss": 0.826306164264679,
  "policy_loss": 0.8251537084579468,
  "value_loss": 0.0011524846777319908
}
{
  "seed": 1593919420427454950,
  "steps": 42,
  "total_reward": 121.59000000000003,
  "chase_count": 3,
  "samples": 42,
  "episode": 2737,
  "replay_size": 20000,
  "loss": 0.7365669906139374,
  "policy_loss": 0.7351481020450592,
  "value_loss": 0.0014189175562933087
}
{
  "seed": 1899810140828097814,
  "steps": 33,
  "total_reward": 85.67000000000002,
  "chase_count": 5,
  "samples": 33,
  "episode": 2738,
  "replay_size": 20000,
  "loss": 0.8174709379673004,
  "policy_loss": 0.8163598775863647,
  "value_loss": 0.0011110603518318385
}
{
  "seed": 3645666029308283061,
  "steps": 33,
  "total_reward": 92.75000000000001,
  "chase_count": 5,
  "samples": 33,
  "episode": 2739,
  "replay_size": 20000,
  "loss": 0.7070276439189911,
  "policy_loss": 0.7056861221790314,
  "value_loss": 0.0013415228459052742
}
{
  "seed": 2995437313807045087,
  "steps": 37,
  "total_reward": 92.59000000000003,
  "chase_count": 5,
  "samples": 37,
  "episode": 2740,
  "replay_size": 20000,
  "loss": 0.7953085601329803,
  "policy_loss": 0.7933671474456787,
  "value_loss": 0.0019414123380556703
}
{
  "seed": 2717945467365066760,
  "steps": 43,
  "total_reward": 114.00000000000004,
  "chase_count": 5,
  "samples": 43,
  "episode": 2741,
  "replay_size": 20000,
  "loss": 0.8689940571784973,
  "policy_loss": 0.8677995800971985,
  "value_loss": 0.0011944883153773844
}
{
  "seed": 2612999490150626086,
  "steps": 45,
  "total_reward": 137.05000000000007,
  "chase_count": 3,
  "samples": 45,
  "episode": 2742,
  "replay_size": 20000,
  "loss": 0.8570656180381775,
  "policy_loss": 0.8559777140617371,
  "value_loss": 0.001087917509721592
}
{
  "seed": 3942780278707289305,
  "steps": 30,
  "total_reward": 91.88999999999999,
  "chase_count": 4,
  "samples": 30,
  "episode": 2743,
  "replay_size": 20000,
  "loss": 0.7961890995502472,
  "policy_loss": 0.7951175272464752,
  "value_loss": 0.001071595906978473
}
{
  "seed": 886089476476154337,
  "steps": 29,
  "total_reward": 93.15,
  "chase_count": 5,
  "samples": 29,
  "episode": 2744,
  "replay_size": 20000,
  "loss": 0.8875167965888977,
  "policy_loss": 0.8862046599388123,
  "value_loss": 0.001312136184424162
}
{
  "seed": 8701873892728054064,
  "steps": 31,
  "total_reward": 81.19,
  "chase_count": 5,
  "samples": 31,
  "episode": 2745,
  "replay_size": 20000,
  "loss": 0.7611287236213684,
  "policy_loss": 0.7597130239009857,
  "value_loss": 0.00141571689164266
}
{
  "seed": 2965767523245048700,
  "steps": 29,
  "total_reward": 103.15000000000002,
  "chase_count": 5,
  "samples": 29,
  "episode": 2746,
  "replay_size": 20000,
  "loss": 0.7902029156684875,
  "policy_loss": 0.7892416417598724,
  "value_loss": 0.0009612511203158647
}
{
  "seed": 5837749985104260104,
  "steps": 33,
  "total_reward": 92.19000000000003,
  "chase_count": 5,
  "samples": 33,
  "episode": 2747,
  "replay_size": 20000,
  "loss": 0.8251501023769379,
  "policy_loss": 0.8239639699459076,
  "value_loss": 0.0011861506500281394
}
{
  "seed": 614062531621711329,
  "steps": 27,
  "total_reward": 99.06000000000003,
  "chase_count": 4,
  "samples": 27,
  "episode": 2748,
  "replay_size": 20000,
  "loss": 0.8095382750034332,
  "policy_loss": 0.8080635070800781,
  "value_loss": 0.001474760618293658
}
{
  "seed": 2534424303118198453,
  "steps": 35,
  "total_reward": 88.76000000000002,
  "chase_count": 5,
  "samples": 35,
  "episode": 2749,
  "replay_size": 20000,
  "loss": 0.7019314467906952,
  "policy_loss": 0.7011876404285431,
  "value_loss": 0.0007438207976520061
}
{
  "seed": 3681050007607785541,
  "steps": 37,
  "total_reward": 121.46000000000004,
  "chase_count": 3,
  "samples": 37,
  "episode": 2750,
  "replay_size": 20000,
  "loss": 0.8766726553440094,
  "policy_loss": 0.8758173584938049,
  "value_loss": 0.0008552928338758647
}
{
  "seed": 5958995986230237582,
  "steps": 35,
  "total_reward": 81.82000000000002,
  "chase_count": 5,
  "samples": 35,
  "episode": 2751,
  "replay_size": 20000,
  "loss": 0.8695402443408966,
  "policy_loss": 0.8682200312614441,
  "value_loss": 0.0013202277477830648
}
{
  "seed": 5688905492388111608,
  "steps": 33,
  "total_reward": 100.08000000000001,
  "chase_count": 4,
  "samples": 33,
  "episode": 2752,
  "replay_size": 20000,
  "loss": 0.877096027135849,
  "policy_loss": 0.8760484755039215,
  "value_loss": 0.0010475589951965958
}
{
  "seed": 2380280901784768343,
  "steps": 27,
  "total_reward": 88.68000000000004,
  "chase_count": 5,
  "samples": 27,
  "episode": 2753,
  "replay_size": 20000,
  "loss": 0.8051161468029022,
  "policy_loss": 0.8039367198944092,
  "value_loss": 0.0011794206802733243
}
{
  "seed": 2493126499104890266,
  "steps": 31,
  "total_reward": 71.99,
  "chase_count": 4,
  "samples": 31,
  "episode": 2754,
  "replay_size": 20000,
  "loss": 0.8639165163040161,
  "policy_loss": 0.8623102009296417,
  "value_loss": 0.0016063156654126942
}
{
  "seed": 7654726667754838477,
  "steps": 33,
  "total_reward": 93.76000000000002,
  "chase_count": 5,
  "samples": 33,
  "episode": 2755,
  "replay_size": 20000,
  "loss": 0.7959670722484589,
  "policy_loss": 0.7948934435844421,
  "value_loss": 0.0010736488038673997
}
{
  "seed": 7428215061851761104,
  "steps": 36,
  "total_reward": 77.78999999999999,
  "chase_count": 5,
  "samples": 36,
  "episode": 2756,
  "replay_size": 20000,
  "loss": 0.8837827742099762,
  "policy_loss": 0.8826268017292023,
  "value_loss": 0.001155983074568212
}
{
  "seed": 2964302639664472476,
  "steps": 30,
  "total_reward": 70.75000000000001,
  "chase_count": 5,
  "samples": 30,
  "episode": 2757,
  "replay_size": 20000,
  "loss": 0.8430249094963074,
  "policy_loss": 0.8417423963546753,
  "value_loss": 0.0012825310113839805
}
{
  "seed": 5417406716238738387,
  "steps": 33,
  "total_reward": 87.88,
  "chase_count": 5,
  "samples": 33,
  "episode": 2758,
  "replay_size": 20000,
  "loss": 0.738889217376709,
  "policy_loss": 0.7371522188186646,
  "value_loss": 0.001736990234348923
}
{
  "seed": 6748424631331042398,
  "steps": 28,
  "total_reward": 98.48000000000002,
  "chase_count": 5,
  "samples": 28,
  "episode": 2759,
  "replay_size": 20000,
  "loss": 0.7923502027988434,
  "policy_loss": 0.7912122905254364,
  "value_loss": 0.0011379103525541723
}
{
  "seed": 4979637454941414275,
  "steps": 28,
  "total_reward": 81.11000000000001,
  "chase_count": 5,
  "samples": 28,
  "episode": 2760,
  "replay_size": 20000,
  "loss": 0.9267034530639648,
  "policy_loss": 0.9254911541938782,
  "value_loss": 0.001212290022522211
}
{
  "seed": 5543599644659199491,
  "steps": 32,
  "total_reward": 67.66,
  "chase_count": 5,
  "samples": 32,
  "episode": 2761,
  "replay_size": 20000,
  "loss": 0.8162544071674347,
  "policy_loss": 0.815107136964798,
  "value_loss": 0.0011472648475319147
}
{
  "seed": 3565919339412928684,
  "steps": 36,
  "total_reward": 94.77000000000001,
  "chase_count": 4,
  "samples": 36,
  "episode": 2762,
  "replay_size": 20000,
  "loss": 0.7930119633674622,
  "policy_loss": 0.7909617125988007,
  "value_loss": 0.00205022597219795
}
{
  "seed": 6378463907800154701,
  "steps": 35,
  "total_reward": 72.37,
  "chase_count": 4,
  "samples": 35,
  "episode": 2763,
  "replay_size": 20000,
  "loss": 0.802028626203537,
  "policy_loss": 0.8007214069366455,
  "value_loss": 0.0013072241563349962
}
{
  "seed": 2646537931457306865,
  "steps": 33,
  "total_reward": 106.96000000000004,
  "chase_count": 5,
  "samples": 33,
  "episode": 2764,
  "replay_size": 20000,
  "loss": 0.8246111273765564,
  "policy_loss": 0.8227304518222809,
  "value_loss": 0.0018806741572916508
}
{
  "seed": 4092083984068533642,
  "steps": 29,
  "total_reward": 69.63999999999999,
  "chase_count": 5,
  "samples": 29,
  "episode": 2765,
  "replay_size": 20000,
  "loss": 0.8319351077079773,
  "policy_loss": 0.8304692208766937,
  "value_loss": 0.0014658808941021562
}
{
  "seed": 2170783254018587233,
  "steps": 28,
  "total_reward": 91.16000000000001,
  "chase_count": 4,
  "samples": 28,
  "episode": 2766,
  "replay_size": 20000,
  "loss": 0.8472768366336823,
  "policy_loss": 0.8457345068454742,
  "value_loss": 0.0015423299628309906
}
{
  "seed": 7210823322671494994,
  "steps": 34,
  "total_reward": 93.96000000000001,
  "chase_count": 3,
  "samples": 34,
  "episode": 2767,
  "replay_size": 20000,
  "loss": 0.8694141805171967,
  "policy_loss": 0.8683140277862549,
  "value_loss": 0.0011001608509104699
}
{
  "seed": 7980924061659157088,
  "steps": 31,
  "total_reward": 103.94,
  "chase_count": 4,
  "samples": 31,
  "episode": 2768,
  "replay_size": 20000,
  "loss": 0.7893008291721344,
  "policy_loss": 0.7875630259513855,
  "value_loss": 0.001737774582579732
}
{
  "seed": 5260875818055503747,
  "steps": 33,
  "total_reward": 115.10000000000002,
  "chase_count": 4,
  "samples": 33,
  "episode": 2769,
  "replay_size": 20000,
  "loss": 0.8784479796886444,
  "policy_loss": 0.877131462097168,
  "value_loss": 0.0013165221898816526
}
{
  "seed": 4718310859143938425,
  "steps": 30,
  "total_reward": 96.93,
  "chase_count": 5,
  "samples": 30,
  "episode": 2770,
  "replay_size": 20000,
  "loss": 0.8642277419567108,
  "policy_loss": 0.8628612160682678,
  "value_loss": 0.0013665469305124134
}
{
  "seed": 5203950644105913254,
  "steps": 30,
  "total_reward": 69.71000000000002,
  "chase_count": 5,
  "samples": 30,
  "episode": 2771,
  "replay_size": 20000,
  "loss": 0.952646940946579,
  "policy_loss": 0.951761931180954,
  "value_loss": 0.000885029643541202
}
{
  "seed": 2264848629747764991,
  "steps": 33,
  "total_reward": 95.51000000000002,
  "chase_count": 5,
  "samples": 33,
  "episode": 2772,
  "replay_size": 20000,
  "loss": 0.7743350863456726,
  "policy_loss": 0.772821307182312,
  "value_loss": 0.001513767580036074
}
{
  "seed": 1493451546506167621,
  "steps": 34,
  "total_reward": 89.54000000000002,
  "chase_count": 5,
  "samples": 34,
  "episode": 2773,
  "replay_size": 20000,
  "loss": 0.8677514791488647,
  "policy_loss": 0.8663369119167328,
  "value_loss": 0.0014145522727631032
}
{
  "seed": 6664121850322122014,
  "steps": 29,
  "total_reward": 72.99000000000001,
  "chase_count": 5,
  "samples": 29,
  "episode": 2774,
  "replay_size": 20000,
  "loss": 0.8626881837844849,
  "policy_loss": 0.8616111576557159,
  "value_loss": 0.0010770250810310245
}
{
  "seed": 2694429317197917170,
  "steps": 39,
  "total_reward": 74.37,
  "chase_count": 4,
  "samples": 39,
  "episode": 2775,
  "replay_size": 20000,
  "loss": 0.8430413901805878,
  "policy_loss": 0.841815322637558,
  "value_loss": 0.001226065563969314
}
{
  "seed": 2307319340120804195,
  "steps": 38,
  "total_reward": 100.99000000000004,
  "chase_count": 4,
  "samples": 38,
  "episode": 2776,
  "replay_size": 20000,
  "loss": 0.8088047504425049,
  "policy_loss": 0.8077230453491211,
  "value_loss": 0.0010816894937306643
}
{
  "seed": 2546143970133657652,
  "steps": 34,
  "total_reward": 98.66000000000003,
  "chase_count": 3,
  "samples": 34,
  "episode": 2777,
  "replay_size": 20000,
  "loss": 0.8431464731693268,
  "policy_loss": 0.8416277766227722,
  "value_loss": 0.0015186977689154446
}
{
  "seed": 6121374486048478995,
  "steps": 40,
  "total_reward": 121.07000000000001,
  "chase_count": 5,
  "samples": 40,
  "episode": 2778,
  "replay_size": 20000,
  "loss": 0.7879895269870758,
  "policy_loss": 0.7869508564472198,
  "value_loss": 0.0010386554058641195
}
{
  "seed": 5846573591429880044,
  "steps": 34,
  "total_reward": 88.79000000000002,
  "chase_count": 5,
  "samples": 34,
  "episode": 2779,
  "replay_size": 20000,
  "loss": 0.8130737841129303,
  "policy_loss": 0.8119745850563049,
  "value_loss": 0.0010992064781021327
}
{
  "seed": 1572465730166511228,
  "steps": 21,
  "total_reward": 72.05000000000001,
  "chase_count": 5,
  "samples": 21,
  "episode": 2780,
  "replay_size": 20000,
  "loss": 0.8132355809211731,
  "policy_loss": 0.811827689409256,
  "value_loss": 0.0014078933745622635
}
{
  "seed": 6421889805817948233,
  "steps": 31,
  "total_reward": 98.83000000000003,
  "chase_count": 4,
  "samples": 31,
  "episode": 2781,
  "replay_size": 20000,
  "loss": 0.8654011189937592,
  "policy_loss": 0.8641613125801086,
  "value_loss": 0.0012398153194226325
}
{
  "seed": 5875335758120663332,
  "steps": 40,
  "total_reward": 132.25000000000006,
  "chase_count": 3,
  "samples": 40,
  "episode": 2782,
  "replay_size": 20000,
  "loss": 0.810002326965332,
  "policy_loss": 0.8087916076183319,
  "value_loss": 0.0012107221991755068
}
{
  "seed": 6111990654465427827,
  "steps": 33,
  "total_reward": 117.61000000000001,
  "chase_count": 4,
  "samples": 33,
  "episode": 2783,
  "replay_size": 20000,
  "loss": 0.8519640862941742,
  "policy_loss": 0.850516140460968,
  "value_loss": 0.0014479358214884996
}
{
  "seed": 8218825286832787947,
  "steps": 32,
  "total_reward": 98.89000000000001,
  "chase_count": 3,
  "samples": 32,
  "episode": 2784,
  "replay_size": 20000,
  "loss": 0.8308982253074646,
  "policy_loss": 0.8296999335289001,
  "value_loss": 0.0011982839205302298
}
{
  "seed": 6843515134543832061,
  "steps": 32,
  "total_reward": 73.92000000000002,
  "chase_count": 4,
  "samples": 32,
  "episode": 2785,
  "replay_size": 20000,
  "loss": 0.8449325859546661,
  "policy_loss": 0.8434735238552094,
  "value_loss": 0.0014590463251806796
}
{
  "seed": 6930049698861437316,
  "steps": 37,
  "total_reward": 90.97,
  "chase_count": 5,
  "samples": 37,
  "episode": 2786,
  "replay_size": 20000,
  "loss": 0.8652616739273071,
  "policy_loss": 0.8637384474277496,
  "value_loss": 0.0015232214354909956
}
{
  "seed": 3758428683988487629,
  "steps": 31,
  "total_reward": 87.83000000000001,
  "chase_count": 5,
  "samples": 31,
  "episode": 2787,
  "replay_size": 20000,
  "loss": 0.9020426273345947,
  "policy_loss": 0.9004995822906494,
  "value_loss": 0.001543050690088421
}
{
  "seed": 6530252566712558608,
  "steps": 31,
  "total_reward": 79.07000000000002,
  "chase_count": 5,
  "samples": 31,
  "episode": 2788,
  "replay_size": 20000,
  "loss": 0.7156848311424255,
  "policy_loss": 0.7145181894302368,
  "value_loss": 0.0011666437494568527
}
{
  "seed": 2341987412649346365,
  "steps": 27,
  "total_reward": 101.39000000000003,
  "chase_count": 5,
  "samples": 27,
  "episode": 2789,
  "replay_size": 20000,
  "loss": 0.7613067328929901,
  "policy_loss": 0.7600248456001282,
  "value_loss": 0.0012818718096241355
}
{
  "seed": 1363101583155432128,
  "steps": 33,
  "total_reward": 93.50000000000003,
  "chase_count": 5,
  "samples": 33,
  "episode": 2790,
  "replay_size": 20000,
  "loss": 0.7438461184501648,
  "policy_loss": 0.7427205443382263,
  "value_loss": 0.001125596318161115
}
{
  "seed": 4445437977072792147,
  "steps": 29,
  "total_reward": 90.17000000000002,
  "chase_count": 5,
  "samples": 29,
  "episode": 2791,
  "replay_size": 20000,
  "loss": 0.8630421459674835,
  "policy_loss": 0.8618166446685791,
  "value_loss": 0.0012254900066182017
}
{
  "seed": 947206017389503767,
  "steps": 29,
  "total_reward": 100.0,
  "chase_count": 4,
  "samples": 29,
  "episode": 2792,
  "replay_size": 20000,
  "loss": 0.9501115679740906,
  "policy_loss": 0.9483761787414551,
  "value_loss": 0.0017353923176415265
}
{
  "seed": 7007183983492112352,
  "steps": 34,
  "total_reward": 93.27000000000002,
  "chase_count": 4,
  "samples": 34,
  "episode": 2793,
  "replay_size": 20000,
  "loss": 0.6997624039649963,
  "policy_loss": 0.6985459625720978,
  "value_loss": 0.0012164661311544478
}
{
  "seed": 4664977960799530852,
  "steps": 35,
  "total_reward": 102.56000000000004,
  "chase_count": 5,
  "samples": 35,
  "episode": 2794,
  "replay_size": 20000,
  "loss": 0.845907062292099,
  "policy_loss": 0.8443282842636108,
  "value_loss": 0.0015787947340868413
}
{
  "seed": 1317465688056814044,
  "steps": 36,
  "total_reward": 97.66000000000001,
  "chase_count": 5,
  "samples": 36,
  "episode": 2795,
  "replay_size": 20000,
  "loss": 0.7474831938743591,
  "policy_loss": 0.7464389801025391,
  "value_loss": 0.0010442248021718115
}
{
  "seed": 8139605653053658728,
  "steps": 35,
  "total_reward": 106.05000000000001,
  "chase_count": 4,
  "samples": 35,
  "episode": 2796,
  "replay_size": 20000,
  "loss": 0.8531360626220703,
  "policy_loss": 0.852017730474472,
  "value_loss": 0.0011183437309227884
}
{
  "seed": 4609664881053599639,
  "steps": 29,
  "total_reward": 96.74000000000001,
  "chase_count": 4,
  "samples": 29,
  "episode": 2797,
  "replay_size": 20000,
  "loss": 0.7814533114433289,
  "policy_loss": 0.7801939845085144,
  "value_loss": 0.0012593053397722542
}
{
  "seed": 314922946271883185,
  "steps": 42,
  "total_reward": 83.60000000000002,
  "chase_count": 5,
  "samples": 42,
  "episode": 2798,
  "replay_size": 20000,
  "loss": 0.9030722677707672,
  "policy_loss": 0.9018067419528961,
  "value_loss": 0.0012655080645345151
}
{
  "seed": 7665367450583577999,
  "steps": 33,
  "total_reward": 99.01000000000002,
  "chase_count": 5,
  "samples": 33,
  "episode": 2799,
  "replay_size": 20000,
  "loss": 0.8304139077663422,
  "policy_loss": 0.8295008540153503,
  "value_loss": 0.0009130594262387604
}
{
  "seed": 8504957940909769430,
  "steps": 36,
  "total_reward": 104.56,
  "chase_count": 4,
  "samples": 36,
  "episode": 2800,
  "replay_size": 20000,
  "loss": 0.7824800610542297,
  "policy_loss": 0.781221479177475,
  "value_loss": 0.0012585700023919344
}
{
  "seed": 8101306580963197970,
  "steps": 31,
  "total_reward": 106.68000000000002,
  "chase_count": 5,
  "samples": 31,
  "episode": 2801,
  "replay_size": 20000,
  "loss": 0.82729172706604,
  "policy_loss": 0.8262039422988892,
  "value_loss": 0.0010877843596972525
}
{
  "seed": 9163215220548644845,
  "steps": 37,
  "total_reward": 93.48000000000002,
  "chase_count": 3,
  "samples": 37,
  "episode": 2802,
  "replay_size": 20000,
  "loss": 0.8796446025371552,
  "policy_loss": 0.8782737851142883,
  "value_loss": 0.0013708237675018609
}
{
  "seed": 7857832598049567621,
  "steps": 35,
  "total_reward": 121.05000000000001,
  "chase_count": 2,
  "samples": 35,
  "episode": 2803,
  "replay_size": 20000,
  "loss": 0.8521406650543213,
  "policy_loss": 0.850358635187149,
  "value_loss": 0.0017820262000896037
}
{
  "seed": 4834868151399092065,
  "steps": 38,
  "total_reward": 111.16000000000003,
  "chase_count": 4,
  "samples": 38,
  "episode": 2804,
  "replay_size": 20000,
  "loss": 0.7790984213352203,
  "policy_loss": 0.777625173330307,
  "value_loss": 0.0014732592680957168
}
{
  "seed": 336777876220124984,
  "steps": 31,
  "total_reward": 122.32000000000004,
  "chase_count": 5,
  "samples": 31,
  "episode": 2805,
  "replay_size": 20000,
  "loss": 0.9437036514282227,
  "policy_loss": 0.9427791237831116,
  "value_loss": 0.0009244833490811288
}
{
  "seed": 6136464461677880619,
  "steps": 31,
  "total_reward": 88.00999999999999,
  "chase_count": 4,
  "samples": 31,
  "episode": 2806,
  "replay_size": 20000,
  "loss": 0.9153324663639069,
  "policy_loss": 0.9138714075088501,
  "value_loss": 0.0014610642683692276
}
{
  "seed": 2723778219252835073,
  "steps": 29,
  "total_reward": 75.29,
  "chase_count": 5,
  "samples": 29,
  "episode": 2807,
  "replay_size": 20000,
  "loss": 0.7924098074436188,
  "policy_loss": 0.7913057804107666,
  "value_loss": 0.0011040145182050765
}
{
  "seed": 3738984133848287713,
  "steps": 25,
  "total_reward": 88.22,
  "chase_count": 5,
  "samples": 25,
  "episode": 2808,
  "replay_size": 20000,
  "loss": 0.8842004835605621,
  "policy_loss": 0.8827073276042938,
  "value_loss": 0.001493146875873208
}
{
  "seed": 4152124799765674007,
  "steps": 36,
  "total_reward": 138.90000000000003,
  "chase_count": 2,
  "samples": 36,
  "episode": 2809,
  "replay_size": 20000,
  "loss": 0.8299893438816071,
  "policy_loss": 0.8288532197475433,
  "value_loss": 0.0011361290235072374
}
{
  "seed": 4751332601584091064,
  "steps": 38,
  "total_reward": 83.68000000000004,
  "chase_count": 3,
  "samples": 38,
  "episode": 2810,
  "replay_size": 20000,
  "loss": 0.8118120729923248,
  "policy_loss": 0.8108215928077698,
  "value_loss": 0.000990486762020737
}
{
  "seed": 6909057342418239897,
  "steps": 38,
  "total_reward": 93.80000000000001,
  "chase_count": 5,
  "samples": 38,
  "episode": 2811,
  "replay_size": 20000,
  "loss": 0.7820296585559845,
  "policy_loss": 0.7810346484184265,
  "value_loss": 0.0009950308012776077
}
{
  "seed": 4039163776596962621,
  "steps": 32,
  "total_reward": 84.31,
  "chase_count": 5,
  "samples": 32,
  "episode": 2812,
  "replay_size": 20000,
  "loss": 0.6947221457958221,
  "policy_loss": 0.6936414539813995,
  "value_loss": 0.001080685673514381
}
{
  "seed": 4662381790509375906,
  "steps": 29,
  "total_reward": 93.28000000000002,
  "chase_count": 5,
  "samples": 29,
  "episode": 2813,
  "replay_size": 20000,
  "loss": 0.7901634573936462,
  "policy_loss": 0.7894083857536316,
  "value_loss": 0.0007550645677838475
}
{
  "seed": 872070413016049119,
  "steps": 34,
  "total_reward": 94.69000000000003,
  "chase_count": 5,
  "samples": 34,
  "episode": 2814,
  "replay_size": 20000,
  "loss": 0.8359788954257965,
  "policy_loss": 0.8349196016788483,
  "value_loss": 0.001059300993802026
}
{
  "seed": 2537537819514365458,
  "steps": 35,
  "total_reward": 95.42000000000004,
  "chase_count": 4,
  "samples": 35,
  "episode": 2815,
  "replay_size": 20000,
  "loss": 0.8573518991470337,
  "policy_loss": 0.8559549152851105,
  "value_loss": 0.0013969889841973782
}
{
  "seed": 6305455351783313943,
  "steps": 30,
  "total_reward": 88.06000000000003,
  "chase_count": 4,
  "samples": 30,
  "episode": 2816,
  "replay_size": 20000,
  "loss": 0.8695911169052124,
  "policy_loss": 0.8681718707084656,
  "value_loss": 0.001419253647327423
}
{
  "seed": 8309986630478935734,
  "steps": 32,
  "total_reward": 90.02000000000002,
  "chase_count": 4,
  "samples": 32,
  "episode": 2817,
  "replay_size": 20000,
  "loss": 0.9029124975204468,
  "policy_loss": 0.9017350077629089,
  "value_loss": 0.0011774643207900226
}
{
  "seed": 4598736684172291044,
  "steps": 32,
  "total_reward": 103.23000000000002,
  "chase_count": 5,
  "samples": 32,
  "episode": 2818,
  "replay_size": 20000,
  "loss": 0.8497995734214783,
  "policy_loss": 0.8479413688182831,
  "value_loss": 0.0018582030897960067
}
{
  "seed": 3325888956504103575,
  "steps": 28,
  "total_reward": 77.43,
  "chase_count": 5,
  "samples": 28,
  "episode": 2819,
  "replay_size": 20000,
  "loss": 0.8469536304473877,
  "policy_loss": 0.8458745777606964,
  "value_loss": 0.0010790735250338912
}
{
  "seed": 7984886827908093446,
  "steps": 28,
  "total_reward": 91.81,
  "chase_count": 5,
  "samples": 28,
  "episode": 2820,
  "replay_size": 20000,
  "loss": 0.893987238407135,
  "policy_loss": 0.8930036127567291,
  "value_loss": 0.0009836223325692117
}
{
  "seed": 7147562893463874686,
  "steps": 27,
  "total_reward": 85.9,
  "chase_count": 4,
  "samples": 27,
  "episode": 2821,
  "replay_size": 20000,
  "loss": 0.865025132894516,
  "policy_loss": 0.863597959280014,
  "value_loss": 0.0014271886902861297
}
{
  "seed": 6273261639383653826,
  "steps": 33,
  "total_reward": 77.82,
  "chase_count": 4,
  "samples": 33,
  "episode": 2822,
  "replay_size": 20000,
  "loss": 0.8877443969249725,
  "policy_loss": 0.886338084936142,
  "value_loss": 0.0014063281123526394
}
{
  "seed": 6912845494768859660,
  "steps": 29,
  "total_reward": 88.99000000000001,
  "chase_count": 5,
  "samples": 29,
  "episode": 2823,
  "replay_size": 20000,
  "loss": 0.7517012059688568,
  "policy_loss": 0.7503273487091064,
  "value_loss": 0.0013738678535446525
}
{
  "seed": 2757992676556674531,
  "steps": 29,
  "total_reward": 74.33000000000001,
  "chase_count": 5,
  "samples": 29,
  "episode": 2824,
  "replay_size": 20000,
  "loss": 0.8413004875183105,
  "policy_loss": 0.8402568995952606,
  "value_loss": 0.0010435685107950121
}
{
  "seed": 7270345311147350297,
  "steps": 32,
  "total_reward": 75.45000000000002,
  "chase_count": 3,
  "samples": 32,
  "episode": 2825,
  "replay_size": 20000,
  "loss": 0.8186293840408325,
  "policy_loss": 0.8175292313098907,
  "value_loss": 0.0011001554084941745
}
{
  "seed": 383824807698298365,
  "steps": 32,
  "total_reward": 88.12,
  "chase_count": 5,
  "samples": 32,
  "episode": 2826,
  "replay_size": 20000,
  "loss": 0.9145771861076355,
  "policy_loss": 0.9135816395282745,
  "value_loss": 0.0009955328132491559
}
{
  "seed": 151759835801520015,
  "steps": 35,
  "total_reward": 101.79000000000002,
  "chase_count": 5,
  "samples": 35,
  "episode": 2827,
  "replay_size": 20000,
  "loss": 0.9078349769115448,
  "policy_loss": 0.9067591726779938,
  "value_loss": 0.0010757794661913067
}
{
  "seed": 9050195181314826060,
  "steps": 38,
  "total_reward": 118.36000000000003,
  "chase_count": 3,
  "samples": 38,
  "episode": 2828,
  "replay_size": 20000,
  "loss": 0.8322793245315552,
  "policy_loss": 0.8304223120212555,
  "value_loss": 0.0018570286920294166
}
{
  "seed": 3171704957816046270,
  "steps": 30,
  "total_reward": 109.54000000000003,
  "chase_count": 5,
  "samples": 30,
  "episode": 2829,
  "replay_size": 20000,
  "loss": 0.9020713269710541,
  "policy_loss": 0.9011167883872986,
  "value_loss": 0.0009545315988361835
}
{
  "seed": 4089116375114516610,
  "steps": 30,
  "total_reward": 106.29000000000003,
  "chase_count": 4,
  "samples": 30,
  "episode": 2830,
  "replay_size": 20000,
  "loss": 0.7994515299797058,
  "policy_loss": 0.7982258498668671,
  "value_loss": 0.0012256879708729684
}
{
  "seed": 8409702658764667183,
  "steps": 32,
  "total_reward": 96.45000000000002,
  "chase_count": 5,
  "samples": 32,
  "episode": 2831,
  "replay_size": 20000,
  "loss": 0.7601928412914276,
  "policy_loss": 0.7592082619667053,
  "value_loss": 0.0009845682070590556
}
{
  "seed": 8369370474398451596,
  "steps": 25,
  "total_reward": 78.73,
  "chase_count": 5,
  "samples": 25,
  "episode": 2832,
  "replay_size": 20000,
  "loss": 0.8165211081504822,
  "policy_loss": 0.8154575228691101,
  "value_loss": 0.0010635950893629342
}
{
  "seed": 12441724546842290,
  "steps": 32,
  "total_reward": 93.68000000000004,
  "chase_count": 5,
  "samples": 32,
  "episode": 2833,
  "replay_size": 20000,
  "loss": 0.8954287767410278,
  "policy_loss": 0.8942956924438477,
  "value_loss": 0.0011330705601722002
}
{
  "seed": 5313831526818305035,
  "steps": 33,
  "total_reward": 62.65999999999999,
  "chase_count": 5,
  "samples": 33,
  "episode": 2834,
  "replay_size": 20000,
  "loss": 0.8809342086315155,
  "policy_loss": 0.8797707259654999,
  "value_loss": 0.001163504581199959
}
{
  "seed": 2559449358276914257,
  "steps": 35,
  "total_reward": 108.70000000000002,
  "chase_count": 4,
  "samples": 35,
  "episode": 2835,
  "replay_size": 20000,
  "loss": 0.8184313178062439,
  "policy_loss": 0.8169459402561188,
  "value_loss": 0.0014853895409032702
}
{
  "seed": 2451869340261560697,
  "steps": 29,
  "total_reward": 94.95000000000002,
  "chase_count": 5,
  "samples": 29,
  "episode": 2836,
  "replay_size": 20000,
  "loss": 0.807507336139679,
  "policy_loss": 0.805890828371048,
  "value_loss": 0.0016165016568265855
}
{
  "seed": 2131742413819559483,
  "steps": 51,
  "total_reward": 125.95000000000007,
  "chase_count": 3,
  "samples": 51,
  "episode": 2837,
  "replay_size": 20000,
  "loss": 0.8389039635658264,
  "policy_loss": 0.8376944065093994,
  "value_loss": 0.0012095560086891055
}
{
  "seed": 7710251959714260717,
  "steps": 34,
  "total_reward": 122.38,
  "chase_count": 5,
  "samples": 34,
  "episode": 2838,
  "replay_size": 20000,
  "loss": 0.8342454433441162,
  "policy_loss": 0.8331101834774017,
  "value_loss": 0.001135251543018967
}
{
  "seed": 7503955091350447821,
  "steps": 35,
  "total_reward": 115.54000000000002,
  "chase_count": 3,
  "samples": 35,
  "episode": 2839,
  "replay_size": 20000,
  "loss": 0.7693314850330353,
  "policy_loss": 0.7678143978118896,
  "value_loss": 0.001517066906671971
}
{
  "seed": 4788171725804036634,
  "steps": 33,
  "total_reward": 108.57000000000002,
  "chase_count": 5,
  "samples": 33,
  "episode": 2840,
  "replay_size": 20000,
  "loss": 0.7652952075004578,
  "policy_loss": 0.764224499464035,
  "value_loss": 0.0010706906905397773
}
{
  "seed": 3149792289053189533,
  "steps": 30,
  "total_reward": 105.74000000000001,
  "chase_count": 5,
  "samples": 30,
  "episode": 2841,
  "replay_size": 20000,
  "loss": 0.7955174744129181,
  "policy_loss": 0.7942704260349274,
  "value_loss": 0.001247043372131884
}
{
  "seed": 2914532355821171428,
  "steps": 34,
  "total_reward": 98.07000000000004,
  "chase_count": 5,
  "samples": 34,
  "episode": 2842,
  "replay_size": 20000,
  "loss": 0.8141769766807556,
  "policy_loss": 0.8131228387355804,
  "value_loss": 0.0010541293304413557
}
{
  "seed": 770874083459343505,
  "steps": 32,
  "total_reward": 88.00999999999999,
  "chase_count": 5,
  "samples": 32,
  "episode": 2843,
  "replay_size": 20000,
  "loss": 0.9325120449066162,
  "policy_loss": 0.931503176689148,
  "value_loss": 0.0010088674316648394
}
{
  "seed": 5010582416469367713,
  "steps": 39,
  "total_reward": 100.29000000000002,
  "chase_count": 5,
  "samples": 39,
  "episode": 2844,
  "replay_size": 20000,
  "loss": 0.9217036366462708,
  "policy_loss": 0.9203468859195709,
  "value_loss": 0.00135672657052055
}
{
  "seed": 3654267629164003786,
  "steps": 37,
  "total_reward": 140.79000000000002,
  "chase_count": 4,
  "samples": 37,
  "episode": 2845,
  "replay_size": 20000,
  "loss": 0.881639152765274,
  "policy_loss": 0.8804775178432465,
  "value_loss": 0.0011616338742896914
}
{
  "seed": 93396497245503064,
  "steps": 30,
  "total_reward": 109.29000000000003,
  "chase_count": 3,
  "samples": 30,
  "episode": 2846,
  "replay_size": 20000,
  "loss": 0.9202467501163483,
  "policy_loss": 0.9189004898071289,
  "value_loss": 0.0013462391216307878
}
{
  "seed": 2276305592370565528,
  "steps": 30,
  "total_reward": 64.2,
  "chase_count": 4,
  "samples": 30,
  "episode": 2847,
  "replay_size": 20000,
  "loss": 0.8371310532093048,
  "policy_loss": 0.8359010517597198,
  "value_loss": 0.0012300015077926219
}
{
  "seed": 1281479516204255237,
  "steps": 48,
  "total_reward": 133.63000000000005,
  "chase_count": 2,
  "samples": 48,
  "episode": 2848,
  "replay_size": 20000,
  "loss": 0.8123552203178406,
  "policy_loss": 0.8111295402050018,
  "value_loss": 0.0012256674526724964
}
{
  "seed": 2004901252269481840,
  "steps": 37,
  "total_reward": 90.97000000000003,
  "chase_count": 5,
  "samples": 37,
  "episode": 2849,
  "replay_size": 20000,
  "loss": 0.8116284012794495,
  "policy_loss": 0.8103507161140442,
  "value_loss": 0.0012776979710906744
}
{
  "seed": 7027213873452270290,
  "steps": 39,
  "total_reward": 92.82000000000002,
  "chase_count": 3,
  "samples": 39,
  "episode": 2850,
  "replay_size": 20000,
  "loss": 0.951041966676712,
  "policy_loss": 0.9494322538375854,
  "value_loss": 0.0016097375773824751
}
{
  "seed": 5539517090044203757,
  "steps": 36,
  "total_reward": 117.99000000000001,
  "chase_count": 3,
  "samples": 36,
  "episode": 2851,
  "replay_size": 20000,
  "loss": 0.8402999639511108,
  "policy_loss": 0.8382639586925507,
  "value_loss": 0.0020359846530482173
}
{
  "seed": 4890600846147688935,
  "steps": 24,
  "total_reward": 92.0,
  "chase_count": 5,
  "samples": 24,
  "episode": 2852,
  "replay_size": 20000,
  "loss": 0.6992022693157196,
  "policy_loss": 0.6977981925010681,
  "value_loss": 0.0014040954411029816
}
{
  "seed": 9171465288930095120,
  "steps": 35,
  "total_reward": 70.72000000000001,
  "chase_count": 5,
  "samples": 35,
  "episode": 2853,
  "replay_size": 20000,
  "loss": 0.7462661564350128,
  "policy_loss": 0.7449811697006226,
  "value_loss": 0.0012849856284447014
}
{
  "seed": 2160323713124189307,
  "steps": 32,
  "total_reward": 113.83000000000004,
  "chase_count": 5,
  "samples": 32,
  "episode": 2854,
  "replay_size": 20000,
  "loss": 0.8840354084968567,
  "policy_loss": 0.8826813399791718,
  "value_loss": 0.0013540828367695212
}
{
  "seed": 4040916092452111949,
  "steps": 31,
  "total_reward": 118.33000000000001,
  "chase_count": 4,
  "samples": 31,
  "episode": 2855,
  "replay_size": 20000,
  "loss": 0.8600819408893585,
  "policy_loss": 0.8581725656986237,
  "value_loss": 0.001909362617880106
}
{
  "seed": 1433692902984712776,
  "steps": 39,
  "total_reward": 120.29000000000003,
  "chase_count": 4,
  "samples": 39,
  "episode": 2856,
  "replay_size": 20000,
  "loss": 0.8359968960285187,
  "policy_loss": 0.8345791399478912,
  "value_loss": 0.0014177446719259024
}
{
  "seed": 5432492510897720636,
  "steps": 38,
  "total_reward": 124.84000000000006,
  "chase_count": 4,
  "samples": 38,
  "episode": 2857,
  "replay_size": 20000,
  "loss": 0.8192201852798462,
  "policy_loss": 0.8179309964179993,
  "value_loss": 0.0012891896185465157
}
{
  "seed": 8719961190289298495,
  "steps": 35,
  "total_reward": 131.07,
  "chase_count": 5,
  "samples": 35,
  "episode": 2858,
  "replay_size": 20000,
  "loss": 0.8974981009960175,
  "policy_loss": 0.8962399363517761,
  "value_loss": 0.0012581843184307218
}
{
  "seed": 483963957905406527,
  "steps": 39,
  "total_reward": 101.45000000000003,
  "chase_count": 5,
  "samples": 39,
  "episode": 2859,
  "replay_size": 20000,
  "loss": 0.8111474514007568,
  "policy_loss": 0.8094602227210999,
  "value_loss": 0.001687213429249823
}
{
  "seed": 5303928181619155274,
  "steps": 28,
  "total_reward": 88.98,
  "chase_count": 5,
  "samples": 28,
  "episode": 2860,
  "replay_size": 20000,
  "loss": 0.950916051864624,
  "policy_loss": 0.9494213461875916,
  "value_loss": 0.0014947059098631144
}
{
  "seed": 1239379945352231599,
  "steps": 26,
  "total_reward": 82.6,
  "chase_count": 4,
  "samples": 26,
  "episode": 2861,
  "replay_size": 20000,
  "loss": 0.7819581031799316,
  "policy_loss": 0.7806673645973206,
  "value_loss": 0.0012907381751574576
}
{
  "seed": 7175581675675673631,
  "steps": 27,
  "total_reward": 82.84000000000003,
  "chase_count": 5,
  "samples": 27,
  "episode": 2862,
  "replay_size": 20000,
  "loss": 0.8742397427558899,
  "policy_loss": 0.8727896511554718,
  "value_loss": 0.0014500821416731924
}
{
  "seed": 2807083075870649829,
  "steps": 30,
  "total_reward": 111.90000000000003,
  "chase_count": 4,
  "samples": 30,
  "episode": 2863,
  "replay_size": 20000,
  "loss": 0.8218756020069122,
  "policy_loss": 0.8206129372119904,
  "value_loss": 0.0012626602838281542
}
{
  "seed": 3827272723898568281,
  "steps": 33,
  "total_reward": 104.00000000000003,
  "chase_count": 5,
  "samples": 33,
  "episode": 2864,
  "replay_size": 20000,
  "loss": 0.8230135440826416,
  "policy_loss": 0.8218989372253418,
  "value_loss": 0.0011146171600557864
}
{
  "seed": 1825566405001794504,
  "steps": 29,
  "total_reward": 82.28,
  "chase_count": 5,
  "samples": 29,
  "episode": 2865,
  "replay_size": 20000,
  "loss": 0.8583814203739166,
  "policy_loss": 0.8571246862411499,
  "value_loss": 0.0012567236553877592
}
{
  "seed": 926925296457362106,
  "steps": 33,
  "total_reward": 73.75999999999999,
  "chase_count": 4,
  "samples": 33,
  "episode": 2866,
  "replay_size": 20000,
  "loss": 0.8997801542282104,
  "policy_loss": 0.8982615172863007,
  "value_loss": 0.0015186326927505434
}
{
  "seed": 2180120769019727686,
  "steps": 27,
  "total_reward": 97.02,
  "chase_count": 4,
  "samples": 27,
  "episode": 2867,
  "replay_size": 20000,
  "loss": 0.8269688785076141,
  "policy_loss": 0.8257482051849365,
  "value_loss": 0.00122066552285105
}
{
  "seed": 8051859576148419337,
  "steps": 36,
  "total_reward": 95.33000000000001,
  "chase_count": 5,
  "samples": 36,
  "episode": 2868,
  "replay_size": 20000,
  "loss": 0.7848714888095856,
  "policy_loss": 0.7838277816772461,
  "value_loss": 0.0010436993325129151
}
{
  "seed": 7165065146136505779,
  "steps": 31,
  "total_reward": 95.58000000000001,
  "chase_count": 4,
  "samples": 31,
  "episode": 2869,
  "replay_size": 20000,
  "loss": 0.8292697668075562,
  "policy_loss": 0.8279360830783844,
  "value_loss": 0.0013336760457605124
}
{
  "seed": 6195425020476354979,
  "steps": 33,
  "total_reward": 75.32,
  "chase_count": 5,
  "samples": 33,
  "episode": 2870,
  "replay_size": 20000,
  "loss": 0.8192687034606934,
  "policy_loss": 0.8182758390903473,
  "value_loss": 0.0009928683284670115
}
{
  "seed": 4738920827464273512,
  "steps": 34,
  "total_reward": 114.39000000000003,
  "chase_count": 5,
  "samples": 34,
  "episode": 2871,
  "replay_size": 20000,
  "loss": 0.8785419762134552,
  "policy_loss": 0.8773806691169739,
  "value_loss": 0.0011613054666668177
}
{
  "seed": 4110597429730278351,
  "steps": 25,
  "total_reward": 83.44,
  "chase_count": 5,
  "samples": 25,
  "episode": 2872,
  "replay_size": 20000,
  "loss": 0.7678197026252747,
  "policy_loss": 0.7658834457397461,
  "value_loss": 0.0019362577586434782
}
{
  "seed": 3829958756553650574,
  "steps": 25,
  "total_reward": 86.27000000000001,
  "chase_count": 5,
  "samples": 25,
  "episode": 2873,
  "replay_size": 20000,
  "loss": 0.7789170145988464,
  "policy_loss": 0.7772660553455353,
  "value_loss": 0.0016509393462911248
}
{
  "seed": 5060311174672394166,
  "steps": 40,
  "total_reward": 99.22000000000003,
  "chase_count": 4,
  "samples": 40,
  "episode": 2874,
  "replay_size": 20000,
  "loss": 0.7918399572372437,
  "policy_loss": 0.7906801104545593,
  "value_loss": 0.0011598433775361627
}
{
  "seed": 4338476190588993530,
  "steps": 46,
  "total_reward": 140.84000000000003,
  "chase_count": 3,
  "samples": 46,
  "episode": 2875,
  "replay_size": 20000,
  "loss": 0.7675490081310272,
  "policy_loss": 0.7659837603569031,
  "value_loss": 0.001565244107041508
}
{
  "seed": 693215976690462302,
  "steps": 38,
  "total_reward": 124.03000000000002,
  "chase_count": 4,
  "samples": 38,
  "episode": 2876,
  "replay_size": 20000,
  "loss": 0.8312940001487732,
  "policy_loss": 0.8301896452903748,
  "value_loss": 0.0011043691192753613
}
{
  "seed": 5075771241411554801,
  "steps": 34,
  "total_reward": 94.47,
  "chase_count": 5,
  "samples": 34,
  "episode": 2877,
  "replay_size": 20000,
  "loss": 0.8299901783466339,
  "policy_loss": 0.8288839757442474,
  "value_loss": 0.0011061953846365213
}
{
  "seed": 7647534441528870867,
  "steps": 28,
  "total_reward": 99.00000000000003,
  "chase_count": 4,
  "samples": 28,
  "episode": 2878,
  "replay_size": 20000,
  "loss": 0.8737751841545105,
  "policy_loss": 0.8727196753025055,
  "value_loss": 0.0010555109474807978
}
{
  "seed": 6392538193594199285,
  "steps": 38,
  "total_reward": 92.72000000000003,
  "chase_count": 5,
  "samples": 38,
  "episode": 2879,
  "replay_size": 20000,
  "loss": 0.8099443912506104,
  "policy_loss": 0.8084003627300262,
  "value_loss": 0.0015440435381606221
}
{
  "seed": 3577947736041629486,
  "steps": 29,
  "total_reward": 100.13000000000002,
  "chase_count": 5,
  "samples": 29,
  "episode": 2880,
  "replay_size": 20000,
  "loss": 0.7730051875114441,
  "policy_loss": 0.7720689177513123,
  "value_loss": 0.0009362957498524338
}
{
  "seed": 6344719830688113619,
  "steps": 40,
  "total_reward": 121.16000000000004,
  "chase_count": 4,
  "samples": 40,
  "episode": 2881,
  "replay_size": 20000,
  "loss": 0.8121509850025177,
  "policy_loss": 0.810856819152832,
  "value_loss": 0.0012941688764840364
}
{
  "seed": 623552293283112183,
  "steps": 39,
  "total_reward": 98.96000000000004,
  "chase_count": 5,
  "samples": 39,
  "episode": 2882,
  "replay_size": 20000,
  "loss": 0.8166158199310303,
  "policy_loss": 0.8146874308586121,
  "value_loss": 0.0019283924484625459
}
{
  "seed": 2881888693401740476,
  "steps": 32,
  "total_reward": 108.46000000000001,
  "chase_count": 5,
  "samples": 32,
  "episode": 2883,
  "replay_size": 20000,
  "loss": 0.8252434730529785,
  "policy_loss": 0.8236512541770935,
  "value_loss": 0.001592220738530159
}
{
  "seed": 5447790661828520259,
  "steps": 29,
  "total_reward": 106.12,
  "chase_count": 5,
  "samples": 29,
  "episode": 2884,
  "replay_size": 20000,
  "loss": 0.8231003284454346,
  "policy_loss": 0.8216061890125275,
  "value_loss": 0.001494152587838471
}
{
  "seed": 7880437394967784234,
  "steps": 30,
  "total_reward": 97.73000000000002,
  "chase_count": 4,
  "samples": 30,
  "episode": 2885,
  "replay_size": 20000,
  "loss": 0.8438470661640167,
  "policy_loss": 0.8425136804580688,
  "value_loss": 0.0013333847746253014
}
{
  "seed": 8150857423696339456,
  "steps": 32,
  "total_reward": 97.66000000000001,
  "chase_count": 4,
  "samples": 32,
  "episode": 2886,
  "replay_size": 20000,
  "loss": 0.8302630484104156,
  "policy_loss": 0.8293758928775787,
  "value_loss": 0.000887153553776443
}
{
  "seed": 8255405690844218000,
  "steps": 33,
  "total_reward": 75.58000000000001,
  "chase_count": 5,
  "samples": 33,
  "episode": 2887,
  "replay_size": 20000,
  "loss": 0.8932594656944275,
  "policy_loss": 0.8916411399841309,
  "value_loss": 0.0016183046391233802
}
{
  "seed": 5771065688128499408,
  "steps": 30,
  "total_reward": 88.49000000000001,
  "chase_count": 5,
  "samples": 30,
  "episode": 2888,
  "replay_size": 20000,
  "loss": 0.8275014460086823,
  "policy_loss": 0.8264892995357513,
  "value_loss": 0.0010121481900569052
}
{
  "seed": 4243200258305126627,
  "steps": 41,
  "total_reward": 93.64000000000001,
  "chase_count": 5,
  "samples": 41,
  "episode": 2889,
  "replay_size": 20000,
  "loss": 0.801122397184372,
  "policy_loss": 0.7995271682739258,
  "value_loss": 0.0015952151734381914
}
{
  "seed": 6549667909089134349,
  "steps": 37,
  "total_reward": 84.78999999999999,
  "chase_count": 4,
  "samples": 37,
  "episode": 2890,
  "replay_size": 20000,
  "loss": 0.8838431239128113,
  "policy_loss": 0.882348895072937,
  "value_loss": 0.0014942274428904057
}
{
  "seed": 6813844521933581084,
  "steps": 38,
  "total_reward": 90.06000000000002,
  "chase_count": 4,
  "samples": 38,
  "episode": 2891,
  "replay_size": 20000,
  "loss": 0.7735776603221893,
  "policy_loss": 0.7724586129188538,
  "value_loss": 0.0011190457153134048
}
{
  "seed": 4595001404032189822,
  "steps": 37,
  "total_reward": 68.88000000000001,
  "chase_count": 5,
  "samples": 37,
  "episode": 2892,
  "replay_size": 20000,
  "loss": 0.8758588135242462,
  "policy_loss": 0.8745068609714508,
  "value_loss": 0.0013519646599888802
}
{
  "seed": 7441456663604840959,
  "steps": 36,
  "total_reward": 75.53999999999999,
  "chase_count": 5,
  "samples": 36,
  "episode": 2893,
  "replay_size": 20000,
  "loss": 0.7862101793289185,
  "policy_loss": 0.7847128808498383,
  "value_loss": 0.0014972981880418956
}
{
  "seed": 5064759319435736445,
  "steps": 36,
  "total_reward": 102.18,
  "chase_count": 5,
  "samples": 36,
  "episode": 2894,
  "replay_size": 20000,
  "loss": 0.8690904974937439,
  "policy_loss": 0.8674545586109161,
  "value_loss": 0.0016359592555090785
}
{
  "seed": 865650755502152937,
  "steps": 32,
  "total_reward": 93.42000000000002,
  "chase_count": 4,
  "samples": 32,
  "episode": 2895,
  "replay_size": 20000,
  "loss": 0.841416746377945,
  "policy_loss": 0.8399849236011505,
  "value_loss": 0.0014318166649900377
}
{
  "seed": 1064973190004700357,
  "steps": 31,
  "total_reward": 99.82000000000002,
  "chase_count": 5,
  "samples": 31,
  "episode": 2896,
  "replay_size": 20000,
  "loss": 0.7740941345691681,
  "policy_loss": 0.7730341851711273,
  "value_loss": 0.0010599545494187623
}
{
  "seed": 1307116909003366851,
  "steps": 34,
  "total_reward": 96.41000000000003,
  "chase_count": 5,
  "samples": 34,
  "episode": 2897,
  "replay_size": 20000,
  "loss": 0.8527467250823975,
  "policy_loss": 0.8511448204517365,
  "value_loss": 0.0016018998576328158
}
{
  "seed": 3866558533349103891,
  "steps": 37,
  "total_reward": 87.70000000000003,
  "chase_count": 4,
  "samples": 37,
  "episode": 2898,
  "replay_size": 20000,
  "loss": 0.8022799789905548,
  "policy_loss": 0.8013886213302612,
  "value_loss": 0.0008913726778700948
}
{
  "seed": 3433517222362764405,
  "steps": 36,
  "total_reward": 93.19,
  "chase_count": 5,
  "samples": 36,
  "episode": 2899,
  "replay_size": 20000,
  "loss": 0.7762657701969147,
  "policy_loss": 0.7753313779830933,
  "value_loss": 0.0009344055433757603
}
{
  "seed": 8069837382173552135,
  "steps": 24,
  "total_reward": 99.33000000000001,
  "chase_count": 4,
  "samples": 24,
  "episode": 2900,
  "replay_size": 20000,
  "loss": 0.774040162563324,
  "policy_loss": 0.7727087438106537,
  "value_loss": 0.0013314158422872424
}
{
  "seed": 7059365806109183150,
  "steps": 29,
  "total_reward": 82.14000000000003,
  "chase_count": 4,
  "samples": 29,
  "episode": 2901,
  "replay_size": 20000,
  "loss": 0.8458362817764282,
  "policy_loss": 0.8445198833942413,
  "value_loss": 0.0013164027477614582
}
{
  "seed": 3158931844284923124,
  "steps": 37,
  "total_reward": 91.73000000000002,
  "chase_count": 3,
  "samples": 37,
  "episode": 2902,
  "replay_size": 20000,
  "loss": 0.9543170630931854,
  "policy_loss": 0.9534138739109039,
  "value_loss": 0.0009031790832523257
}
{
  "seed": 3142710884762761640,
  "steps": 38,
  "total_reward": 94.33000000000001,
  "chase_count": 5,
  "samples": 38,
  "episode": 2903,
  "replay_size": 20000,
  "loss": 0.8274921774864197,
  "policy_loss": 0.8261005580425262,
  "value_loss": 0.001391621131915599
}
{
  "seed": 8014889551115011582,
  "steps": 35,
  "total_reward": 92.93000000000002,
  "chase_count": 5,
  "samples": 35,
  "episode": 2904,
  "replay_size": 20000,
  "loss": 0.796509712934494,
  "policy_loss": 0.7949682772159576,
  "value_loss": 0.001541422214359045
}
{
  "seed": 4341717157171839676,
  "steps": 29,
  "total_reward": 92.28,
  "chase_count": 5,
  "samples": 29,
  "episode": 2905,
  "replay_size": 20000,
  "loss": 0.8218861520290375,
  "policy_loss": 0.8202310800552368,
  "value_loss": 0.001655070809647441
}
{
  "seed": 6702749897390080567,
  "steps": 33,
  "total_reward": 114.31000000000003,
  "chase_count": 4,
  "samples": 33,
  "episode": 2906,
  "replay_size": 20000,
  "loss": 0.7553558349609375,
  "policy_loss": 0.7543343901634216,
  "value_loss": 0.0010214372596237808
}
{
  "seed": 3005055527342424846,
  "steps": 37,
  "total_reward": 96.12000000000003,
  "chase_count": 4,
  "samples": 37,
  "episode": 2907,
  "replay_size": 20000,
  "loss": 0.8307971954345703,
  "policy_loss": 0.8292405307292938,
  "value_loss": 0.0015566732035949826
}
{
  "seed": 1317882071030310312,
  "steps": 35,
  "total_reward": 122.43000000000002,
  "chase_count": 5,
  "samples": 35,
  "episode": 2908,
  "replay_size": 20000,
  "loss": 0.835057407617569,
  "policy_loss": 0.8335015773773193,
  "value_loss": 0.0015558296581730247
}
{
  "seed": 4311940331417586458,
  "steps": 31,
  "total_reward": 92.35000000000002,
  "chase_count": 4,
  "samples": 31,
  "episode": 2909,
  "replay_size": 20000,
  "loss": 0.7894834876060486,
  "policy_loss": 0.7882502973079681,
  "value_loss": 0.0012332056066952646
}
{
  "seed": 7959834561659594486,
  "steps": 34,
  "total_reward": 92.29000000000002,
  "chase_count": 5,
  "samples": 34,
  "episode": 2910,
  "replay_size": 20000,
  "loss": 0.7953582406044006,
  "policy_loss": 0.7940084040164948,
  "value_loss": 0.0013498564367182553
}
{
  "seed": 7544258560619393570,
  "steps": 38,
  "total_reward": 59.81999999999999,
  "chase_count": 5,
  "samples": 38,
  "episode": 2911,
  "replay_size": 20000,
  "loss": 0.7909408807754517,
  "policy_loss": 0.7895500659942627,
  "value_loss": 0.0013908179244026542
}
{
  "seed": 7818704664620051695,
  "steps": 29,
  "total_reward": 74.83000000000001,
  "chase_count": 4,
  "samples": 29,
  "episode": 2912,
  "replay_size": 20000,
  "loss": 0.8044028580188751,
  "policy_loss": 0.8029222190380096,
  "value_loss": 0.001480633218307048
}
{
  "seed": 7550910049098922882,
  "steps": 30,
  "total_reward": 95.8,
  "chase_count": 4,
  "samples": 30,
  "episode": 2913,
  "replay_size": 20000,
  "loss": 0.7630920112133026,
  "policy_loss": 0.761838972568512,
  "value_loss": 0.0012530224630609155
}
{
  "seed": 6691131168785881424,
  "steps": 33,
  "total_reward": 99.13000000000002,
  "chase_count": 5,
  "samples": 33,
  "episode": 2914,
  "replay_size": 20000,
  "loss": 0.8040539026260376,
  "policy_loss": 0.802726149559021,
  "value_loss": 0.00132774404482916
}
{
  "seed": 4052915205478731458,
  "steps": 26,
  "total_reward": 82.22000000000001,
  "chase_count": 5,
  "samples": 26,
  "episode": 2915,
  "replay_size": 20000,
  "loss": 0.8214682638645172,
  "policy_loss": 0.8202607035636902,
  "value_loss": 0.0012075716513209045
}
{
  "seed": 3239691444417631293,
  "steps": 35,
  "total_reward": 107.55000000000004,
  "chase_count": 5,
  "samples": 35,
  "episode": 2916,
  "replay_size": 20000,
  "loss": 0.8209047615528107,
  "policy_loss": 0.8195010721683502,
  "value_loss": 0.0014036961365491152
}
{
  "seed": 3782783340930164881,
  "steps": 34,
  "total_reward": 69.37,
  "chase_count": 4,
  "samples": 34,
  "episode": 2917,
  "replay_size": 20000,
  "loss": 0.8133814632892609,
  "policy_loss": 0.8125699460506439,
  "value_loss": 0.0008115207019727677
}
{
  "seed": 8165549067951544434,
  "steps": 34,
  "total_reward": 83.20000000000002,
  "chase_count": 5,
  "samples": 34,
  "episode": 2918,
  "replay_size": 20000,
  "loss": 0.7685802280902863,
  "policy_loss": 0.7669561505317688,
  "value_loss": 0.0016240770346485078
}
{
  "seed": 8929981585886725056,
  "steps": 25,
  "total_reward": 85.19000000000001,
  "chase_count": 5,
  "samples": 25,
  "episode": 2919,
  "replay_size": 20000,
  "loss": 0.9182351231575012,
  "policy_loss": 0.9167641401290894,
  "value_loss": 0.0014710024697706103
}
{
  "seed": 1369654594806365958,
  "steps": 26,
  "total_reward": 90.91999999999999,
  "chase_count": 5,
  "samples": 26,
  "episode": 2920,
  "replay_size": 20000,
  "loss": 0.7308223843574524,
  "policy_loss": 0.7297427356243134,
  "value_loss": 0.0010796684655360878
}
{
  "seed": 7584649363880093278,
  "steps": 39,
  "total_reward": 115.38000000000005,
  "chase_count": 4,
  "samples": 39,
  "episode": 2921,
  "replay_size": 20000,
  "loss": 0.8627870380878448,
  "policy_loss": 0.8616405129432678,
  "value_loss": 0.001146521623013541
}
{
  "seed": 3122995154185558308,
  "steps": 40,
  "total_reward": 86.78,
  "chase_count": 4,
  "samples": 40,
  "episode": 2922,
  "replay_size": 20000,
  "loss": 0.7550067901611328,
  "policy_loss": 0.7539043128490448,
  "value_loss": 0.0011024806881323457
}
{
  "seed": 6078116502669696950,
  "steps": 32,
  "total_reward": 89.29000000000002,
  "chase_count": 5,
  "samples": 32,
  "episode": 2923,
  "replay_size": 20000,
  "loss": 0.8587644994258881,
  "policy_loss": 0.8572553992271423,
  "value_loss": 0.00150909717194736
}
{
  "seed": 1634774220551291572,
  "steps": 39,
  "total_reward": 129.67000000000004,
  "chase_count": 4,
  "samples": 39,
  "episode": 2924,
  "replay_size": 20000,
  "loss": 0.8490932285785675,
  "policy_loss": 0.8481152057647705,
  "value_loss": 0.0009780228429008275
}
{
  "seed": 2770221970582859077,
  "steps": 30,
  "total_reward": 83.26000000000002,
  "chase_count": 3,
  "samples": 30,
  "episode": 2925,
  "replay_size": 20000,
  "loss": 0.8093664646148682,
  "policy_loss": 0.8075824081897736,
  "value_loss": 0.001784035295713693
}
{
  "seed": 2812545534309943759,
  "steps": 33,
  "total_reward": 90.66000000000001,
  "chase_count": 5,
  "samples": 33,
  "episode": 2926,
  "replay_size": 20000,
  "loss": 0.8266339898109436,
  "policy_loss": 0.8251085579395294,
  "value_loss": 0.001525434898212552
}
{
  "seed": 6243004646980378500,
  "steps": 33,
  "total_reward": 106.26000000000002,
  "chase_count": 4,
  "samples": 33,
  "episode": 2927,
  "replay_size": 20000,
  "loss": 0.8041291832923889,
  "policy_loss": 0.8031639754772186,
  "value_loss": 0.0009652265871409327
}
{
  "seed": 6134676764599946377,
  "steps": 30,
  "total_reward": 99.04000000000002,
  "chase_count": 5,
  "samples": 30,
  "episode": 2928,
  "replay_size": 20000,
  "loss": 0.7505401074886322,
  "policy_loss": 0.7489947080612183,
  "value_loss": 0.001545403152704239
}
{
  "seed": 8216303557800888182,
  "steps": 34,
  "total_reward": 92.48000000000002,
  "chase_count": 5,
  "samples": 34,
  "episode": 2929,
  "replay_size": 20000,
  "loss": 0.8478188216686249,
  "policy_loss": 0.8459317088127136,
  "value_loss": 0.0018871276988647878
}
{
  "seed": 4001896925242036134,
  "steps": 37,
  "total_reward": 92.79000000000002,
  "chase_count": 3,
  "samples": 37,
  "episode": 2930,
  "replay_size": 20000,
  "loss": 0.9039201736450195,
  "policy_loss": 0.9024414122104645,
  "value_loss": 0.0014787828258704394
}
{
  "seed": 778546424862766753,
  "steps": 36,
  "total_reward": 88.44000000000001,
  "chase_count": 5,
  "samples": 36,
  "episode": 2931,
  "replay_size": 20000,
  "loss": 0.8702632486820221,
  "policy_loss": 0.8684796690940857,
  "value_loss": 0.001783581159543246
}
{
  "seed": 578118070186874048,
  "steps": 38,
  "total_reward": 113.50000000000004,
  "chase_count": 4,
  "samples": 38,
  "episode": 2932,
  "replay_size": 20000,
  "loss": 0.8799283504486084,
  "policy_loss": 0.8783807456493378,
  "value_loss": 0.0015476153930649161
}
{
  "seed": 160452824591743069,
  "steps": 39,
  "total_reward": 137.63000000000005,
  "chase_count": 3,
  "samples": 39,
  "episode": 2933,
  "replay_size": 20000,
  "loss": 0.7774189412593842,
  "policy_loss": 0.7761821150779724,
  "value_loss": 0.0012368126772344112
}
{
  "seed": 797855355053692404,
  "steps": 29,
  "total_reward": 79.99000000000001,
  "chase_count": 5,
  "samples": 29,
  "episode": 2934,
  "replay_size": 20000,
  "loss": 0.8986412882804871,
  "policy_loss": 0.8971141278743744,
  "value_loss": 0.0015271485899575055
}
{
  "seed": 8779670115181987848,
  "steps": 44,
  "total_reward": 117.26000000000003,
  "chase_count": 3,
  "samples": 44,
  "episode": 2935,
  "replay_size": 20000,
  "loss": 0.8670649528503418,
  "policy_loss": 0.8651959002017975,
  "value_loss": 0.0018690670258365571
}
{
  "seed": 8979540960608622099,
  "steps": 27,
  "total_reward": 94.91000000000003,
  "chase_count": 4,
  "samples": 27,
  "episode": 2936,
  "replay_size": 20000,
  "loss": 0.6983918249607086,
  "policy_loss": 0.6968151032924652,
  "value_loss": 0.0015767221339046955
}
{
  "seed": 4906462136601945893,
  "steps": 30,
  "total_reward": 81.99,
  "chase_count": 5,
  "samples": 30,
  "episode": 2937,
  "replay_size": 20000,
  "loss": 0.7982213497161865,
  "policy_loss": 0.7970992922782898,
  "value_loss": 0.0011220639280509204
}
{
  "seed": 7673500861680955856,
  "steps": 30,
  "total_reward": 108.31000000000002,
  "chase_count": 5,
  "samples": 30,
  "episode": 2938,
  "replay_size": 20000,
  "loss": 0.7162979543209076,
  "policy_loss": 0.7149567604064941,
  "value_loss": 0.0013411897234618664
}
{
  "seed": 4240412347579112731,
  "steps": 33,
  "total_reward": 118.81000000000002,
  "chase_count": 5,
  "samples": 33,
  "episode": 2939,
  "replay_size": 20000,
  "loss": 0.8670591115951538,
  "policy_loss": 0.8654722273349762,
  "value_loss": 0.0015868648770265281
}
{
  "seed": 8356515474604568218,
  "steps": 31,
  "total_reward": 62.879999999999995,
  "chase_count": 5,
  "samples": 31,
  "episode": 2940,
  "replay_size": 20000,
  "loss": 0.7587095201015472,
  "policy_loss": 0.7576524019241333,
  "value_loss": 0.0010571093880571425
}
{
  "seed": 6236816408526871834,
  "steps": 38,
  "total_reward": 74.4,
  "chase_count": 5,
  "samples": 38,
  "episode": 2941,
  "replay_size": 20000,
  "loss": 0.8129749000072479,
  "policy_loss": 0.811689555644989,
  "value_loss": 0.0012853473599534482
}
{
  "seed": 4074789574986427145,
  "steps": 35,
  "total_reward": 129.36,
  "chase_count": 3,
  "samples": 35,
  "episode": 2942,
  "replay_size": 20000,
  "loss": 0.7644083499908447,
  "policy_loss": 0.7630368769168854,
  "value_loss": 0.0013714818051084876
}
{
  "seed": 4068134788165355526,
  "steps": 40,
  "total_reward": 78.18,
  "chase_count": 5,
  "samples": 40,
  "episode": 2943,
  "replay_size": 20000,
  "loss": 0.8679992258548737,
  "policy_loss": 0.8670148849487305,
  "value_loss": 0.0009843370062299073
}
{
  "seed": 6740621249253091199,
  "steps": 27,
  "total_reward": 84.07000000000001,
  "chase_count": 5,
  "samples": 27,
  "episode": 2944,
  "replay_size": 20000,
  "loss": 0.8296784162521362,
  "policy_loss": 0.8285043239593506,
  "value_loss": 0.0011741011985577643
}
{
  "seed": 8186302387631996355,
  "steps": 37,
  "total_reward": 135.73000000000002,
  "chase_count": 3,
  "samples": 37,
  "episode": 2945,
  "replay_size": 20000,
  "loss": 0.8480919003486633,
  "policy_loss": 0.846284419298172,
  "value_loss": 0.0018074936233460903
}
{
  "seed": 128306297270365210,
  "steps": 42,
  "total_reward": 102.78000000000003,
  "chase_count": 4,
  "samples": 42,
  "episode": 2946,
  "replay_size": 20000,
  "loss": 0.8821209371089935,
  "policy_loss": 0.8807159960269928,
  "value_loss": 0.0014049554010853171
}
{
  "seed": 7691759414912061433,
  "steps": 27,
  "total_reward": 77.32,
  "chase_count": 5,
  "samples": 27,
  "episode": 2947,
  "replay_size": 20000,
  "loss": 0.7427349388599396,
  "policy_loss": 0.7414483726024628,
  "value_loss": 0.0012865692260675132
}
{
  "seed": 8494602304986731414,
  "steps": 35,
  "total_reward": 119.36000000000001,
  "chase_count": 5,
  "samples": 35,
  "episode": 2948,
  "replay_size": 20000,
  "loss": 0.7624316811561584,
  "policy_loss": 0.7611361145973206,
  "value_loss": 0.0012955784040968865
}
{
  "seed": 4592981898990729998,
  "steps": 30,
  "total_reward": 122.67000000000002,
  "chase_count": 3,
  "samples": 30,
  "episode": 2949,
  "replay_size": 20000,
  "loss": 0.718261182308197,
  "policy_loss": 0.7167270183563232,
  "value_loss": 0.0015341773978434503
}
{
  "seed": 8218514197278136165,
  "steps": 41,
  "total_reward": 92.93000000000005,
  "chase_count": 5,
  "samples": 41,
  "episode": 2950,
  "replay_size": 20000,
  "loss": 0.7468830049037933,
  "policy_loss": 0.7458361387252808,
  "value_loss": 0.001046874764142558
}
{
  "seed": 4507988331865988699,
  "steps": 30,
  "total_reward": 80.46000000000002,
  "chase_count": 5,
  "samples": 30,
  "episode": 2951,
  "replay_size": 20000,
  "loss": 0.8144460618495941,
  "policy_loss": 0.8128810226917267,
  "value_loss": 0.0015650446875952184
}
{
  "seed": 5710375968357594610,
  "steps": 27,
  "total_reward": 118.85000000000001,
  "chase_count": 5,
  "samples": 27,
  "episode": 2952,
  "replay_size": 20000,
  "loss": 0.8409852087497711,
  "policy_loss": 0.8396747410297394,
  "value_loss": 0.0013104617246426642
}
{
  "seed": 5594294813385798821,
  "steps": 40,
  "total_reward": 106.15000000000002,
  "chase_count": 3,
  "samples": 40,
  "episode": 2953,
  "replay_size": 20000,
  "loss": 0.8292822539806366,
  "policy_loss": 0.8279195427894592,
  "value_loss": 0.0013627166044898331
}
{
  "seed": 8822552649997199666,
  "steps": 37,
  "total_reward": 90.10000000000002,
  "chase_count": 4,
  "samples": 37,
  "episode": 2954,
  "replay_size": 20000,
  "loss": 0.8502723872661591,
  "policy_loss": 0.8489243388175964,
  "value_loss": 0.0013480340130627155
}
{
  "seed": 4908020361418399223,
  "steps": 28,
  "total_reward": 91.04,
  "chase_count": 5,
  "samples": 28,
  "episode": 2955,
  "replay_size": 20000,
  "loss": 0.8479608595371246,
  "policy_loss": 0.8467196226119995,
  "value_loss": 0.0012412305804900825
}
{
  "seed": 220246171017286986,
  "steps": 41,
  "total_reward": 94.11000000000003,
  "chase_count": 5,
  "samples": 41,
  "episode": 2956,
  "replay_size": 20000,
  "loss": 0.8022110462188721,
  "policy_loss": 0.8008357882499695,
  "value_loss": 0.0013752562226727605
}
{
  "seed": 5144992603077522832,
  "steps": 33,
  "total_reward": 81.66000000000003,
  "chase_count": 5,
  "samples": 33,
  "episode": 2957,
  "replay_size": 20000,
  "loss": 0.8410153090953827,
  "policy_loss": 0.8396462500095367,
  "value_loss": 0.0013690725318156183
}
{
  "seed": 6605865709156644070,
  "steps": 27,
  "total_reward": 72.88,
  "chase_count": 5,
  "samples": 27,
  "episode": 2958,
  "replay_size": 20000,
  "loss": 0.763767659664154,
  "policy_loss": 0.7622921466827393,
  "value_loss": 0.0014755253214389086
}
{
  "seed": 5704662516036563776,
  "steps": 28,
  "total_reward": 71.70000000000002,
  "chase_count": 4,
  "samples": 28,
  "episode": 2959,
  "replay_size": 20000,
  "loss": 0.786387175321579,
  "policy_loss": 0.7848082780838013,
  "value_loss": 0.0015788737800903618
}
{
  "seed": 9217603270338267828,
  "steps": 29,
  "total_reward": 104.55000000000004,
  "chase_count": 5,
  "samples": 29,
  "episode": 2960,
  "replay_size": 20000,
  "loss": 0.8618797957897186,
  "policy_loss": 0.8604405522346497,
  "value_loss": 0.0014392612501978874
}
{
  "seed": 1965566153436467779,
  "steps": 29,
  "total_reward": 88.15000000000003,
  "chase_count": 4,
  "samples": 29,
  "episode": 2961,
  "replay_size": 20000,
  "loss": 0.8236432373523712,
  "policy_loss": 0.8223059773445129,
  "value_loss": 0.0013372674002312124
}
{
  "seed": 7229264678336847466,
  "steps": 30,
  "total_reward": 85.84,
  "chase_count": 5,
  "samples": 30,
  "episode": 2962,
  "replay_size": 20000,
  "loss": 0.8132613301277161,
  "policy_loss": 0.8120802938938141,
  "value_loss": 0.001181028550490737
}
{
  "seed": 3346739556205613041,
  "steps": 37,
  "total_reward": 89.80000000000001,
  "chase_count": 4,
  "samples": 37,
  "episode": 2963,
  "replay_size": 20000,
  "loss": 0.8001478314399719,
  "policy_loss": 0.7985275983810425,
  "value_loss": 0.0016202350961975753
}
{
  "seed": 7918035483423251295,
  "steps": 28,
  "total_reward": 91.43000000000002,
  "chase_count": 5,
  "samples": 28,
  "episode": 2964,
  "replay_size": 20000,
  "loss": 0.7983183264732361,
  "policy_loss": 0.7972371876239777,
  "value_loss": 0.0010811318934429437
}
{
  "seed": 6165298964259929178,
  "steps": 41,
  "total_reward": 94.60000000000002,
  "chase_count": 5,
  "samples": 41,
  "episode": 2965,
  "replay_size": 20000,
  "loss": 0.8467675447463989,
  "policy_loss": 0.8455172777175903,
  "value_loss": 0.0012502465397119522
}
{
  "seed": 1054790832841570487,
  "steps": 41,
  "total_reward": 111.19000000000005,
  "chase_count": 4,
  "samples": 41,
  "episode": 2966,
  "replay_size": 20000,
  "loss": 0.869038999080658,
  "policy_loss": 0.867314338684082,
  "value_loss": 0.0017246681381948292
}
{
  "seed": 1999346255032685534,
  "steps": 33,
  "total_reward": 93.44000000000001,
  "chase_count": 5,
  "samples": 33,
  "episode": 2967,
  "replay_size": 20000,
  "loss": 0.7697144150733948,
  "policy_loss": 0.7686561644077301,
  "value_loss": 0.0010582535178400576
}
{
  "seed": 7771629562017821607,
  "steps": 38,
  "total_reward": 88.22000000000003,
  "chase_count": 5,
  "samples": 38,
  "episode": 2968,
  "replay_size": 20000,
  "loss": 0.8295829594135284,
  "policy_loss": 0.8284176588058472,
  "value_loss": 0.0011653102119453251
}
{
  "seed": 1475555088663409725,
  "steps": 38,
  "total_reward": 81.58000000000001,
  "chase_count": 5,
  "samples": 38,
  "episode": 2969,
  "replay_size": 20000,
  "loss": 0.8015580177307129,
  "policy_loss": 0.8004652559757233,
  "value_loss": 0.0010927573894150555
}
{
  "seed": 556302845905867434,
  "steps": 33,
  "total_reward": 92.43,
  "chase_count": 4,
  "samples": 33,
  "episode": 2970,
  "replay_size": 20000,
  "loss": 0.8257996737957001,
  "policy_loss": 0.8244930803775787,
  "value_loss": 0.0013065931852906942
}
{
  "seed": 687237192769876203,
  "steps": 23,
  "total_reward": 77.03,
  "chase_count": 5,
  "samples": 23,
  "episode": 2971,
  "replay_size": 20000,
  "loss": 0.7783027291297913,
  "policy_loss": 0.777068704366684,
  "value_loss": 0.001234020572155714
}
{
  "seed": 890816961136190920,
  "steps": 31,
  "total_reward": 80.48000000000002,
  "chase_count": 5,
  "samples": 31,
  "episode": 2972,
  "replay_size": 20000,
  "loss": 0.6634749472141266,
  "policy_loss": 0.6621726751327515,
  "value_loss": 0.001302285585552454
}
{
  "seed": 5024290797352510170,
  "steps": 36,
  "total_reward": 70.41999999999999,
  "chase_count": 5,
  "samples": 36,
  "episode": 2973,
  "replay_size": 20000,
  "loss": 0.795842856168747,
  "policy_loss": 0.7947675287723541,
  "value_loss": 0.0010753212845884264
}
{
  "seed": 2712174601538547293,
  "steps": 32,
  "total_reward": 89.38,
  "chase_count": 5,
  "samples": 32,
  "episode": 2974,
  "replay_size": 20000,
  "loss": 0.8086546361446381,
  "policy_loss": 0.8072733283042908,
  "value_loss": 0.0013812998950015754
}
{
  "seed": 8486187772539019712,
  "steps": 32,
  "total_reward": 95.30000000000003,
  "chase_count": 5,
  "samples": 32,
  "episode": 2975,
  "replay_size": 20000,
  "loss": 0.8214602768421173,
  "policy_loss": 0.8198619782924652,
  "value_loss": 0.0015982824843376875
}
{
  "seed": 6539624072640802306,
  "steps": 34,
  "total_reward": 79.18000000000004,
  "chase_count": 5,
  "samples": 34,
  "episode": 2976,
  "replay_size": 20000,
  "loss": 0.8010333478450775,
  "policy_loss": 0.7994623184204102,
  "value_loss": 0.0015710226143710315
}
{
  "seed": 3179969177598835378,
  "steps": 30,
  "total_reward": 97.42999999999999,
  "chase_count": 4,
  "samples": 30,
  "episode": 2977,
  "replay_size": 20000,
  "loss": 0.7461020350456238,
  "policy_loss": 0.7447687387466431,
  "value_loss": 0.0013332832604646683
}
{
  "seed": 8888303801112611866,
  "steps": 32,
  "total_reward": 86.71000000000001,
  "chase_count": 4,
  "samples": 32,
  "episode": 2978,
  "replay_size": 20000,
  "loss": 0.7869501411914825,
  "policy_loss": 0.7856335043907166,
  "value_loss": 0.0013166206772439182
}
{
  "seed": 6124761372060858583,
  "steps": 31,
  "total_reward": 86.31,
  "chase_count": 4,
  "samples": 31,
  "episode": 2979,
  "replay_size": 20000,
  "loss": 0.8168850839138031,
  "policy_loss": 0.8152033984661102,
  "value_loss": 0.0016816903371363878
}
{
  "seed": 5044018679792438280,
  "steps": 40,
  "total_reward": 103.48000000000002,
  "chase_count": 4,
  "samples": 40,
  "episode": 2980,
  "replay_size": 20000,
  "loss": 0.9089585542678833,
  "policy_loss": 0.9078093767166138,
  "value_loss": 0.0011491930927149951
}
{
  "seed": 7608438648246496976,
  "steps": 28,
  "total_reward": 88.38,
  "chase_count": 5,
  "samples": 28,
  "episode": 2981,
  "replay_size": 20000,
  "loss": 0.8290524482727051,
  "policy_loss": 0.8275576829910278,
  "value_loss": 0.001494759984780103
}
{
  "seed": 8439721873467219330,
  "steps": 30,
  "total_reward": 96.09,
  "chase_count": 5,
  "samples": 30,
  "episode": 2982,
  "replay_size": 20000,
  "loss": 0.8843467831611633,
  "policy_loss": 0.882994681596756,
  "value_loss": 0.0013520988286472857
}
{
  "seed": 6941452243468330624,
  "steps": 40,
  "total_reward": 116.21000000000002,
  "chase_count": 4,
  "samples": 40,
  "episode": 2983,
  "replay_size": 20000,
  "loss": 0.8309854567050934,
  "policy_loss": 0.8296478390693665,
  "value_loss": 0.0013376388233155012
}
{
  "seed": 235715443973338019,
  "steps": 27,
  "total_reward": 96.70000000000003,
  "chase_count": 5,
  "samples": 27,
  "episode": 2984,
  "replay_size": 20000,
  "loss": 0.8458065986633301,
  "policy_loss": 0.8447950482368469,
  "value_loss": 0.0010115665500052273
}
{
  "seed": 6990855520734364249,
  "steps": 33,
  "total_reward": 87.75000000000001,
  "chase_count": 3,
  "samples": 33,
  "episode": 2985,
  "replay_size": 20000,
  "loss": 0.7232906222343445,
  "policy_loss": 0.7214362025260925,
  "value_loss": 0.0018544155755080283
}
{
  "seed": 2722563290790092816,
  "steps": 37,
  "total_reward": 114.95000000000005,
  "chase_count": 4,
  "samples": 37,
  "episode": 2986,
  "replay_size": 20000,
  "loss": 0.7496615350246429,
  "policy_loss": 0.7485494911670685,
  "value_loss": 0.0011120385315734893
}
{
  "seed": 8582767370475996907,
  "steps": 40,
  "total_reward": 89.23000000000002,
  "chase_count": 5,
  "samples": 40,
  "episode": 2987,
  "replay_size": 20000,
  "loss": 0.8187571465969086,
  "policy_loss": 0.8166782557964325,
  "value_loss": 0.0020788987167179585
}
{
  "seed": 5881141745041974135,
  "steps": 33,
  "total_reward": 102.07000000000001,
  "chase_count": 4,
  "samples": 33,
  "episode": 2988,
  "replay_size": 20000,
  "loss": 0.7642706632614136,
  "policy_loss": 0.7631202340126038,
  "value_loss": 0.0011504199355840683
}
{
  "seed": 669979913581689245,
  "steps": 26,
  "total_reward": 109.45000000000002,
  "chase_count": 3,
  "samples": 26,
  "episode": 2989,
  "replay_size": 20000,
  "loss": 0.7867765426635742,
  "policy_loss": 0.7849994897842407,
  "value_loss": 0.0017770404228940606
}
{
  "seed": 258836309235179582,
  "steps": 30,
  "total_reward": 89.85000000000001,
  "chase_count": 4,
  "samples": 30,
  "episode": 2990,
  "replay_size": 20000,
  "loss": 0.8912930488586426,
  "policy_loss": 0.890013575553894,
  "value_loss": 0.00127945450367406
}
{
  "seed": 1055093836824909455,
  "steps": 34,
  "total_reward": 79.66000000000003,
  "chase_count": 5,
  "samples": 34,
  "episode": 2991,
  "replay_size": 20000,
  "loss": 0.8006224036216736,
  "policy_loss": 0.7994884848594666,
  "value_loss": 0.0011339137563481927
}
{
  "seed": 7700083392402505436,
  "steps": 27,
  "total_reward": 88.56000000000002,
  "chase_count": 5,
  "samples": 27,
  "episode": 2992,
  "replay_size": 20000,
  "loss": 0.810859203338623,
  "policy_loss": 0.8093290627002716,
  "value_loss": 0.0015301451203413308
}
{
  "seed": 5685028000819864682,
  "steps": 34,
  "total_reward": 126.97000000000001,
  "chase_count": 5,
  "samples": 34,
  "episode": 2993,
  "replay_size": 20000,
  "loss": 0.8716974854469299,
  "policy_loss": 0.8699543476104736,
  "value_loss": 0.001743127591907978
}
{
  "seed": 9204404832279766844,
  "steps": 34,
  "total_reward": 77.51,
  "chase_count": 4,
  "samples": 34,
  "episode": 2994,
  "replay_size": 20000,
  "loss": 0.8109404444694519,
  "policy_loss": 0.810164213180542,
  "value_loss": 0.0007762331806588918
}
{
  "seed": 4550188408052614292,
  "steps": 28,
  "total_reward": 82.98000000000002,
  "chase_count": 5,
  "samples": 28,
  "episode": 2995,
  "replay_size": 20000,
  "loss": 0.9130356311798096,
  "policy_loss": 0.912231832742691,
  "value_loss": 0.0008038040541578084
}
{
  "seed": 339171228634564932,
  "steps": 30,
  "total_reward": 85.46000000000002,
  "chase_count": 5,
  "samples": 30,
  "episode": 2996,
  "replay_size": 20000,
  "loss": 0.8190187215805054,
  "policy_loss": 0.8177019655704498,
  "value_loss": 0.0013167642464395612
}
{
  "seed": 2105408036095426693,
  "steps": 26,
  "total_reward": 73.17999999999999,
  "chase_count": 4,
  "samples": 26,
  "episode": 2997,
  "replay_size": 20000,
  "loss": 0.8347293734550476,
  "policy_loss": 0.8331365585327148,
  "value_loss": 0.0015928088687360287
}
{
  "seed": 8107370312858162870,
  "steps": 35,
  "total_reward": 129.95000000000002,
  "chase_count": 4,
  "samples": 35,
  "episode": 2998,
  "replay_size": 20000,
  "loss": 0.8657088577747345,
  "policy_loss": 0.8643540143966675,
  "value_loss": 0.0013548636343330145
}
{
  "seed": 9180565052957723963,
  "steps": 34,
  "total_reward": 72.32000000000001,
  "chase_count": 4,
  "samples": 34,
  "episode": 2999,
  "replay_size": 20000,
  "loss": 0.8253297507762909,
  "policy_loss": 0.8241564631462097,
  "value_loss": 0.0011732850107364357
}
{
  "seed": 1221392752364116284,
  "steps": 35,
  "total_reward": 68.44,
  "chase_count": 4,
  "samples": 35,
  "episode": 3000,
  "replay_size": 20000,
  "loss": 0.811093807220459,
  "policy_loss": 0.8100054264068604,
  "value_loss": 0.0010883721988648176
}
{
  "seed": 5114571919182407669,
  "steps": 42,
  "total_reward": 93.99000000000001,
  "chase_count": 2,
  "samples": 42,
  "episode": 3001,
  "replay_size": 20000,
  "loss": 0.7937728464603424,
  "policy_loss": 0.7926107048988342,
  "value_loss": 0.0011621449375525117
}
{
  "seed": 7095118518062709176,
  "steps": 30,
  "total_reward": 82.13000000000001,
  "chase_count": 5,
  "samples": 30,
  "episode": 3002,
  "replay_size": 20000,
  "loss": 0.9488904774188995,
  "policy_loss": 0.9475702047348022,
  "value_loss": 0.0013202804839238524
}
{
  "seed": 3354171691551109732,
  "steps": 34,
  "total_reward": 100.15,
  "chase_count": 4,
  "samples": 34,
  "episode": 3003,
  "replay_size": 20000,
  "loss": 0.7502531111240387,
  "policy_loss": 0.7492653131484985,
  "value_loss": 0.0009877798438537866
}
{
  "seed": 8923964330580251706,
  "steps": 35,
  "total_reward": 85.47,
  "chase_count": 5,
  "samples": 35,
  "episode": 3004,
  "replay_size": 20000,
  "loss": 0.8667796552181244,
  "policy_loss": 0.8650815188884735,
  "value_loss": 0.0016981157241389155
}
{
  "seed": 321761091439364233,
  "steps": 37,
  "total_reward": 99.63000000000002,
  "chase_count": 5,
  "samples": 37,
  "episode": 3005,
  "replay_size": 20000,
  "loss": 0.8574226498603821,
  "policy_loss": 0.8559840321540833,
  "value_loss": 0.0014386159018613398
}
{
  "seed": 7943534438657329867,
  "steps": 27,
  "total_reward": 105.62000000000002,
  "chase_count": 4,
  "samples": 27,
  "episode": 3006,
  "replay_size": 20000,
  "loss": 0.7911293208599091,
  "policy_loss": 0.7899982333183289,
  "value_loss": 0.0011310867848806083
}
{
  "seed": 3316823250681223983,
  "steps": 29,
  "total_reward": 74.38,
  "chase_count": 5,
  "samples": 29,
  "episode": 3007,
  "replay_size": 20000,
  "loss": 0.7865094542503357,
  "policy_loss": 0.7852238714694977,
  "value_loss": 0.0012855646200478077
}
{
  "seed": 8026048794834534291,
  "steps": 33,
  "total_reward": 73.22,
  "chase_count": 5,
  "samples": 33,
  "episode": 3008,
  "replay_size": 20000,
  "loss": 0.8210183680057526,
  "policy_loss": 0.8196715116500854,
  "value_loss": 0.0013468335382640362
}
{
  "seed": 1020024009382833100,
  "steps": 38,
  "total_reward": 117.38000000000002,
  "chase_count": 5,
  "samples": 38,
  "episode": 3009,
  "replay_size": 20000,
  "loss": 0.8673495948314667,
  "policy_loss": 0.8655523657798767,
  "value_loss": 0.0017972528003156185
}
{
  "seed": 3823685633713971956,
  "steps": 31,
  "total_reward": 75.38000000000001,
  "chase_count": 5,
  "samples": 31,
  "episode": 3010,
  "replay_size": 20000,
  "loss": 0.7999520003795624,
  "policy_loss": 0.7983682155609131,
  "value_loss": 0.001583776727784425
}
{
  "seed": 3751280195712689020,
  "steps": 40,
  "total_reward": 106.92000000000003,
  "chase_count": 4,
  "samples": 40,
  "episode": 3011,
  "replay_size": 20000,
  "loss": 0.775192141532898,
  "policy_loss": 0.7736283242702484,
  "value_loss": 0.001563809986691922
}
{
  "seed": 1507613510488501208,
  "steps": 30,
  "total_reward": 64.45,
  "chase_count": 5,
  "samples": 30,
  "episode": 3012,
  "replay_size": 20000,
  "loss": 0.8205910623073578,
  "policy_loss": 0.8190379440784454,
  "value_loss": 0.001553129346575588
}
{
  "seed": 6939406977348515736,
  "steps": 28,
  "total_reward": 91.23,
  "chase_count": 4,
  "samples": 28,
  "episode": 3013,
  "replay_size": 20000,
  "loss": 0.7559464275836945,
  "policy_loss": 0.7543659806251526,
  "value_loss": 0.0015804741415195167
}
{
  "seed": 5188027421449316421,
  "steps": 29,
  "total_reward": 91.96000000000001,
  "chase_count": 5,
  "samples": 29,
  "episode": 3014,
  "replay_size": 20000,
  "loss": 0.8619810938835144,
  "policy_loss": 0.8606806397438049,
  "value_loss": 0.001300445175729692
}
{
  "seed": 5697563949243173974,
  "steps": 36,
  "total_reward": 100.76,
  "chase_count": 4,
  "samples": 36,
  "episode": 3015,
  "replay_size": 20000,
  "loss": 0.8315508663654327,
  "policy_loss": 0.8302980363368988,
  "value_loss": 0.0012528207735158503
}
{
  "seed": 291206645491427715,
  "steps": 36,
  "total_reward": 94.33000000000001,
  "chase_count": 5,
  "samples": 36,
  "episode": 3016,
  "replay_size": 20000,
  "loss": 0.7718788683414459,
  "policy_loss": 0.7706904411315918,
  "value_loss": 0.0011884165578521788
}
{
  "seed": 1355435918717295907,
  "steps": 42,
  "total_reward": 104.41000000000003,
  "chase_count": 4,
  "samples": 42,
  "episode": 3017,
  "replay_size": 20000,
  "loss": 0.8943290114402771,
  "policy_loss": 0.8924325406551361,
  "value_loss": 0.0018964933115057647
}
{
  "seed": 8626877156675185726,
  "steps": 34,
  "total_reward": 95.86000000000001,
  "chase_count": 4,
  "samples": 34,
  "episode": 3018,
  "replay_size": 20000,
  "loss": 0.7880109250545502,
  "policy_loss": 0.7865317463874817,
  "value_loss": 0.0014791820431128144
}
{
  "seed": 6828558805541398675,
  "steps": 28,
  "total_reward": 99.49000000000001,
  "chase_count": 5,
  "samples": 28,
  "episode": 3019,
  "replay_size": 20000,
  "loss": 0.8893733322620392,
  "policy_loss": 0.8880563080310822,
  "value_loss": 0.0013170332531444728
}
{
  "seed": 7720034145524431916,
  "steps": 37,
  "total_reward": 110.01000000000002,
  "chase_count": 3,
  "samples": 37,
  "episode": 3020,
  "replay_size": 20000,
  "loss": 0.8620315790176392,
  "policy_loss": 0.8610619008541107,
  "value_loss": 0.0009696829365566373
}
{
  "seed": 7843234760988554545,
  "steps": 25,
  "total_reward": 99.78,
  "chase_count": 5,
  "samples": 25,
  "episode": 3021,
  "replay_size": 20000,
  "loss": 0.7198532521724701,
  "policy_loss": 0.7189691364765167,
  "value_loss": 0.0008841401722747833
}
{
  "seed": 5990168286011194996,
  "steps": 33,
  "total_reward": 98.88000000000004,
  "chase_count": 3,
  "samples": 33,
  "episode": 3022,
  "replay_size": 20000,
  "loss": 0.8260656893253326,
  "policy_loss": 0.8248967528343201,
  "value_loss": 0.0011689555831253529
}
{
  "seed": 603161421097786868,
  "steps": 28,
  "total_reward": 90.67000000000002,
  "chase_count": 4,
  "samples": 28,
  "episode": 3023,
  "replay_size": 20000,
  "loss": 0.7731396555900574,
  "policy_loss": 0.7716875672340393,
  "value_loss": 0.0014520996483042836
}
{
  "seed": 6779365329238413096,
  "steps": 35,
  "total_reward": 89.7,
  "chase_count": 5,
  "samples": 35,
  "episode": 3024,
  "replay_size": 20000,
  "loss": 0.8175942301750183,
  "policy_loss": 0.8157974779605865,
  "value_loss": 0.001796748605556786
}
{
  "seed": 5244900321532469428,
  "steps": 34,
  "total_reward": 82.17000000000002,
  "chase_count": 5,
  "samples": 34,
  "episode": 3025,
  "replay_size": 20000,
  "loss": 0.7669260799884796,
  "policy_loss": 0.7654109299182892,
  "value_loss": 0.0015151528641581535
}
{
  "seed": 3003467293325850590,
  "steps": 36,
  "total_reward": 90.45000000000002,
  "chase_count": 5,
  "samples": 36,
  "episode": 3026,
  "replay_size": 20000,
  "loss": 0.8897588551044464,
  "policy_loss": 0.8882577419281006,
  "value_loss": 0.0015011226059868932
}
{
  "seed": 7018979883422154567,
  "steps": 35,
  "total_reward": 100.47000000000003,
  "chase_count": 5,
  "samples": 35,
  "episode": 3027,
  "replay_size": 20000,
  "loss": 0.7873778939247131,
  "policy_loss": 0.7860552072525024,
  "value_loss": 0.0013226847513578832
}
{
  "seed": 821016742785715979,
  "steps": 30,
  "total_reward": 96.31000000000003,
  "chase_count": 4,
  "samples": 30,
  "episode": 3028,
  "replay_size": 20000,
  "loss": 0.7361550629138947,
  "policy_loss": 0.7345651090145111,
  "value_loss": 0.0015899366117082536
}
{
  "seed": 2097893616468287296,
  "steps": 26,
  "total_reward": 110.92000000000002,
  "chase_count": 4,
  "samples": 26,
  "episode": 3029,
  "replay_size": 20000,
  "loss": 0.702594518661499,
  "policy_loss": 0.7012920081615448,
  "value_loss": 0.0013024919317103922
}
{
  "seed": 735270542744307076,
  "steps": 37,
  "total_reward": 110.75000000000003,
  "chase_count": 4,
  "samples": 37,
  "episode": 3030,
  "replay_size": 20000,
  "loss": 0.7968463599681854,
  "policy_loss": 0.7953335642814636,
  "value_loss": 0.0015127790975384414
}
{
  "seed": 4498009242533207249,
  "steps": 33,
  "total_reward": 123.83000000000001,
  "chase_count": 4,
  "samples": 33,
  "episode": 3031,
  "replay_size": 20000,
  "loss": 0.9151656627655029,
  "policy_loss": 0.9130600094795227,
  "value_loss": 0.0021056379191577435
}
{
  "seed": 5603678404307040049,
  "steps": 36,
  "total_reward": 65.16999999999999,
  "chase_count": 5,
  "samples": 36,
  "episode": 3032,
  "replay_size": 20000,
  "loss": 0.8556945621967316,
  "policy_loss": 0.854678750038147,
  "value_loss": 0.0010158165241591632
}
{
  "seed": 6007886262338820742,
  "steps": 32,
  "total_reward": 93.09000000000002,
  "chase_count": 5,
  "samples": 32,
  "episode": 3033,
  "replay_size": 20000,
  "loss": 0.7990915179252625,
  "policy_loss": 0.797297865152359,
  "value_loss": 0.0017936387448571622
}
{
  "seed": 3436974136325636174,
  "steps": 30,
  "total_reward": 91.07000000000002,
  "chase_count": 4,
  "samples": 30,
  "episode": 3034,
  "replay_size": 20000,
  "loss": 0.7128507494926453,
  "policy_loss": 0.7111129760742188,
  "value_loss": 0.0017377686453983188
}
{
  "seed": 6819945515551911514,
  "steps": 36,
  "total_reward": 125.34000000000003,
  "chase_count": 3,
  "samples": 36,
  "episode": 3035,
  "replay_size": 20000,
  "loss": 0.8850692212581635,
  "policy_loss": 0.8831013441085815,
  "value_loss": 0.0019678769167512655
}
{
  "seed": 592083694765252435,
  "steps": 33,
  "total_reward": 91.25000000000001,
  "chase_count": 5,
  "samples": 33,
  "episode": 3036,
  "replay_size": 20000,
  "loss": 0.763512909412384,
  "policy_loss": 0.7622792720794678,
  "value_loss": 0.0012336286599747837
}
{
  "seed": 2745285900000187111,
  "steps": 34,
  "total_reward": 116.30000000000003,
  "chase_count": 4,
  "samples": 34,
  "episode": 3037,
  "replay_size": 20000,
  "loss": 0.793079286813736,
  "policy_loss": 0.792047768831253,
  "value_loss": 0.0010315339313820004
}
{
  "seed": 1187480179523199305,
  "steps": 34,
  "total_reward": 120.29000000000003,
  "chase_count": 3,
  "samples": 34,
  "episode": 3038,
  "replay_size": 20000,
  "loss": 0.8170421123504639,
  "policy_loss": 0.8154824674129486,
  "value_loss": 0.0015596538432873785
}
{
  "seed": 3080819012013011813,
  "steps": 30,
  "total_reward": 86.42000000000002,
  "chase_count": 5,
  "samples": 30,
  "episode": 3039,
  "replay_size": 20000,
  "loss": 0.8213819861412048,
  "policy_loss": 0.820000171661377,
  "value_loss": 0.001381811685860157
}
{
  "seed": 298657175140401802,
  "steps": 31,
  "total_reward": 88.13000000000001,
  "chase_count": 3,
  "samples": 31,
  "episode": 3040,
  "replay_size": 20000,
  "loss": 0.7576682567596436,
  "policy_loss": 0.7565251588821411,
  "value_loss": 0.001143098168540746
}
{
  "seed": 9022434448987466801,
  "steps": 32,
  "total_reward": 116.07000000000005,
  "chase_count": 4,
  "samples": 32,
  "episode": 3041,
  "replay_size": 20000,
  "loss": 0.8524831235408783,
  "policy_loss": 0.8512564897537231,
  "value_loss": 0.0012266289559192955
}
{
  "seed": 5006264827474701891,
  "steps": 33,
  "total_reward": 104.55000000000001,
  "chase_count": 4,
  "samples": 33,
  "episode": 3042,
  "replay_size": 20000,
  "loss": 0.7984781265258789,
  "policy_loss": 0.7972085177898407,
  "value_loss": 0.001269591273739934
}
{
  "seed": 91361791790117532,
  "steps": 34,
  "total_reward": 75.31,
  "chase_count": 4,
  "samples": 34,
  "episode": 3043,
  "replay_size": 20000,
  "loss": 0.9602512717247009,
  "policy_loss": 0.958648681640625,
  "value_loss": 0.001602609467227012
}
{
  "seed": 5731997783213452958,
  "steps": 38,
  "total_reward": 102.39000000000003,
  "chase_count": 4,
  "samples": 38,
  "episode": 3044,
  "replay_size": 20000,
  "loss": 0.7637853026390076,
  "policy_loss": 0.7624566555023193,
  "value_loss": 0.0013286514149513096
}
{
  "seed": 6455060162827877548,
  "steps": 28,
  "total_reward": 85.66,
  "chase_count": 5,
  "samples": 28,
  "episode": 3045,
  "replay_size": 20000,
  "loss": 0.8091387152671814,
  "policy_loss": 0.8076194524765015,
  "value_loss": 0.0015192633436527103
}
{
  "seed": 3190217975890413753,
  "steps": 36,
  "total_reward": 76.10999999999999,
  "chase_count": 5,
  "samples": 36,
  "episode": 3046,
  "replay_size": 20000,
  "loss": 0.817916065454483,
  "policy_loss": 0.8170454800128937,
  "value_loss": 0.0008705980726517737
}
{
  "seed": 9135032100439433698,
  "steps": 30,
  "total_reward": 101.73000000000002,
  "chase_count": 4,
  "samples": 30,
  "episode": 3047,
  "replay_size": 20000,
  "loss": 0.797676146030426,
  "policy_loss": 0.7964309751987457,
  "value_loss": 0.001245157269295305
}
{
  "seed": 5000244096496272737,
  "steps": 41,
  "total_reward": 124.49000000000002,
  "chase_count": 2,
  "samples": 41,
  "episode": 3048,
  "replay_size": 20000,
  "loss": 0.8691108226776123,
  "policy_loss": 0.8679803609848022,
  "value_loss": 0.0011304462095722556
}
{
  "seed": 895989907784122147,
  "steps": 36,
  "total_reward": 99.95000000000003,
  "chase_count": 3,
  "samples": 36,
  "episode": 3049,
  "replay_size": 20000,
  "loss": 0.8394056558609009,
  "policy_loss": 0.8380383253097534,
  "value_loss": 0.0013673194916918874
}
{
  "seed": 1490033145030098222,
  "steps": 38,
  "total_reward": 110.29000000000002,
  "chase_count": 5,
  "samples": 38,
  "episode": 3050,
  "replay_size": 20000,
  "loss": 0.8308895230293274,
  "policy_loss": 0.8293565809726715,
  "value_loss": 0.001532947935629636
}
{
  "seed": 5903007566098662236,
  "steps": 26,
  "total_reward": 74.28000000000002,
  "chase_count": 5,
  "samples": 26,
  "episode": 3051,
  "replay_size": 20000,
  "loss": 0.836031973361969,
  "policy_loss": 0.8344860374927521,
  "value_loss": 0.0015459336573258042
}
{
  "seed": 4837972147484273661,
  "steps": 30,
  "total_reward": 99.98,
  "chase_count": 5,
  "samples": 30,
  "episode": 3052,
  "replay_size": 20000,
  "loss": 0.7439892888069153,
  "policy_loss": 0.7425046265125275,
  "value_loss": 0.0014846493722870946
}
{
  "seed": 3740060572881068084,
  "steps": 27,
  "total_reward": 85.83000000000001,
  "chase_count": 5,
  "samples": 27,
  "episode": 3053,
  "replay_size": 20000,
  "loss": 0.8029216527938843,
  "policy_loss": 0.8016116321086884,
  "value_loss": 0.0013100397191010416
}
{
  "seed": 6364205742504014873,
  "steps": 40,
  "total_reward": 112.19000000000003,
  "chase_count": 4,
  "samples": 40,
  "episode": 3054,
  "replay_size": 20000,
  "loss": 0.8568965792655945,
  "policy_loss": 0.8553591370582581,
  "value_loss": 0.00153744948329404
}
{
  "seed": 6984012807363705143,
  "steps": 29,
  "total_reward": 124.86000000000004,
  "chase_count": 5,
  "samples": 29,
  "episode": 3055,
  "replay_size": 20000,
  "loss": 0.859785795211792,
  "policy_loss": 0.8581917881965637,
  "value_loss": 0.0015940183657221496
}
{
  "seed": 8445677275382514207,
  "steps": 30,
  "total_reward": 96.59000000000003,
  "chase_count": 5,
  "samples": 30,
  "episode": 3056,
  "replay_size": 20000,
  "loss": 0.811166912317276,
  "policy_loss": 0.8101642727851868,
  "value_loss": 0.0010026536765508354
}
{
  "seed": 911000781833432375,
  "steps": 30,
  "total_reward": 102.19000000000001,
  "chase_count": 5,
  "samples": 30,
  "episode": 3057,
  "replay_size": 20000,
  "loss": 0.9121029376983643,
  "policy_loss": 0.9107204079627991,
  "value_loss": 0.0013825322967022657
}
{
  "seed": 8603114072723262085,
  "steps": 32,
  "total_reward": 103.4,
  "chase_count": 5,
  "samples": 32,
  "episode": 3058,
  "replay_size": 20000,
  "loss": 0.809752881526947,
  "policy_loss": 0.8084462583065033,
  "value_loss": 0.0013066121027804911
}
{
  "seed": 5799495523291071097,
  "steps": 34,
  "total_reward": 110.56000000000003,
  "chase_count": 3,
  "samples": 34,
  "episode": 3059,
  "replay_size": 20000,
  "loss": 0.7722086608409882,
  "policy_loss": 0.7707921862602234,
  "value_loss": 0.0014164510066621006
}
{
  "seed": 4779915555907524967,
  "steps": 27,
  "total_reward": 66.42000000000002,
  "chase_count": 5,
  "samples": 27,
  "episode": 3060,
  "replay_size": 20000,
  "loss": 0.9092744588851929,
  "policy_loss": 0.9078494608402252,
  "value_loss": 0.0014250121894292533
}
{
  "seed": 3301161459026860428,
  "steps": 32,
  "total_reward": 83.96000000000001,
  "chase_count": 5,
  "samples": 32,
  "episode": 3061,
  "replay_size": 20000,
  "loss": 0.8620272278785706,
  "policy_loss": 0.8607757389545441,
  "value_loss": 0.0012515104608610272
}
{
  "seed": 4140959472248684410,
  "steps": 34,
  "total_reward": 91.31000000000003,
  "chase_count": 5,
  "samples": 34,
  "episode": 3062,
  "replay_size": 20000,
  "loss": 0.7998544871807098,
  "policy_loss": 0.7979594469070435,
  "value_loss": 0.001895056979265064
}
{
  "seed": 7934321178598028449,
  "steps": 31,
  "total_reward": 106.13000000000001,
  "chase_count": 5,
  "samples": 31,
  "episode": 3063,
  "replay_size": 20000,
  "loss": 0.765311986207962,
  "policy_loss": 0.7638258934020996,
  "value_loss": 0.0014861001400277019
}
{
  "seed": 4855671960590857377,
  "steps": 41,
  "total_reward": 107.66000000000003,
  "chase_count": 4,
  "samples": 41,
  "episode": 3064,
  "replay_size": 20000,
  "loss": 0.8091541528701782,
  "policy_loss": 0.8072766065597534,
  "value_loss": 0.0018775451462715864
}
{
  "seed": 1806368340265140850,
  "steps": 33,
  "total_reward": 79.59000000000002,
  "chase_count": 5,
  "samples": 33,
  "episode": 3065,
  "replay_size": 20000,
  "loss": 0.8619488477706909,
  "policy_loss": 0.8602670133113861,
  "value_loss": 0.0016818423755466938
}
{
  "seed": 8908704243357214277,
  "steps": 39,
  "total_reward": 86.96000000000002,
  "chase_count": 5,
  "samples": 39,
  "episode": 3066,
  "replay_size": 20000,
  "loss": 0.859376847743988,
  "policy_loss": 0.8580047786235809,
  "value_loss": 0.001372065453324467
}
{
  "seed": 433343188992954288,
  "steps": 35,
  "total_reward": 82.37,
  "chase_count": 5,
  "samples": 35,
  "episode": 3067,
  "replay_size": 20000,
  "loss": 0.8378213047981262,
  "policy_loss": 0.8361103236675262,
  "value_loss": 0.0017109717009589076
}
{
  "seed": 7235242660779257184,
  "steps": 31,
  "total_reward": 123.17000000000003,
  "chase_count": 5,
  "samples": 31,
  "episode": 3068,
  "replay_size": 20000,
  "loss": 0.8464827537536621,
  "policy_loss": 0.8449370563030243,
  "value_loss": 0.0015456998371519148
}
{
  "seed": 5924013944627568435,
  "steps": 34,
  "total_reward": 91.06,
  "chase_count": 4,
  "samples": 34,
  "episode": 3069,
  "replay_size": 20000,
  "loss": 0.7877441048622131,
  "policy_loss": 0.7864046394824982,
  "value_loss": 0.0013394552806857973
}
{
  "seed": 5944151135667416442,
  "steps": 31,
  "total_reward": 101.45000000000002,
  "chase_count": 5,
  "samples": 31,
  "episode": 3070,
  "replay_size": 20000,
  "loss": 0.8354430794715881,
  "policy_loss": 0.8342898786067963,
  "value_loss": 0.0011531992349773645
}
{
  "seed": 1156497432718479805,
  "steps": 36,
  "total_reward": 88.59000000000002,
  "chase_count": 4,
  "samples": 36,
  "episode": 3071,
  "replay_size": 20000,
  "loss": 0.7959970831871033,
  "policy_loss": 0.7949581742286682,
  "value_loss": 0.001038889109622687
}
{
  "seed": 3725696161567771827,
  "steps": 29,
  "total_reward": 96.31,
  "chase_count": 5,
  "samples": 29,
  "episode": 3072,
  "replay_size": 20000,
  "loss": 0.844391942024231,
  "policy_loss": 0.8433845043182373,
  "value_loss": 0.0010074320016428828
}
{
  "seed": 2380763924457523874,
  "steps": 32,
  "total_reward": 80.72000000000003,
  "chase_count": 5,
  "samples": 32,
  "episode": 3073,
  "replay_size": 20000,
  "loss": 0.8345356285572052,
  "policy_loss": 0.833320140838623,
  "value_loss": 0.0012154686846770346
}
{
  "seed": 5945886806519094206,
  "steps": 34,
  "total_reward": 80.77000000000001,
  "chase_count": 5,
  "samples": 34,
  "episode": 3074,
  "replay_size": 20000,
  "loss": 0.8942537307739258,
  "policy_loss": 0.8931084275245667,
  "value_loss": 0.0011453108163550496
}
{
  "seed": 558412531068287296,
  "steps": 33,
  "total_reward": 90.12,
  "chase_count": 4,
  "samples": 33,
  "episode": 3075,
  "replay_size": 20000,
  "loss": 0.7967162132263184,
  "policy_loss": 0.7954534590244293,
  "value_loss": 0.0012627463438548148
}
{
  "seed": 3505712239351194395,
  "steps": 26,
  "total_reward": 91.27,
  "chase_count": 5,
  "samples": 26,
  "episode": 3076,
  "replay_size": 20000,
  "loss": 0.7326197624206543,
  "policy_loss": 0.7313970923423767,
  "value_loss": 0.0012226822436787188
}
{
  "seed": 450506476463196650,
  "steps": 31,
  "total_reward": 89.37000000000002,
  "chase_count": 4,
  "samples": 31,
  "episode": 3077,
  "replay_size": 20000,
  "loss": 0.7653025388717651,
  "policy_loss": 0.7637762129306793,
  "value_loss": 0.0015263237874023616
}
{
  "seed": 3190937052677507349,
  "steps": 31,
  "total_reward": 119.59000000000002,
  "chase_count": 4,
  "samples": 31,
  "episode": 3078,
  "replay_size": 20000,
  "loss": 0.7513720095157623,
  "policy_loss": 0.7497491836547852,
  "value_loss": 0.0016228350577875972
}
{
  "seed": 579318742683153664,
  "steps": 35,
  "total_reward": 100.52000000000001,
  "chase_count": 5,
  "samples": 35,
  "episode": 3079,
  "replay_size": 20000,
  "loss": 0.7850317656993866,
  "policy_loss": 0.7838262021541595,
  "value_loss": 0.001205553242471069
}
{
  "seed": 3861008491159025292,
  "steps": 31,
  "total_reward": 87.41000000000001,
  "chase_count": 5,
  "samples": 31,
  "episode": 3080,
  "replay_size": 20000,
  "loss": 0.7729524970054626,
  "policy_loss": 0.7711302638053894,
  "value_loss": 0.0018222538055852056
}
{
  "seed": 351793565713517369,
  "steps": 41,
  "total_reward": 104.62000000000003,
  "chase_count": 4,
  "samples": 41,
  "episode": 3081,
  "replay_size": 20000,
  "loss": 0.7775265574455261,
  "policy_loss": 0.7758216857910156,
  "value_loss": 0.001704871712718159
}
{
  "seed": 3135154410432568804,
  "steps": 29,
  "total_reward": 97.93,
  "chase_count": 5,
  "samples": 29,
  "episode": 3082,
  "replay_size": 20000,
  "loss": 0.8409950137138367,
  "policy_loss": 0.8396726548671722,
  "value_loss": 0.0013223595451563597
}
{
  "seed": 1272904365700593204,
  "steps": 36,
  "total_reward": 121.43000000000004,
  "chase_count": 5,
  "samples": 36,
  "episode": 3083,
  "replay_size": 20000,
  "loss": 0.7300105392932892,
  "policy_loss": 0.7286127209663391,
  "value_loss": 0.0013978079659864306
}
{
  "seed": 8065100175055251399,
  "steps": 26,
  "total_reward": 74.69000000000001,
  "chase_count": 5,
  "samples": 26,
  "episode": 3084,
  "replay_size": 20000,
  "loss": 0.7782694697380066,
  "policy_loss": 0.7773486375808716,
  "value_loss": 0.0009208375704474747
}
{
  "seed": 6885687663560535506,
  "steps": 35,
  "total_reward": 142.12000000000003,
  "chase_count": 4,
  "samples": 35,
  "episode": 3085,
  "replay_size": 20000,
  "loss": 0.7883362770080566,
  "policy_loss": 0.7862748205661774,
  "value_loss": 0.0020614512031897902
}
{
  "seed": 3383263044893426231,
  "steps": 38,
  "total_reward": 96.00999999999999,
  "chase_count": 3,
  "samples": 38,
  "episode": 3086,
  "replay_size": 20000,
  "loss": 0.8002201020717621,
  "policy_loss": 0.7990230619907379,
  "value_loss": 0.0011970381019636989
}
{
  "seed": 1557535198232046852,
  "steps": 32,
  "total_reward": 79.13,
  "chase_count": 4,
  "samples": 32,
  "episode": 3087,
  "replay_size": 20000,
  "loss": 0.7974623143672943,
  "policy_loss": 0.795673280954361,
  "value_loss": 0.0017890494782477617
}
{
  "seed": 6237778835728085380,
  "steps": 34,
  "total_reward": 88.83000000000001,
  "chase_count": 4,
  "samples": 34,
  "episode": 3088,
  "replay_size": 20000,
  "loss": 0.8375067710876465,
  "policy_loss": 0.8363523483276367,
  "value_loss": 0.0011544011940713972
}
{
  "seed": 8051158560512579138,
  "steps": 31,
  "total_reward": 103.46000000000002,
  "chase_count": 5,
  "samples": 31,
  "episode": 3089,
  "replay_size": 20000,
  "loss": 0.9145634770393372,
  "policy_loss": 0.9126589596271515,
  "value_loss": 0.0019045309163630009
}
{
  "seed": 8865842945885097489,
  "steps": 28,
  "total_reward": 65.58999999999999,
  "chase_count": 5,
  "samples": 28,
  "episode": 3090,
  "replay_size": 20000,
  "loss": 0.8160827457904816,
  "policy_loss": 0.8148089647293091,
  "value_loss": 0.0012737761135213077
}
{
  "seed": 5049261283769472634,
  "steps": 25,
  "total_reward": 105.98000000000002,
  "chase_count": 5,
  "samples": 25,
  "episode": 3091,
  "replay_size": 20000,
  "loss": 0.7746785581111908,
  "policy_loss": 0.7731370031833649,
  "value_loss": 0.0015415428206324577
}
{
  "seed": 2650757257417630247,
  "steps": 36,
  "total_reward": 130.97000000000003,
  "chase_count": 3,
  "samples": 36,
  "episode": 3092,
  "replay_size": 20000,
  "loss": 0.8513847887516022,
  "policy_loss": 0.8498441278934479,
  "value_loss": 0.0015406719758175313
}
{
  "seed": 7447245632934141254,
  "steps": 31,
  "total_reward": 86.97000000000003,
  "chase_count": 5,
  "samples": 31,
  "episode": 3093,
  "replay_size": 20000,
  "loss": 0.7688445746898651,
  "policy_loss": 0.7670702636241913,
  "value_loss": 0.0017743069329299033
}
{
  "seed": 8780601395998304831,
  "steps": 32,
  "total_reward": 91.83000000000001,
  "chase_count": 4,
  "samples": 32,
  "episode": 3094,
  "replay_size": 20000,
  "loss": 0.8229996263980865,
  "policy_loss": 0.8216803669929504,
  "value_loss": 0.0013192425831221044
}
{
  "seed": 6472690394072738554,
  "steps": 33,
  "total_reward": 74.89000000000001,
  "chase_count": 5,
  "samples": 33,
  "episode": 3095,
  "replay_size": 20000,
  "loss": 0.8044240176677704,
  "policy_loss": 0.803005188703537,
  "value_loss": 0.0014188310597091913
}
{
  "seed": 5847865451843710110,
  "steps": 32,
  "total_reward": 82.08000000000001,
  "chase_count": 5,
  "samples": 32,
  "episode": 3096,
  "replay_size": 20000,
  "loss": 0.8929389119148254,
  "policy_loss": 0.8910617530345917,
  "value_loss": 0.00187714456114918
}
{
  "seed": 3136018505934083532,
  "steps": 27,
  "total_reward": 79.14000000000001,
  "chase_count": 5,
  "samples": 27,
  "episode": 3097,
  "replay_size": 20000,
  "loss": 0.8726719617843628,
  "policy_loss": 0.871072381734848,
  "value_loss": 0.001599579118192196
}
{
  "seed": 8161935833786532210,
  "steps": 36,
  "total_reward": 122.21000000000004,
  "chase_count": 3,
  "samples": 36,
  "episode": 3098,
  "replay_size": 20000,
  "loss": 0.7615442872047424,
  "policy_loss": 0.7598065733909607,
  "value_loss": 0.0017377128242515028
}
{
  "seed": 6150603948129394166,
  "steps": 31,
  "total_reward": 96.15,
  "chase_count": 4,
  "samples": 31,
  "episode": 3099,
  "replay_size": 20000,
  "loss": 0.7524802982807159,
  "policy_loss": 0.751161515712738,
  "value_loss": 0.0013187839067541063
}
{
  "seed": 6911843029274246671,
  "steps": 33,
  "total_reward": 90.72000000000001,
  "chase_count": 5,
  "samples": 33,
  "episode": 3100,
  "replay_size": 20000,
  "loss": 0.8890527486801147,
  "policy_loss": 0.8874907195568085,
  "value_loss": 0.0015620365447830409
}
{
  "seed": 7158621448573337206,
  "steps": 40,
  "total_reward": 103.82000000000001,
  "chase_count": 4,
  "samples": 40,
  "episode": 3101,
  "replay_size": 20000,
  "loss": 0.8032481372356415,
  "policy_loss": 0.8015563189983368,
  "value_loss": 0.0016917965258471668
}
{
  "seed": 4785176097349756376,
  "steps": 37,
  "total_reward": 83.63,
  "chase_count": 5,
  "samples": 37,
  "episode": 3102,
  "replay_size": 20000,
  "loss": 0.8369994163513184,
  "policy_loss": 0.835732638835907,
  "value_loss": 0.0012667927076108754
}
{
  "seed": 3251574547003310213,
  "steps": 36,
  "total_reward": 113.32,
  "chase_count": 5,
  "samples": 36,
  "episode": 3103,
  "replay_size": 20000,
  "loss": 0.8289048075675964,
  "policy_loss": 0.8273846507072449,
  "value_loss": 0.0015201508067548275
}
{
  "seed": 1990319796120972136,
  "steps": 35,
  "total_reward": 94.93000000000002,
  "chase_count": 5,
  "samples": 35,
  "episode": 3104,
  "replay_size": 20000,
  "loss": 0.9558337032794952,
  "policy_loss": 0.9542962908744812,
  "value_loss": 0.00153742462862283
}
{
  "seed": 2593615004510131777,
  "steps": 37,
  "total_reward": 72.10000000000002,
  "chase_count": 5,
  "samples": 37,
  "episode": 3105,
  "replay_size": 20000,
  "loss": 0.7283086776733398,
  "policy_loss": 0.72685906291008,
  "value_loss": 0.0014495988143607974
}
{
  "seed": 5149630700245235461,
  "steps": 42,
  "total_reward": 153.83000000000004,
  "chase_count": 4,
  "samples": 42,
  "episode": 3106,
  "replay_size": 20000,
  "loss": 0.7283919751644135,
  "policy_loss": 0.7267555594444275,
  "value_loss": 0.0016364348120987415
}
{
  "seed": 8102681611007865618,
  "steps": 36,
  "total_reward": 84.38000000000002,
  "chase_count": 5,
  "samples": 36,
  "episode": 3107,
  "replay_size": 20000,
  "loss": 0.8069311678409576,
  "policy_loss": 0.8054535686969757,
  "value_loss": 0.0014776181778870523
}
{
  "seed": 1227559304177852900,
  "steps": 38,
  "total_reward": 92.67000000000002,
  "chase_count": 4,
  "samples": 38,
  "episode": 3108,
  "replay_size": 20000,
  "loss": 0.8740655481815338,
  "policy_loss": 0.8721233010292053,
  "value_loss": 0.001942241913639009
}
{
  "seed": 8041999255212309114,
  "steps": 32,
  "total_reward": 75.99000000000001,
  "chase_count": 5,
  "samples": 32,
  "episode": 3109,
  "replay_size": 20000,
  "loss": 0.9017328023910522,
  "policy_loss": 0.9002336263656616,
  "value_loss": 0.0014991990174166858
}
{
  "seed": 2208224142156761796,
  "steps": 31,
  "total_reward": 121.88000000000002,
  "chase_count": 5,
  "samples": 31,
  "episode": 3110,
  "replay_size": 20000,
  "loss": 0.8316031694412231,
  "policy_loss": 0.8300108313560486,
  "value_loss": 0.0015923302853479981
}
{
  "seed": 3858679444538061955,
  "steps": 36,
  "total_reward": 84.71000000000002,
  "chase_count": 5,
  "samples": 36,
  "episode": 3111,
  "replay_size": 20000,
  "loss": 0.8195985555648804,
  "policy_loss": 0.8176712989807129,
  "value_loss": 0.0019272633944638073
}
{
  "seed": 3937418753045260116,
  "steps": 29,
  "total_reward": 74.66999999999999,
  "chase_count": 5,
  "samples": 29,
  "episode": 3112,
  "replay_size": 20000,
  "loss": 0.8729451298713684,
  "policy_loss": 0.8715134859085083,
  "value_loss": 0.001431661075912416
}
{
  "seed": 8172555427991433519,
  "steps": 30,
  "total_reward": 98.60000000000002,
  "chase_count": 4,
  "samples": 30,
  "episode": 3113,
  "replay_size": 20000,
  "loss": 0.7444470524787903,
  "policy_loss": 0.7431069314479828,
  "value_loss": 0.0013400990283116698
}
{
  "seed": 719721383658739243,
  "steps": 45,
  "total_reward": 123.18000000000002,
  "chase_count": 4,
  "samples": 45,
  "episode": 3114,
  "replay_size": 20000,
  "loss": 0.8109369277954102,
  "policy_loss": 0.8092455565929413,
  "value_loss": 0.0016913825529627502
}
{
  "seed": 4224507652001328517,
  "steps": 36,
  "total_reward": 99.41000000000004,
  "chase_count": 3,
  "samples": 36,
  "episode": 3115,
  "replay_size": 20000,
  "loss": 0.8900334239006042,
  "policy_loss": 0.8888751566410065,
  "value_loss": 0.0011582684237509966
}
{
  "seed": 9018451345875135592,
  "steps": 34,
  "total_reward": 96.81000000000002,
  "chase_count": 5,
  "samples": 34,
  "episode": 3116,
  "replay_size": 20000,
  "loss": 0.877482146024704,
  "policy_loss": 0.8764775991439819,
  "value_loss": 0.0010045550297945738
}
{
  "seed": 2817058971238011722,
  "steps": 31,
  "total_reward": 117.69000000000005,
  "chase_count": 4,
  "samples": 31,
  "episode": 3117,
  "replay_size": 20000,
  "loss": 0.905583918094635,
  "policy_loss": 0.9044425785541534,
  "value_loss": 0.0011413163447286934
}
{
  "seed": 6580171883974212308,
  "steps": 33,
  "total_reward": 86.02000000000001,
  "chase_count": 4,
  "samples": 33,
  "episode": 3118,
  "replay_size": 20000,
  "loss": 0.8681218028068542,
  "policy_loss": 0.8663711249828339,
  "value_loss": 0.0017506913281977177
}
{
  "seed": 3721746050035705196,
  "steps": 37,
  "total_reward": 102.13000000000002,
  "chase_count": 4,
  "samples": 37,
  "episode": 3119,
  "replay_size": 20000,
  "loss": 0.7361685335636139,
  "policy_loss": 0.7350066900253296,
  "value_loss": 0.0011618226999416947
}
{
  "seed": 3598009815756208430,
  "steps": 32,
  "total_reward": 110.20000000000002,
  "chase_count": 2,
  "samples": 32,
  "episode": 3120,
  "replay_size": 20000,
  "loss": 0.8546798527240753,
  "policy_loss": 0.8536602854728699,
  "value_loss": 0.0010195787181146443
}
{
  "seed": 5673455296622573354,
  "steps": 34,
  "total_reward": 86.87,
  "chase_count": 5,
  "samples": 34,
  "episode": 3121,
  "replay_size": 20000,
  "loss": 0.8635249733924866,
  "policy_loss": 0.8623417019844055,
  "value_loss": 0.0011832874151878059
}
{
  "seed": 6237855835341234756,
  "steps": 29,
  "total_reward": 120.63000000000002,
  "chase_count": 4,
  "samples": 29,
  "episode": 3122,
  "replay_size": 20000,
  "loss": 0.8582603931427002,
  "policy_loss": 0.8571073114871979,
  "value_loss": 0.001153066346887499
}
{
  "seed": 5468293598900090735,
  "steps": 34,
  "total_reward": 116.85000000000004,
  "chase_count": 4,
  "samples": 34,
  "episode": 3123,
  "replay_size": 20000,
  "loss": 0.8161348402500153,
  "policy_loss": 0.8148331046104431,
  "value_loss": 0.0013017241144552827
}
{
  "seed": 2500961109046851748,
  "steps": 27,
  "total_reward": 99.36000000000001,
  "chase_count": 5,
  "samples": 27,
  "episode": 3124,
  "replay_size": 20000,
  "loss": 0.8835731148719788,
  "policy_loss": 0.882206529378891,
  "value_loss": 0.0013665781007148325
}
{
  "seed": 8301791878633923731,
  "steps": 35,
  "total_reward": 86.31000000000002,
  "chase_count": 5,
  "samples": 35,
  "episode": 3125,
  "replay_size": 20000,
  "loss": 0.8546996712684631,
  "policy_loss": 0.8532586991786957,
  "value_loss": 0.0014409698778763413
}
{
  "seed": 575134721034901941,
  "steps": 26,
  "total_reward": 95.28000000000003,
  "chase_count": 5,
  "samples": 26,
  "episode": 3126,
  "replay_size": 20000,
  "loss": 0.8120549321174622,
  "policy_loss": 0.8108308613300323,
  "value_loss": 0.0012240794894751161
}
{
  "seed": 2715281189060679999,
  "steps": 33,
  "total_reward": 85.54000000000002,
  "chase_count": 4,
  "samples": 33,
  "episode": 3127,
  "replay_size": 20000,
  "loss": 0.8170765936374664,
  "policy_loss": 0.8161479532718658,
  "value_loss": 0.0009286536951549351
}
{
  "seed": 1375208585746856744,
  "steps": 30,
  "total_reward": 85.23000000000002,
  "chase_count": 4,
  "samples": 30,
  "episode": 3128,
  "replay_size": 20000,
  "loss": 0.8170913755893707,
  "policy_loss": 0.8154686093330383,
  "value_loss": 0.0016227748128585517
}
{
  "seed": 3312982010511486445,
  "steps": 35,
  "total_reward": 108.19000000000001,
  "chase_count": 4,
  "samples": 35,
  "episode": 3129,
  "replay_size": 20000,
  "loss": 0.7597245872020721,
  "policy_loss": 0.7581398785114288,
  "value_loss": 0.0015847145696170628
}
{
  "seed": 7178674280986348894,
  "steps": 36,
  "total_reward": 98.78000000000003,
  "chase_count": 3,
  "samples": 36,
  "episode": 3130,
  "replay_size": 20000,
  "loss": 0.8324739634990692,
  "policy_loss": 0.8309245407581329,
  "value_loss": 0.0015494017861783504
}
{
  "seed": 505659627152562798,
  "steps": 36,
  "total_reward": 129.57000000000002,
  "chase_count": 4,
  "samples": 36,
  "episode": 3131,
  "replay_size": 20000,
  "loss": 0.840920627117157,
  "policy_loss": 0.8394858241081238,
  "value_loss": 0.0014348122058436275
}
{
  "seed": 6990815190919634622,
  "steps": 32,
  "total_reward": 81.41000000000001,
  "chase_count": 5,
  "samples": 32,
  "episode": 3132,
  "replay_size": 20000,
  "loss": 0.8182130753993988,
  "policy_loss": 0.8167707920074463,
  "value_loss": 0.0014422954409383237
}
{
  "seed": 4206853712952070377,
  "steps": 41,
  "total_reward": 127.04,
  "chase_count": 3,
  "samples": 41,
  "episode": 3133,
  "replay_size": 20000,
  "loss": 0.90101557970047,
  "policy_loss": 0.8992403745651245,
  "value_loss": 0.001775192387867719
}
{
  "seed": 3259745506841288132,
  "steps": 32,
  "total_reward": 76.20000000000002,
  "chase_count": 5,
  "samples": 32,
  "episode": 3134,
  "replay_size": 20000,
  "loss": 0.7426583766937256,
  "policy_loss": 0.741035521030426,
  "value_loss": 0.0016228800523094833
}
{
  "seed": 6558032593683934841,
  "steps": 36,
  "total_reward": 98.34000000000002,
  "chase_count": 5,
  "samples": 36,
  "episode": 3135,
  "replay_size": 20000,
  "loss": 0.895967423915863,
  "policy_loss": 0.894451379776001,
  "value_loss": 0.0015160553739406168
}
{
  "seed": 1423664345901499154,
  "steps": 34,
  "total_reward": 75.54000000000002,
  "chase_count": 5,
  "samples": 34,
  "episode": 3136,
  "replay_size": 20000,
  "loss": 0.8022564053535461,
  "policy_loss": 0.8010453581809998,
  "value_loss": 0.0012110331445001066
}
{
  "seed": 4073306462313766666,
  "steps": 33,
  "total_reward": 81.03000000000002,
  "chase_count": 4,
  "samples": 33,
  "episode": 3137,
  "replay_size": 20000,
  "loss": 0.7936363518238068,
  "policy_loss": 0.7917304933071136,
  "value_loss": 0.0019058585166931152
}
{
  "seed": 4190452438915074748,
  "steps": 28,
  "total_reward": 114.41000000000003,
  "chase_count": 5,
  "samples": 28,
  "episode": 3138,
  "replay_size": 20000,
  "loss": 0.8117046356201172,
  "policy_loss": 0.8101015686988831,
  "value_loss": 0.0016030846163630486
}
{
  "seed": 671481582331439416,
  "steps": 26,
  "total_reward": 104.03,
  "chase_count": 5,
  "samples": 26,
  "episode": 3139,
  "replay_size": 20000,
  "loss": 0.8042711317539215,
  "policy_loss": 0.8029748201370239,
  "value_loss": 0.0012963286717422307
}
{
  "seed": 4199657045796191281,
  "steps": 32,
  "total_reward": 86.41,
  "chase_count": 4,
  "samples": 32,
  "episode": 3140,
  "replay_size": 20000,
  "loss": 0.8533958196640015,
  "policy_loss": 0.8515333533287048,
  "value_loss": 0.0018624505028128624
}
{
  "seed": 4209923403211074724,
  "steps": 43,
  "total_reward": 91.32000000000002,
  "chase_count": 3,
  "samples": 43,
  "episode": 3141,
  "replay_size": 20000,
  "loss": 0.7657555043697357,
  "policy_loss": 0.7639882266521454,
  "value_loss": 0.0017672518151812255
}
{
  "seed": 506512493424011880,
  "steps": 34,
  "total_reward": 89.76000000000002,
  "chase_count": 4,
  "samples": 34,
  "episode": 3142,
  "replay_size": 20000,
  "loss": 0.8393431901931763,
  "policy_loss": 0.837909996509552,
  "value_loss": 0.0014332165010273457
}
{
  "seed": 5997389350622963095,
  "steps": 32,
  "total_reward": 87.09000000000003,
  "chase_count": 3,
  "samples": 32,
  "episode": 3143,
  "replay_size": 20000,
  "loss": 0.8709230124950409,
  "policy_loss": 0.8696454763412476,
  "value_loss": 0.0012775156064890325
}
{
  "seed": 8381353024670942664,
  "steps": 34,
  "total_reward": 102.71000000000001,
  "chase_count": 4,
  "samples": 34,
  "episode": 3144,
  "replay_size": 20000,
  "loss": 0.7978815138339996,
  "policy_loss": 0.7965588569641113,
  "value_loss": 0.0013226489827502519
}
{
  "seed": 4564522119735568283,
  "steps": 29,
  "total_reward": 82.33000000000001,
  "chase_count": 5,
  "samples": 29,
  "episode": 3145,
  "replay_size": 20000,
  "loss": 0.8345025479793549,
  "policy_loss": 0.8330158591270447,
  "value_loss": 0.00148670474300161
}
{
  "seed": 8451275051298594934,
  "steps": 27,
  "total_reward": 89.49000000000002,
  "chase_count": 5,
  "samples": 27,
  "episode": 3146,
  "replay_size": 20000,
  "loss": 0.8030820786952972,
  "policy_loss": 0.8022267818450928,
  "value_loss": 0.0008552958315704018
}
{
  "seed": 395974468234369887,
  "steps": 33,
  "total_reward": 82.14000000000001,
  "chase_count": 5,
  "samples": 33,
  "episode": 3147,
  "replay_size": 20000,
  "loss": 0.8226768970489502,
  "policy_loss": 0.8207390606403351,
  "value_loss": 0.0019378324504941702
}
{
  "seed": 53583889922335868,
  "steps": 33,
  "total_reward": 78.21000000000002,
  "chase_count": 5,
  "samples": 33,
  "episode": 3148,
  "replay_size": 20000,
  "loss": 0.8454243540763855,
  "policy_loss": 0.8438808917999268,
  "value_loss": 0.0015434740926139057
}
{
  "seed": 2593192210251311202,
  "steps": 33,
  "total_reward": 101.53000000000003,
  "chase_count": 4,
  "samples": 33,
  "episode": 3149,
  "replay_size": 20000,
  "loss": 0.8264842629432678,
  "policy_loss": 0.8249469995498657,
  "value_loss": 0.0015372665948234499
}
{
  "seed": 5853244410875169835,
  "steps": 30,
  "total_reward": 121.02000000000002,
  "chase_count": 3,
  "samples": 30,
  "episode": 3150,
  "replay_size": 20000,
  "loss": 0.8555447161197662,
  "policy_loss": 0.8542642891407013,
  "value_loss": 0.0012804376310668886
}
{
  "seed": 8526313924882021635,
  "steps": 45,
  "total_reward": 118.80000000000004,
  "chase_count": 2,
  "samples": 45,
  "episode": 3151,
  "replay_size": 20000,
  "loss": 0.8244404792785645,
  "policy_loss": 0.8227400481700897,
  "value_loss": 0.0017004419933073223
}
{
  "seed": 8347504468618800229,
  "steps": 32,
  "total_reward": 97.14,
  "chase_count": 5,
  "samples": 32,
  "episode": 3152,
  "replay_size": 20000,
  "loss": 0.8345881998538971,
  "policy_loss": 0.8324123322963715,
  "value_loss": 0.002175863366574049
}
{
  "seed": 4432791280148623430,
  "steps": 31,
  "total_reward": 81.41,
  "chase_count": 5,
  "samples": 31,
  "episode": 3153,
  "replay_size": 20000,
  "loss": 0.9291264116764069,
  "policy_loss": 0.9278810620307922,
  "value_loss": 0.0012453585513867438
}
{
  "seed": 7000234791952385936,
  "steps": 26,
  "total_reward": 74.24,
  "chase_count": 5,
  "samples": 26,
  "episode": 3154,
  "replay_size": 20000,
  "loss": 0.8528113663196564,
  "policy_loss": 0.8513440489768982,
  "value_loss": 0.0014673303812742233
}
{
  "seed": 7433407839287521491,
  "steps": 40,
  "total_reward": 116.84000000000003,
  "chase_count": 2,
  "samples": 40,
  "episode": 3155,
  "replay_size": 20000,
  "loss": 0.8100847601890564,
  "policy_loss": 0.8088806569576263,
  "value_loss": 0.0012040866422466934
}
{
  "seed": 5106696704660454790,
  "steps": 34,
  "total_reward": 105.11000000000001,
  "chase_count": 4,
  "samples": 34,
  "episode": 3156,
  "replay_size": 20000,
  "loss": 0.7206709384918213,
  "policy_loss": 0.7196744680404663,
  "value_loss": 0.0009964886121451855
}
{
  "seed": 5863074214038279258,
  "steps": 32,
  "total_reward": 110.38000000000002,
  "chase_count": 3,
  "samples": 32,
  "episode": 3157,
  "replay_size": 20000,
  "loss": 0.772320419549942,
  "policy_loss": 0.7708230018615723,
  "value_loss": 0.0014974135556258261
}
{
  "seed": 3653458123675099784,
  "steps": 34,
  "total_reward": 99.86000000000001,
  "chase_count": 4,
  "samples": 34,
  "episode": 3158,
  "replay_size": 20000,
  "loss": 0.8312589526176453,
  "policy_loss": 0.8301983773708344,
  "value_loss": 0.0010605997522361577
}
{
  "seed": 8725617683920618460,
  "steps": 29,
  "total_reward": 93.55000000000001,
  "chase_count": 4,
  "samples": 29,
  "episode": 3159,
  "replay_size": 20000,
  "loss": 0.815467894077301,
  "policy_loss": 0.8140652477741241,
  "value_loss": 0.0014026525896042585
}
{
  "seed": 7233379298623443639,
  "steps": 30,
  "total_reward": 69.14,
  "chase_count": 5,
  "samples": 30,
  "episode": 3160,
  "replay_size": 20000,
  "loss": 0.8329605460166931,
  "policy_loss": 0.8314073085784912,
  "value_loss": 0.0015532267279922962
}
{
  "seed": 2025678980594432321,
  "steps": 30,
  "total_reward": 121.50000000000003,
  "chase_count": 4,
  "samples": 30,
  "episode": 3161,
  "replay_size": 20000,
  "loss": 0.7233164310455322,
  "policy_loss": 0.7223456799983978,
  "value_loss": 0.0009707372810225934
}
{
  "seed": 6676376306539409498,
  "steps": 24,
  "total_reward": 80.19000000000001,
  "chase_count": 5,
  "samples": 24,
  "episode": 3162,
  "replay_size": 20000,
  "loss": 0.8010118305683136,
  "policy_loss": 0.7994187772274017,
  "value_loss": 0.0015930357039906085
}
{
  "seed": 8790691625317597408,
  "steps": 34,
  "total_reward": 114.85,
  "chase_count": 5,
  "samples": 34,
  "episode": 3163,
  "replay_size": 20000,
  "loss": 0.8380374610424042,
  "policy_loss": 0.836794525384903,
  "value_loss": 0.0012429400230757892
}
{
  "seed": 1992536306135856097,
  "steps": 26,
  "total_reward": 84.56,
  "chase_count": 5,
  "samples": 26,
  "episode": 3164,
  "replay_size": 20000,
  "loss": 0.8116313815116882,
  "policy_loss": 0.8103046119213104,
  "value_loss": 0.00132675253553316
}
{
  "seed": 8089991083630252810,
  "steps": 41,
  "total_reward": 123.33000000000004,
  "chase_count": 2,
  "samples": 41,
  "episode": 3165,
  "replay_size": 20000,
  "loss": 0.8286084830760956,
  "policy_loss": 0.8271855413913727,
  "value_loss": 0.0014229369116947055
}
{
  "seed": 7114989129220085294,
  "steps": 39,
  "total_reward": 90.66000000000003,
  "chase_count": 4,
  "samples": 39,
  "episode": 3166,
  "replay_size": 20000,
  "loss": 0.8867045938968658,
  "policy_loss": 0.8854802250862122,
  "value_loss": 0.0012243642413523048
}
{
  "seed": 5200227134047612250,
  "steps": 34,
  "total_reward": 79.80000000000003,
  "chase_count": 4,
  "samples": 34,
  "episode": 3167,
  "replay_size": 20000,
  "loss": 0.8146027624607086,
  "policy_loss": 0.8133319616317749,
  "value_loss": 0.001270777778699994
}
{
  "seed": 2214314822281136019,
  "steps": 39,
  "total_reward": 93.20000000000002,
  "chase_count": 4,
  "samples": 39,
  "episode": 3168,
  "replay_size": 20000,
  "loss": 0.7361174821853638,
  "policy_loss": 0.7346625030040741,
  "value_loss": 0.0014549863990396261
}
{
  "seed": 5007420741393065941,
  "steps": 41,
  "total_reward": 93.43000000000004,
  "chase_count": 5,
  "samples": 41,
  "episode": 3169,
  "replay_size": 20000,
  "loss": 0.8945951163768768,
  "policy_loss": 0.8927293419837952,
  "value_loss": 0.0018657834734767675
}
{
  "seed": 2973462009435540942,
  "steps": 35,
  "total_reward": 90.40000000000003,
  "chase_count": 3,
  "samples": 35,
  "episode": 3170,
  "replay_size": 20000,
  "loss": 0.8300532400608063,
  "policy_loss": 0.8285908997058868,
  "value_loss": 0.0014623315655626357
}
{
  "seed": 1250287934421518220,
  "steps": 35,
  "total_reward": 125.81,
  "chase_count": 3,
  "samples": 35,
  "episode": 3171,
  "replay_size": 20000,
  "loss": 0.7967731356620789,
  "policy_loss": 0.7953375279903412,
  "value_loss": 0.0014356236206367612
}
{
  "seed": 191222551624826126,
  "steps": 37,
  "total_reward": 115.94000000000005,
  "chase_count": 5,
  "samples": 37,
  "episode": 3172,
  "replay_size": 20000,
  "loss": 0.8586290776729584,
  "policy_loss": 0.857315719127655,
  "value_loss": 0.001313340151682496
}
{
  "seed": 1746851448464473536,
  "steps": 34,
  "total_reward": 109.98000000000003,
  "chase_count": 4,
  "samples": 34,
  "episode": 3173,
  "replay_size": 20000,
  "loss": 0.8104174137115479,
  "policy_loss": 0.8094045221805573,
  "value_loss": 0.0010129052679985762
}
{
  "seed": 3146921676854173635,
  "steps": 33,
  "total_reward": 90.87000000000002,
  "chase_count": 5,
  "samples": 33,
  "episode": 3174,
  "replay_size": 20000,
  "loss": 0.8625061213970184,
  "policy_loss": 0.8606745898723602,
  "value_loss": 0.00183152558747679
}
{
  "seed": 7056361861269972490,
  "steps": 34,
  "total_reward": 94.11000000000001,
  "chase_count": 3,
  "samples": 34,
  "episode": 3175,
  "replay_size": 20000,
  "loss": 0.7582636773586273,
  "policy_loss": 0.7568836212158203,
  "value_loss": 0.0013800504384562373
}
{
  "seed": 6408701185353905131,
  "steps": 29,
  "total_reward": 95.96000000000001,
  "chase_count": 5,
  "samples": 29,
  "episode": 3176,
  "replay_size": 20000,
  "loss": 0.769568920135498,
  "policy_loss": 0.768128901720047,
  "value_loss": 0.0014400062500499189
}
{
  "seed": 6717968336139819238,
  "steps": 40,
  "total_reward": 86.54000000000002,
  "chase_count": 4,
  "samples": 40,
  "episode": 3177,
  "replay_size": 20000,
  "loss": 0.7653186917304993,
  "policy_loss": 0.7636119723320007,
  "value_loss": 0.0017067051376216114
}
{
  "seed": 4829457450227738504,
  "steps": 35,
  "total_reward": 105.42000000000003,
  "chase_count": 3,
  "samples": 35,
  "episode": 3178,
  "replay_size": 20000,
  "loss": 0.8018240630626678,
  "policy_loss": 0.8003036081790924,
  "value_loss": 0.0015204476076178253
}
{
  "seed": 2567046777442055691,
  "steps": 35,
  "total_reward": 96.23000000000002,
  "chase_count": 5,
  "samples": 35,
  "episode": 3179,
  "replay_size": 20000,
  "loss": 0.757279247045517,
  "policy_loss": 0.7562302350997925,
  "value_loss": 0.00104900065343827
}
{
  "seed": 2506598196302149022,
  "steps": 45,
  "total_reward": 104.34000000000006,
  "chase_count": 5,
  "samples": 45,
  "episode": 3180,
  "replay_size": 20000,
  "loss": 0.8850988149642944,
  "policy_loss": 0.8834667801856995,
  "value_loss": 0.001632032566703856
}
{
  "seed": 3329005473088666704,
  "steps": 39,
  "total_reward": 107.86000000000004,
  "chase_count": 3,
  "samples": 39,
  "episode": 3181,
  "replay_size": 20000,
  "loss": 0.8817167282104492,
  "policy_loss": 0.8799893260002136,
  "value_loss": 0.0017273995326831937
}
{
  "seed": 3503657688723642824,
  "steps": 36,
  "total_reward": 95.51000000000002,
  "chase_count": 2,
  "samples": 36,
  "episode": 3182,
  "replay_size": 20000,
  "loss": 0.7999366521835327,
  "policy_loss": 0.7981085777282715,
  "value_loss": 0.001828071370255202
}
{
  "seed": 6968002136625850753,
  "steps": 43,
  "total_reward": 126.74000000000001,
  "chase_count": 5,
  "samples": 43,
  "episode": 3183,
  "replay_size": 20000,
  "loss": 0.7469005286693573,
  "policy_loss": 0.745661735534668,
  "value_loss": 0.001238811295479536
}
{
  "seed": 421475587527304659,
  "steps": 30,
  "total_reward": 107.55000000000001,
  "chase_count": 4,
  "samples": 30,
  "episode": 3184,
  "replay_size": 20000,
  "loss": 0.9063522219657898,
  "policy_loss": 0.9051252901554108,
  "value_loss": 0.0012269123690202832
}
{
  "seed": 4248181341467585189,
  "steps": 32,
  "total_reward": 113.79000000000002,
  "chase_count": 5,
  "samples": 32,
  "episode": 3185,
  "replay_size": 20000,
  "loss": 0.7893056571483612,
  "policy_loss": 0.787742555141449,
  "value_loss": 0.001563104975502938
}
{
  "seed": 3179254449739144408,
  "steps": 36,
  "total_reward": 96.82000000000002,
  "chase_count": 3,
  "samples": 36,
  "episode": 3186,
  "replay_size": 20000,
  "loss": 0.833972841501236,
  "policy_loss": 0.8324086666107178,
  "value_loss": 0.001564150385092944
}
{
  "seed": 5555559028107410306,
  "steps": 31,
  "total_reward": 98.14,
  "chase_count": 5,
  "samples": 31,
  "episode": 3187,
  "replay_size": 20000,
  "loss": 0.7700535953044891,
  "policy_loss": 0.7683776021003723,
  "value_loss": 0.0016759993741288781
}
{
  "seed": 6948858830015269876,
  "steps": 30,
  "total_reward": 103.61000000000004,
  "chase_count": 4,
  "samples": 30,
  "episode": 3188,
  "replay_size": 20000,
  "loss": 0.8717447519302368,
  "policy_loss": 0.8703670501708984,
  "value_loss": 0.0013776872074231505
}
{
  "seed": 6236048489585854374,
  "steps": 30,
  "total_reward": 90.25000000000003,
  "chase_count": 5,
  "samples": 30,
  "episode": 3189,
  "replay_size": 20000,
  "loss": 0.8319036960601807,
  "policy_loss": 0.8306417167186737,
  "value_loss": 0.0012619707267731428
}
{
  "seed": 3362603472663387969,
  "steps": 30,
  "total_reward": 102.02000000000002,
  "chase_count": 4,
  "samples": 30,
  "episode": 3190,
  "replay_size": 20000,
  "loss": 0.7918562591075897,
  "policy_loss": 0.7900679409503937,
  "value_loss": 0.001788321475032717
}
{
  "seed": 6487077661343665894,
  "steps": 31,
  "total_reward": 96.14000000000003,
  "chase_count": 5,
  "samples": 31,
  "episode": 3191,
  "replay_size": 20000,
  "loss": 0.839814692735672,
  "policy_loss": 0.8383587300777435,
  "value_loss": 0.0014559550327248871
}
{
  "seed": 4275951529465253420,
  "steps": 31,
  "total_reward": 90.90000000000002,
  "chase_count": 4,
  "samples": 31,
  "episode": 3192,
  "replay_size": 20000,
  "loss": 0.7691795229911804,
  "policy_loss": 0.7678036689758301,
  "value_loss": 0.001375830383040011
}
{
  "seed": 2764309510191738038,
  "steps": 31,
  "total_reward": 93.63,
  "chase_count": 4,
  "samples": 31,
  "episode": 3193,
  "replay_size": 20000,
  "loss": 0.7611201703548431,
  "policy_loss": 0.7592752873897552,
  "value_loss": 0.00184488610830158
}
{
  "seed": 2315974795224892561,
  "steps": 27,
  "total_reward": 69.72,
  "chase_count": 5,
  "samples": 27,
  "episode": 3194,
  "replay_size": 20000,
  "loss": 0.8415106236934662,
  "policy_loss": 0.8398073315620422,
  "value_loss": 0.0017032845644280314
}
{
  "seed": 259508542598901279,
  "steps": 34,
  "total_reward": 94.56000000000003,
  "chase_count": 5,
  "samples": 34,
  "episode": 3195,
  "replay_size": 20000,
  "loss": 0.8575209081172943,
  "policy_loss": 0.855971097946167,
  "value_loss": 0.0015498197171837091
}
{
  "seed": 4463828583917235658,
  "steps": 29,
  "total_reward": 111.58000000000003,
  "chase_count": 5,
  "samples": 29,
  "episode": 3196,
  "replay_size": 20000,
  "loss": 0.8251818716526031,
  "policy_loss": 0.8235315978527069,
  "value_loss": 0.0016502870130352676
}
{
  "seed": 2246066725575596489,
  "steps": 38,
  "total_reward": 97.16000000000003,
  "chase_count": 5,
  "samples": 38,
  "episode": 3197,
  "replay_size": 20000,
  "loss": 0.830293744802475,
  "policy_loss": 0.8292160034179688,
  "value_loss": 0.001077756576705724
}
{
  "seed": 4615829971467748811,
  "steps": 39,
  "total_reward": 114.51000000000006,
  "chase_count": 4,
  "samples": 39,
  "episode": 3198,
  "replay_size": 20000,
  "loss": 0.8557289838790894,
  "policy_loss": 0.8546459078788757,
  "value_loss": 0.001083058916265145
}
{
  "seed": 2782204493556460821,
  "steps": 30,
  "total_reward": 78.92000000000002,
  "chase_count": 5,
  "samples": 30,
  "episode": 3199,
  "replay_size": 20000,
  "loss": 0.8249572813510895,
  "policy_loss": 0.823329746723175,
  "value_loss": 0.0016275442903861403
}
{
  "seed": 6100327322221121942,
  "steps": 33,
  "total_reward": 98.16000000000003,
  "chase_count": 3,
  "samples": 33,
  "episode": 3200,
  "replay_size": 20000,
  "loss": 0.8055379688739777,
  "policy_loss": 0.8045767545700073,
  "value_loss": 0.0009612128487788141
}
{
  "seed": 6562719034450940795,
  "steps": 33,
  "total_reward": 91.93000000000002,
  "chase_count": 5,
  "samples": 33,
  "episode": 3201,
  "replay_size": 20000,
  "loss": 0.8437364101409912,
  "policy_loss": 0.8424861431121826,
  "value_loss": 0.001250252069439739
}
{
  "seed": 4708435309734125331,
  "steps": 41,
  "total_reward": 94.87000000000003,
  "chase_count": 4,
  "samples": 41,
  "episode": 3202,
  "replay_size": 20000,
  "loss": 0.835075706243515,
  "policy_loss": 0.8339841365814209,
  "value_loss": 0.001091548620024696
}
{
  "seed": 4137988812637378698,
  "steps": 32,
  "total_reward": 108.21000000000002,
  "chase_count": 4,
  "samples": 32,
  "episode": 3203,
  "replay_size": 20000,
  "loss": 0.7940796911716461,
  "policy_loss": 0.7928131222724915,
  "value_loss": 0.001266560168005526
}
{
  "seed": 399826596705506050,
  "steps": 39,
  "total_reward": 88.05000000000001,
  "chase_count": 5,
  "samples": 39,
  "episode": 3204,
  "replay_size": 20000,
  "loss": 0.8774882555007935,
  "policy_loss": 0.8764137327671051,
  "value_loss": 0.0010745147010311484
}
{
  "seed": 220760950141347517,
  "steps": 35,
  "total_reward": 88.47000000000003,
  "chase_count": 4,
  "samples": 35,
  "episode": 3205,
  "replay_size": 20000,
  "loss": 0.849459320306778,
  "policy_loss": 0.8482912182807922,
  "value_loss": 0.0011680758034344763
}
{
  "seed": 2925269128988209155,
  "steps": 31,
  "total_reward": 115.55000000000001,
  "chase_count": 3,
  "samples": 31,
  "episode": 3206,
  "replay_size": 20000,
  "loss": 0.7984273135662079,
  "policy_loss": 0.7970566153526306,
  "value_loss": 0.0013706796453334391
}
{
  "seed": 2597462062678373094,
  "steps": 32,
  "total_reward": 99.23000000000005,
  "chase_count": 4,
  "samples": 32,
  "episode": 3207,
  "replay_size": 20000,
  "loss": 0.8230039477348328,
  "policy_loss": 0.8220473825931549,
  "value_loss": 0.0009565609507262707
}
{
  "seed": 4100125206188225989,
  "steps": 31,
  "total_reward": 76.61000000000001,
  "chase_count": 4,
  "samples": 31,
  "episode": 3208,
  "replay_size": 20000,
  "loss": 0.7756916582584381,
  "policy_loss": 0.7742293477058411,
  "value_loss": 0.0014623008901253343
}
{
  "seed": 8086187470261585581,
  "steps": 31,
  "total_reward": 74.91000000000001,
  "chase_count": 4,
  "samples": 31,
  "episode": 3209,
  "replay_size": 20000,
  "loss": 0.8514927327632904,
  "policy_loss": 0.850218802690506,
  "value_loss": 0.0012739391531795263
}
{
  "seed": 8496249836527251949,
  "steps": 33,
  "total_reward": 83.48,
  "chase_count": 5,
  "samples": 33,
  "episode": 3210,
  "replay_size": 20000,
  "loss": 0.7733386158943176,
  "policy_loss": 0.7718755304813385,
  "value_loss": 0.0014630637015216053
}
{
  "seed": 8476487481216391786,
  "steps": 33,
  "total_reward": 90.97000000000001,
  "chase_count": 5,
  "samples": 33,
  "episode": 3211,
  "replay_size": 20000,
  "loss": 0.800915002822876,
  "policy_loss": 0.7992367446422577,
  "value_loss": 0.0016782678430899978
}
{
  "seed": 391588465087804314,
  "steps": 35,
  "total_reward": 92.21000000000001,
  "chase_count": 4,
  "samples": 35,
  "episode": 3212,
  "replay_size": 20000,
  "loss": 0.7792268693447113,
  "policy_loss": 0.7778218388557434,
  "value_loss": 0.0014050223981030285
}
{
  "seed": 2195515294489786666,
  "steps": 38,
  "total_reward": 105.93000000000004,
  "chase_count": 4,
  "samples": 38,
  "episode": 3213,
  "replay_size": 20000,
  "loss": 0.7696618139743805,
  "policy_loss": 0.7677826881408691,
  "value_loss": 0.001879122864920646
}
{
  "seed": 2988876522055320527,
  "steps": 34,
  "total_reward": 89.66000000000003,
  "chase_count": 4,
  "samples": 34,
  "episode": 3214,
  "replay_size": 20000,
  "loss": 0.8528720736503601,
  "policy_loss": 0.8515094816684723,
  "value_loss": 0.0013626132858917117
}
{
  "seed": 1932872011434751804,
  "steps": 32,
  "total_reward": 91.46000000000001,
  "chase_count": 5,
  "samples": 32,
  "episode": 3215,
  "replay_size": 20000,
  "loss": 0.8970283567905426,
  "policy_loss": 0.895715981721878,
  "value_loss": 0.0013123705284669995
}
{
  "seed": 3365572006897157789,
  "steps": 38,
  "total_reward": 84.34000000000003,
  "chase_count": 4,
  "samples": 38,
  "episode": 3216,
  "replay_size": 20000,
  "loss": 0.7766298949718475,
  "policy_loss": 0.7750391662120819,
  "value_loss": 0.0015907221240922809
}
{
  "seed": 7396339053987763264,
  "steps": 36,
  "total_reward": 81.08000000000001,
  "chase_count": 5,
  "samples": 36,
  "episode": 3217,
  "replay_size": 20000,
  "loss": 0.8607408404350281,
  "policy_loss": 0.8593756854534149,
  "value_loss": 0.0013651748304255307
}
{
  "seed": 7393276969539760176,
  "steps": 30,
  "total_reward": 107.01000000000002,
  "chase_count": 4,
  "samples": 30,
  "episode": 3218,
  "replay_size": 20000,
  "loss": 0.826028436422348,
  "policy_loss": 0.8248230218887329,
  "value_loss": 0.00120542076183483
}
{
  "seed": 6499369746338219561,
  "steps": 31,
  "total_reward": 95.57000000000002,
  "chase_count": 4,
  "samples": 31,
  "episode": 3219,
  "replay_size": 20000,
  "loss": 0.7392798066139221,
  "policy_loss": 0.7381584644317627,
  "value_loss": 0.001121321867685765
}
{
  "seed": 1816836743715553605,
  "steps": 37,
  "total_reward": 91.23000000000002,
  "chase_count": 5,
  "samples": 37,
  "episode": 3220,
  "replay_size": 20000,
  "loss": 0.8424623012542725,
  "policy_loss": 0.8410739004611969,
  "value_loss": 0.0013884042273275554
}
{
  "seed": 8027704628764928355,
  "steps": 30,
  "total_reward": 99.91000000000001,
  "chase_count": 5,
  "samples": 30,
  "episode": 3221,
  "replay_size": 20000,
  "loss": 0.7444759905338287,
  "policy_loss": 0.7433550953865051,
  "value_loss": 0.0011209057120140642
}
{
  "seed": 7843895373834802672,
  "steps": 28,
  "total_reward": 87.25999999999999,
  "chase_count": 5,
  "samples": 28,
  "episode": 3222,
  "replay_size": 20000,
  "loss": 0.8490343987941742,
  "policy_loss": 0.8477613925933838,
  "value_loss": 0.0012729967711493373
}
{
  "seed": 3773625865501995713,
  "steps": 37,
  "total_reward": 100.10000000000002,
  "chase_count": 4,
  "samples": 37,
  "episode": 3223,
  "replay_size": 20000,
  "loss": 0.8687140643596649,
  "policy_loss": 0.8670257329940796,
  "value_loss": 0.0016883465577848256
}
{
  "seed": 5475154333396357730,
  "steps": 37,
  "total_reward": 84.37,
  "chase_count": 4,
  "samples": 37,
  "episode": 3224,
  "replay_size": 20000,
  "loss": 0.7916109263896942,
  "policy_loss": 0.7903335392475128,
  "value_loss": 0.0012773912749253213
}
{
  "seed": 9069529932154125484,
  "steps": 45,
  "total_reward": 92.58000000000003,
  "chase_count": 4,
  "samples": 45,
  "episode": 3225,
  "replay_size": 20000,
  "loss": 0.8113752901554108,
  "policy_loss": 0.8097636103630066,
  "value_loss": 0.0016116757760755718
}
{
  "seed": 425578172416259477,
  "steps": 33,
  "total_reward": 95.05000000000001,
  "chase_count": 5,
  "samples": 33,
  "episode": 3226,
  "replay_size": 20000,
  "loss": 0.9387730956077576,
  "policy_loss": 0.9375887811183929,
  "value_loss": 0.001184305758215487
}
{
  "seed": 1501659644519563419,
  "steps": 40,
  "total_reward": 98.64000000000001,
  "chase_count": 4,
  "samples": 40,
  "episode": 3227,
  "replay_size": 20000,
  "loss": 0.908146321773529,
  "policy_loss": 0.9067305326461792,
  "value_loss": 0.0014157883706502616
}
{
  "seed": 4815929285859918483,
  "steps": 31,
  "total_reward": 76.02000000000002,
  "chase_count": 5,
  "samples": 31,
  "episode": 3228,
  "replay_size": 20000,
  "loss": 0.772559642791748,
  "policy_loss": 0.7713043987751007,
  "value_loss": 0.0012552601983770728
}
{
  "seed": 7863245905838812572,
  "steps": 31,
  "total_reward": 80.9,
  "chase_count": 4,
  "samples": 31,
  "episode": 3229,
  "replay_size": 20000,
  "loss": 0.8536353707313538,
  "policy_loss": 0.8524568676948547,
  "value_loss": 0.0011784975067712367
}
{
  "seed": 3478329777309682973,
  "steps": 33,
  "total_reward": 119.29000000000003,
  "chase_count": 3,
  "samples": 33,
  "episode": 3230,
  "replay_size": 20000,
  "loss": 0.7698566317558289,
  "policy_loss": 0.7683837413787842,
  "value_loss": 0.0014728846726939082
}
{
  "seed": 1823870891097316268,
  "steps": 27,
  "total_reward": 101.98000000000002,
  "chase_count": 5,
  "samples": 27,
  "episode": 3231,
  "replay_size": 20000,
  "loss": 0.7716538608074188,
  "policy_loss": 0.7702375948429108,
  "value_loss": 0.001416288607288152
}
{
  "seed": 7196362556688183907,
  "steps": 36,
  "total_reward": 119.47000000000004,
  "chase_count": 3,
  "samples": 36,
  "episode": 3232,
  "replay_size": 20000,
  "loss": 0.7772456109523773,
  "policy_loss": 0.7757885754108429,
  "value_loss": 0.0014570527127943933
}
{
  "seed": 3498587960340439005,
  "steps": 29,
  "total_reward": 70.12,
  "chase_count": 5,
  "samples": 29,
  "episode": 3233,
  "replay_size": 20000,
  "loss": 0.8145686984062195,
  "policy_loss": 0.8134819567203522,
  "value_loss": 0.0010867468663491309
}
{
  "seed": 6677085972164804924,
  "steps": 42,
  "total_reward": 129.3,
  "chase_count": 2,
  "samples": 42,
  "episode": 3234,
  "replay_size": 20000,
  "loss": 0.7610906064510345,
  "policy_loss": 0.7594068348407745,
  "value_loss": 0.0016837939037941396
}
{
  "seed": 2728253946580431818,
  "steps": 34,
  "total_reward": 123.10000000000004,
  "chase_count": 4,
  "samples": 34,
  "episode": 3235,
  "replay_size": 20000,
  "loss": 0.8093283474445343,
  "policy_loss": 0.8076921999454498,
  "value_loss": 0.0016361433081328869
}
{
  "seed": 3574196375220718887,
  "steps": 32,
  "total_reward": 92.32000000000001,
  "chase_count": 5,
  "samples": 32,
  "episode": 3236,
  "replay_size": 20000,
  "loss": 0.7498282790184021,
  "policy_loss": 0.7486249208450317,
  "value_loss": 0.001203365798573941
}
{
  "seed": 4106613084983101605,
  "steps": 28,
  "total_reward": 93.66000000000003,
  "chase_count": 4,
  "samples": 28,
  "episode": 3237,
  "replay_size": 20000,
  "loss": 0.7392751276493073,
  "policy_loss": 0.7380577921867371,
  "value_loss": 0.001217331038787961
}
{
  "seed": 4164557237155250428,
  "steps": 38,
  "total_reward": 87.35000000000002,
  "chase_count": 4,
  "samples": 38,
  "episode": 3238,
  "replay_size": 20000,
  "loss": 0.8276673555374146,
  "policy_loss": 0.826240748167038,
  "value_loss": 0.0014266158686950803
}
{
  "seed": 8406283129713334533,
  "steps": 36,
  "total_reward": 106.20000000000002,
  "chase_count": 5,
  "samples": 36,
  "episode": 3239,
  "replay_size": 20000,
  "loss": 0.789054661989212,
  "policy_loss": 0.7878649532794952,
  "value_loss": 0.001189721078844741
}
{
  "seed": 979498302563179722,
  "steps": 37,
  "total_reward": 94.60000000000001,
  "chase_count": 5,
  "samples": 37,
  "episode": 3240,
  "replay_size": 20000,
  "loss": 0.7893178462982178,
  "policy_loss": 0.7880755364894867,
  "value_loss": 0.0012423002626746893
}
{
  "seed": 1718296394637880744,
  "steps": 29,
  "total_reward": 108.93,
  "chase_count": 4,
  "samples": 29,
  "episode": 3241,
  "replay_size": 20000,
  "loss": 0.7020259201526642,
  "policy_loss": 0.7003292143344879,
  "value_loss": 0.0016967212432064116
}
{
  "seed": 222187376770651668,
  "steps": 35,
  "total_reward": 101.29000000000003,
  "chase_count": 4,
  "samples": 35,
  "episode": 3242,
  "replay_size": 20000,
  "loss": 0.7501603364944458,
  "policy_loss": 0.7490118443965912,
  "value_loss": 0.0011484868009574711
}
{
  "seed": 2049913534528777658,
  "steps": 32,
  "total_reward": 82.78,
  "chase_count": 5,
  "samples": 32,
  "episode": 3243,
  "replay_size": 20000,
  "loss": 0.799429714679718,
  "policy_loss": 0.797449141740799,
  "value_loss": 0.001980586792342365
}
{
  "seed": 4536433620816996302,
  "steps": 33,
  "total_reward": 72.30999999999999,
  "chase_count": 5,
  "samples": 33,
  "episode": 3244,
  "replay_size": 20000,
  "loss": 0.8834937810897827,
  "policy_loss": 0.8819339871406555,
  "value_loss": 0.0015597962483298033
}
{
  "seed": 3072462444817868538,
  "steps": 34,
  "total_reward": 71.05000000000001,
  "chase_count": 5,
  "samples": 34,
  "episode": 3245,
  "replay_size": 20000,
  "loss": 0.8104329705238342,
  "policy_loss": 0.8086968064308167,
  "value_loss": 0.0017361752106808126
}
{
  "seed": 1750190772092316012,
  "steps": 34,
  "total_reward": 104.89000000000003,
  "chase_count": 4,
  "samples": 34,
  "episode": 3246,
  "replay_size": 20000,
  "loss": 0.8017333149909973,
  "policy_loss": 0.7999250888824463,
  "value_loss": 0.0018082289025187492
}
{
  "seed": 1658659856682358011,
  "steps": 29,
  "total_reward": 92.24000000000002,
  "chase_count": 4,
  "samples": 29,
  "episode": 3247,
  "replay_size": 20000,
  "loss": 0.7485530078411102,
  "policy_loss": 0.747498482465744,
  "value_loss": 0.0010545167315285653
}
{
  "seed": 1879109560928510442,
  "steps": 31,
  "total_reward": 73.99000000000001,
  "chase_count": 5,
  "samples": 31,
  "episode": 3248,
  "replay_size": 20000,
  "loss": 0.8846842348575592,
  "policy_loss": 0.883225291967392,
  "value_loss": 0.0014589482452720404
}
{
  "seed": 327117828886343799,
  "steps": 34,
  "total_reward": 76.02000000000001,
  "chase_count": 5,
  "samples": 34,
  "episode": 3249,
  "replay_size": 20000,
  "loss": 0.7557343542575836,
  "policy_loss": 0.7544684708118439,
  "value_loss": 0.0012658672058023512
}
{
  "seed": 8327283278125763895,
  "steps": 33,
  "total_reward": 81.69000000000003,
  "chase_count": 5,
  "samples": 33,
  "episode": 3250,
  "replay_size": 20000,
  "loss": 0.822323352098465,
  "policy_loss": 0.8209933638572693,
  "value_loss": 0.0013299942365847528
}
{
  "seed": 5353350488237950812,
  "steps": 43,
  "total_reward": 107.19000000000003,
  "chase_count": 4,
  "samples": 43,
  "episode": 3251,
  "replay_size": 20000,
  "loss": 0.8153544068336487,
  "policy_loss": 0.8134476840496063,
  "value_loss": 0.0019067361135967076
}
{
  "seed": 8879763749724915829,
  "steps": 37,
  "total_reward": 113.82000000000002,
  "chase_count": 4,
  "samples": 37,
  "episode": 3252,
  "replay_size": 20000,
  "loss": 0.8212611079216003,
  "policy_loss": 0.8201728165149689,
  "value_loss": 0.0010882716160267591
}
{
  "seed": 3716481446513328428,
  "steps": 26,
  "total_reward": 87.20000000000002,
  "chase_count": 4,
  "samples": 26,
  "episode": 3253,
  "replay_size": 20000,
  "loss": 0.8302743136882782,
  "policy_loss": 0.8289314806461334,
  "value_loss": 0.0013428120291791856
}
{
  "seed": 5100303061441630885,
  "steps": 34,
  "total_reward": 102.31000000000002,
  "chase_count": 3,
  "samples": 34,
  "episode": 3254,
  "replay_size": 20000,
  "loss": 0.7807665765285492,
  "policy_loss": 0.7789411246776581,
  "value_loss": 0.001825439918320626
}
{
  "seed": 8103526261408671136,
  "steps": 29,
  "total_reward": 74.02000000000001,
  "chase_count": 5,
  "samples": 29,
  "episode": 3255,
  "replay_size": 20000,
  "loss": 0.888679176568985,
  "policy_loss": 0.8870945572853088,
  "value_loss": 0.0015846213791519403
}
{
  "seed": 6579061027991458854,
  "steps": 36,
  "total_reward": 62.61999999999999,
  "chase_count": 3,
  "samples": 36,
  "episode": 3256,
  "replay_size": 20000,
  "loss": 0.7738608121871948,
  "policy_loss": 0.772779643535614,
  "value_loss": 0.0010811712127178907
}
{
  "seed": 7340760840607927898,
  "steps": 29,
  "total_reward": 79.60000000000001,
  "chase_count": 5,
  "samples": 29,
  "episode": 3257,
  "replay_size": 20000,
  "loss": 0.8661263287067413,
  "policy_loss": 0.8641866743564606,
  "value_loss": 0.0019396748393774033
}
{
  "seed": 2516271755297657603,
  "steps": 40,
  "total_reward": 104.89000000000003,
  "chase_count": 4,
  "samples": 40,
  "episode": 3258,
  "replay_size": 20000,
  "loss": 0.8805085122585297,
  "policy_loss": 0.8789967000484467,
  "value_loss": 0.0015118037117645144
}
{
  "seed": 3223340871023515862,
  "steps": 37,
  "total_reward": 134.73000000000005,
  "chase_count": 2,
  "samples": 37,
  "episode": 3259,
  "replay_size": 20000,
  "loss": 0.8334046304225922,
  "policy_loss": 0.8316879272460938,
  "value_loss": 0.0017166982288472354
}
{
  "seed": 4892965716310304706,
  "steps": 36,
  "total_reward": 90.68000000000002,
  "chase_count": 4,
  "samples": 36,
  "episode": 3260,
  "replay_size": 20000,
  "loss": 0.8314598798751831,
  "policy_loss": 0.8301667869091034,
  "value_loss": 0.0012931051605846733
}
{
  "seed": 4612636024717657037,
  "steps": 31,
  "total_reward": 85.48000000000002,
  "chase_count": 5,
  "samples": 31,
  "episode": 3261,
  "replay_size": 20000,
  "loss": 0.8319029808044434,
  "policy_loss": 0.8303935825824738,
  "value_loss": 0.001509396475739777
}
{
  "seed": 8735763227107006936,
  "steps": 43,
  "total_reward": 124.63000000000007,
  "chase_count": 4,
  "samples": 43,
  "episode": 3262,
  "replay_size": 20000,
  "loss": 0.7886483073234558,
  "policy_loss": 0.7873202860355377,
  "value_loss": 0.0013280174462124705
}
{
  "seed": 8350382931471659070,
  "steps": 36,
  "total_reward": 118.13000000000002,
  "chase_count": 5,
  "samples": 36,
  "episode": 3263,
  "replay_size": 20000,
  "loss": 0.8042616248130798,
  "policy_loss": 0.8024925291538239,
  "value_loss": 0.0017691155662760139
}
{
  "seed": 5922960993889170690,
  "steps": 39,
  "total_reward": 119.52000000000002,
  "chase_count": 5,
  "samples": 39,
  "episode": 3264,
  "replay_size": 20000,
  "loss": 0.8240792155265808,
  "policy_loss": 0.822902649641037,
  "value_loss": 0.0011765631497837603
}
{
  "seed": 1925880298364369716,
  "steps": 35,
  "total_reward": 124.62000000000003,
  "chase_count": 5,
  "samples": 35,
  "episode": 3265,
  "replay_size": 20000,
  "loss": 0.8110061287879944,
  "policy_loss": 0.8099316656589508,
  "value_loss": 0.001074471336323768
}
{
  "seed": 6975732702490475666,
  "steps": 28,
  "total_reward": 103.93,
  "chase_count": 5,
  "samples": 28,
  "episode": 3266,
  "replay_size": 20000,
  "loss": 0.7470737993717194,
  "policy_loss": 0.7454956471920013,
  "value_loss": 0.0015781353577040136
}
{
  "seed": 2139975456631407523,
  "steps": 38,
  "total_reward": 86.40000000000003,
  "chase_count": 4,
  "samples": 38,
  "episode": 3267,
  "replay_size": 20000,
  "loss": 0.7555343806743622,
  "policy_loss": 0.7540163695812225,
  "value_loss": 0.0015180168556980789
}
{
  "seed": 2061692317479902958,
  "steps": 31,
  "total_reward": 93.4,
  "chase_count": 4,
  "samples": 31,
  "episode": 3268,
  "replay_size": 20000,
  "loss": 0.7905687093734741,
  "policy_loss": 0.7891440689563751,
  "value_loss": 0.0014246456557884812
}
{
  "seed": 2676155616549775928,
  "steps": 32,
  "total_reward": 132.36,
  "chase_count": 2,
  "samples": 32,
  "episode": 3269,
  "replay_size": 20000,
  "loss": 0.7788539528846741,
  "policy_loss": 0.7771615087985992,
  "value_loss": 0.0016924533410929143
}
{
  "seed": 8137480217417574426,
  "steps": 31,
  "total_reward": 83.97000000000003,
  "chase_count": 4,
  "samples": 31,
  "episode": 3270,
  "replay_size": 20000,
  "loss": 0.9013194739818573,
  "policy_loss": 0.8999684751033783,
  "value_loss": 0.00135099672479555
}
{
  "seed": 4303995575618899760,
  "steps": 34,
  "total_reward": 118.01000000000002,
  "chase_count": 4,
  "samples": 34,
  "episode": 3271,
  "replay_size": 20000,
  "loss": 0.7772564888000488,
  "policy_loss": 0.7760850489139557,
  "value_loss": 0.0011714438442140818
}
{
  "seed": 50646003444009901,
  "steps": 31,
  "total_reward": 98.97000000000003,
  "chase_count": 5,
  "samples": 31,
  "episode": 3272,
  "replay_size": 20000,
  "loss": 0.8042530119419098,
  "policy_loss": 0.8025209307670593,
  "value_loss": 0.0017320617916993797
}
{
  "seed": 3597249063560592012,
  "steps": 38,
  "total_reward": 70.72,
  "chase_count": 5,
  "samples": 38,
  "episode": 3273,
  "replay_size": 20000,
  "loss": 0.8201290369033813,
  "policy_loss": 0.8185425996780396,
  "value_loss": 0.001586451893672347
}
{
  "seed": 994246477979238861,
  "steps": 28,
  "total_reward": 79.09,
  "chase_count": 5,
  "samples": 28,
  "episode": 3274,
  "replay_size": 20000,
  "loss": 0.7754472196102142,
  "policy_loss": 0.7741002440452576,
  "value_loss": 0.0013469767873175442
}
{
  "seed": 7392117352359886905,
  "steps": 35,
  "total_reward": 75.78999999999999,
  "chase_count": 5,
  "samples": 35,
  "episode": 3275,
  "replay_size": 20000,
  "loss": 0.873274564743042,
  "policy_loss": 0.8714995980262756,
  "value_loss": 0.0017749574035406113
}
{
  "seed": 2794872780692716759,
  "steps": 36,
  "total_reward": 90.62000000000002,
  "chase_count": 3,
  "samples": 36,
  "episode": 3276,
  "replay_size": 20000,
  "loss": 0.8674851059913635,
  "policy_loss": 0.8661121129989624,
  "value_loss": 0.001373001141473651
}
{
  "seed": 356142572735344752,
  "steps": 33,
  "total_reward": 111.80000000000001,
  "chase_count": 5,
  "samples": 33,
  "episode": 3277,
  "replay_size": 20000,
  "loss": 0.8554397523403168,
  "policy_loss": 0.8538981676101685,
  "value_loss": 0.0015415837988257408
}
{
  "seed": 2313667947360369779,
  "steps": 42,
  "total_reward": 127.38000000000004,
  "chase_count": 3,
  "samples": 42,
  "episode": 3278,
  "replay_size": 20000,
  "loss": 0.7897881865501404,
  "policy_loss": 0.788165956735611,
  "value_loss": 0.0016222434933297336
}
{
  "seed": 4945169324944007964,
  "steps": 32,
  "total_reward": 105.03000000000003,
  "chase_count": 3,
  "samples": 32,
  "episode": 3279,
  "replay_size": 20000,
  "loss": 0.8501774966716766,
  "policy_loss": 0.8486156761646271,
  "value_loss": 0.0015618300531059504
}
{
  "seed": 5352002559449104737,
  "steps": 27,
  "total_reward": 96.09,
  "chase_count": 4,
  "samples": 27,
  "episode": 3280,
  "replay_size": 20000,
  "loss": 0.8174587488174438,
  "policy_loss": 0.8157963752746582,
  "value_loss": 0.0016623956325929612
}
{
  "seed": 6873871629951991906,
  "steps": 30,
  "total_reward": 82.11000000000001,
  "chase_count": 4,
  "samples": 30,
  "episode": 3281,
  "replay_size": 20000,
  "loss": 0.8009051978588104,
  "policy_loss": 0.7994731664657593,
  "value_loss": 0.0014320050249807537
}
{
  "seed": 6331378173884181145,
  "steps": 36,
  "total_reward": 111.02000000000002,
  "chase_count": 4,
  "samples": 36,
  "episode": 3282,
  "replay_size": 20000,
  "loss": 0.7791325151920319,
  "policy_loss": 0.7774478793144226,
  "value_loss": 0.0016846231883391738
}
{
  "seed": 4803047598968922562,
  "steps": 34,
  "total_reward": 83.58000000000001,
  "chase_count": 3,
  "samples": 34,
  "episode": 3283,
  "replay_size": 20000,
  "loss": 0.8125265538692474,
  "policy_loss": 0.8113267421722412,
  "value_loss": 0.0011997924302704632
}
{
  "seed": 5559298690466157954,
  "steps": 34,
  "total_reward": 83.42999999999999,
  "chase_count": 5,
  "samples": 34,
  "episode": 3284,
  "replay_size": 20000,
  "loss": 0.8456666767597198,
  "policy_loss": 0.8441770672798157,
  "value_loss": 0.0014896196080371737
}
{
  "seed": 1297719178248013132,
  "steps": 36,
  "total_reward": 71.54000000000002,
  "chase_count": 4,
  "samples": 36,
  "episode": 3285,
  "replay_size": 20000,
  "loss": 0.7513165175914764,
  "policy_loss": 0.7496011257171631,
  "value_loss": 0.0017153826192952693
}
{
  "seed": 4733709917884593997,
  "steps": 30,
  "total_reward": 81.67000000000002,
  "chase_count": 4,
  "samples": 30,
  "episode": 3286,
  "replay_size": 20000,
  "loss": 0.8827670812606812,
  "policy_loss": 0.8811734020709991,
  "value_loss": 0.0015936698764562607
}
{
  "seed": 8867803256180282305,
  "steps": 32,
  "total_reward": 100.97000000000003,
  "chase_count": 5,
  "samples": 32,
  "episode": 3287,
  "replay_size": 20000,
  "loss": 0.8302628099918365,
  "policy_loss": 0.8290003538131714,
  "value_loss": 0.0012624619994312525
}
{
  "seed": 250314501120067060,
  "steps": 26,
  "total_reward": 77.87000000000002,
  "chase_count": 5,
  "samples": 26,
  "episode": 3288,
  "replay_size": 20000,
  "loss": 0.8391165733337402,
  "policy_loss": 0.837298572063446,
  "value_loss": 0.0018180078477598727
}
{
  "seed": 89471364491431018,
  "steps": 31,
  "total_reward": 95.67000000000002,
  "chase_count": 4,
  "samples": 31,
  "episode": 3289,
  "replay_size": 20000,
  "loss": 0.7995557188987732,
  "policy_loss": 0.7983883619308472,
  "value_loss": 0.001167343056295067
}
{
  "seed": 8915232447882437047,
  "steps": 36,
  "total_reward": 94.94000000000001,
  "chase_count": 4,
  "samples": 36,
  "episode": 3290,
  "replay_size": 20000,
  "loss": 0.8537275493144989,
  "policy_loss": 0.8520808517932892,
  "value_loss": 0.001646678545512259
}
{
  "seed": 7672726652179254767,
  "steps": 27,
  "total_reward": 70.13999999999999,
  "chase_count": 5,
  "samples": 27,
  "episode": 3291,
  "replay_size": 20000,
  "loss": 0.8131682276725769,
  "policy_loss": 0.8120086789131165,
  "value_loss": 0.001159561681561172
}
{
  "seed": 6813424200592939344,
  "steps": 33,
  "total_reward": 90.66,
  "chase_count": 5,
  "samples": 33,
  "episode": 3292,
  "replay_size": 20000,
  "loss": 0.7902959585189819,
  "policy_loss": 0.7887817919254303,
  "value_loss": 0.0015141877229325473
}
{
  "seed": 1473556889128776059,
  "steps": 30,
  "total_reward": 90.22000000000003,
  "chase_count": 5,
  "samples": 30,
  "episode": 3293,
  "replay_size": 20000,
  "loss": 0.7912625968456268,
  "policy_loss": 0.7899391353130341,
  "value_loss": 0.0013234717480372638
}
{
  "seed": 6904371367840904324,
  "steps": 38,
  "total_reward": 86.24000000000001,
  "chase_count": 4,
  "samples": 38,
  "episode": 3294,
  "replay_size": 20000,
  "loss": 0.7945147454738617,
  "policy_loss": 0.7932564318180084,
  "value_loss": 0.0012583080679178238
}
{
  "seed": 1650393273812333586,
  "steps": 36,
  "total_reward": 108.89000000000003,
  "chase_count": 4,
  "samples": 36,
  "episode": 3295,
  "replay_size": 20000,
  "loss": 0.8651919364929199,
  "policy_loss": 0.8632069230079651,
  "value_loss": 0.0019850252429023385
}
{
  "seed": 405277380437220825,
  "steps": 31,
  "total_reward": 102.19000000000001,
  "chase_count": 3,
  "samples": 31,
  "episode": 3296,
  "replay_size": 20000,
  "loss": 0.7177052795886993,
  "policy_loss": 0.7164923250675201,
  "value_loss": 0.0012129362439736724
}
{
  "seed": 1685173190736212937,
  "steps": 27,
  "total_reward": 80.38,
  "chase_count": 5,
  "samples": 27,
  "episode": 3297,
  "replay_size": 20000,
  "loss": 0.8214803040027618,
  "policy_loss": 0.819543182849884,
  "value_loss": 0.0019371439120732248
}
{
  "seed": 7992195659112233384,
  "steps": 31,
  "total_reward": 100.58000000000001,
  "chase_count": 4,
  "samples": 31,
  "episode": 3298,
  "replay_size": 20000,
  "loss": 0.8245266377925873,
  "policy_loss": 0.8231904804706573,
  "value_loss": 0.001336142944637686
}
{
  "seed": 1086013755313027814,
  "steps": 34,
  "total_reward": 89.22000000000001,
  "chase_count": 5,
  "samples": 34,
  "episode": 3299,
  "replay_size": 20000,
  "loss": 0.7867242097854614,
  "policy_loss": 0.7851038575172424,
  "value_loss": 0.0016203676932491362
}
{
  "seed": 3964566658064226569,
  "steps": 32,
  "total_reward": 108.70000000000005,
  "chase_count": 4,
  "samples": 32,
  "episode": 3300,
  "replay_size": 20000,
  "loss": 0.7404509484767914,
  "policy_loss": 0.7391203343868256,
  "value_loss": 0.0013306171749718487
}
{
  "seed": 166157381191121167,
  "steps": 35,
  "total_reward": 104.21000000000002,
  "chase_count": 3,
  "samples": 35,
  "episode": 3301,
  "replay_size": 20000,
  "loss": 0.9047011435031891,
  "policy_loss": 0.9027608633041382,
  "value_loss": 0.001940295158419758
}
{
  "seed": 4336677773328596205,
  "steps": 32,
  "total_reward": 80.46000000000002,
  "chase_count": 5,
  "samples": 32,
  "episode": 3302,
  "replay_size": 20000,
  "loss": 0.8872082531452179,
  "policy_loss": 0.885829359292984,
  "value_loss": 0.0013788697542622685
}
{
  "seed": 8120784379695895198,
  "steps": 41,
  "total_reward": 94.91000000000003,
  "chase_count": 5,
  "samples": 41,
  "episode": 3303,
  "replay_size": 20000,
  "loss": 0.8981104493141174,
  "policy_loss": 0.8964110910892487,
  "value_loss": 0.0016993581666611135
}
{
  "seed": 3135618273654887629,
  "steps": 37,
  "total_reward": 107.02000000000001,
  "chase_count": 5,
  "samples": 37,
  "episode": 3304,
  "replay_size": 20000,
  "loss": 0.6787259876728058,
  "policy_loss": 0.6772708594799042,
  "value_loss": 0.0014551379717886448
}
{
  "seed": 8068346490593395336,
  "steps": 33,
  "total_reward": 134.43,
  "chase_count": 4,
  "samples": 33,
  "episode": 3305,
  "replay_size": 20000,
  "loss": 0.8678032159805298,
  "policy_loss": 0.8665470778942108,
  "value_loss": 0.001256135234143585
}
{
  "seed": 5201581721027123508,
  "steps": 35,
  "total_reward": 89.28,
  "chase_count": 5,
  "samples": 35,
  "episode": 3306,
  "replay_size": 20000,
  "loss": 0.7869924902915955,
  "policy_loss": 0.7857839167118073,
  "value_loss": 0.0012085683410987258
}
{
  "seed": 2200401273817117866,
  "steps": 26,
  "total_reward": 65.84,
  "chase_count": 5,
  "samples": 26,
  "episode": 3307,
  "replay_size": 20000,
  "loss": 0.8123332262039185,
  "policy_loss": 0.8111363351345062,
  "value_loss": 0.0011968970065936446
}
{
  "seed": 8437541439001826223,
  "steps": 48,
  "total_reward": 106.88000000000002,
  "chase_count": 4,
  "samples": 48,
  "episode": 3308,
  "replay_size": 20000,
  "loss": 0.8230678141117096,
  "policy_loss": 0.8218093812465668,
  "value_loss": 0.0012584398500621319
}
{
  "seed": 2925548184757503971,
  "steps": 32,
  "total_reward": 88.92000000000003,
  "chase_count": 5,
  "samples": 32,
  "episode": 3309,
  "replay_size": 20000,
  "loss": 0.7778998017311096,
  "policy_loss": 0.7765989005565643,
  "value_loss": 0.001300908683333546
}
{
  "seed": 4235622345772875454,
  "steps": 28,
  "total_reward": 73.28,
  "chase_count": 5,
  "samples": 28,
  "episode": 3310,
  "replay_size": 20000,
  "loss": 0.8563475906848907,
  "policy_loss": 0.8552510142326355,
  "value_loss": 0.0010965669061988592
}
{
  "seed": 8475709006048756126,
  "steps": 33,
  "total_reward": 114.42000000000002,
  "chase_count": 4,
  "samples": 33,
  "episode": 3311,
  "replay_size": 20000,
  "loss": 0.7701573073863983,
  "policy_loss": 0.7679196298122406,
  "value_loss": 0.002237681532278657
}
{
  "seed": 1141711679411781731,
  "steps": 35,
  "total_reward": 141.53000000000003,
  "chase_count": 2,
  "samples": 35,
  "episode": 3312,
  "replay_size": 20000,
  "loss": 0.7662495374679565,
  "policy_loss": 0.765015721321106,
  "value_loss": 0.0012337990337982774
}
{
  "seed": 6903762196483316182,
  "steps": 38,
  "total_reward": 112.77000000000004,
  "chase_count": 5,
  "samples": 38,
  "episode": 3313,
  "replay_size": 20000,
  "loss": 0.8021023273468018,
  "policy_loss": 0.8004851043224335,
  "value_loss": 0.0016172155155800283
}
{
  "seed": 3830560845990525273,
  "steps": 36,
  "total_reward": 119.54000000000005,
  "chase_count": 4,
  "samples": 36,
  "episode": 3314,
  "replay_size": 20000,
  "loss": 0.7817613184452057,
  "policy_loss": 0.7803825438022614,
  "value_loss": 0.001378769869916141
}
{
  "seed": 7147876637512085906,
  "steps": 34,
  "total_reward": 137.33000000000004,
  "chase_count": 3,
  "samples": 34,
  "episode": 3315,
  "replay_size": 20000,
  "loss": 0.8939869701862335,
  "policy_loss": 0.8923256695270538,
  "value_loss": 0.0016613028710708022
}
{
  "seed": 9000656103865483275,
  "steps": 34,
  "total_reward": 101.39000000000003,
  "chase_count": 5,
  "samples": 34,
  "episode": 3316,
  "replay_size": 20000,
  "loss": 0.7702102363109589,
  "policy_loss": 0.7686538696289062,
  "value_loss": 0.0015563680208288133
}
{
  "seed": 7787101477973619643,
  "steps": 29,
  "total_reward": 107.73,
  "chase_count": 5,
  "samples": 29,
  "episode": 3317,
  "replay_size": 20000,
  "loss": 0.843586802482605,
  "policy_loss": 0.8421214818954468,
  "value_loss": 0.001465326000470668
}
{
  "seed": 2142914892974981040,
  "steps": 33,
  "total_reward": 95.86000000000001,
  "chase_count": 5,
  "samples": 33,
  "episode": 3318,
  "replay_size": 20000,
  "loss": 0.7976526021957397,
  "policy_loss": 0.796094685792923,
  "value_loss": 0.0015579446335323155
}
{
  "seed": 2252007428511486757,
  "steps": 44,
  "total_reward": 117.55000000000004,
  "chase_count": 3,
  "samples": 44,
  "episode": 3319,
  "replay_size": 20000,
  "loss": 0.7424226403236389,
  "policy_loss": 0.7411301136016846,
  "value_loss": 0.0012925214832648635
}
{
  "seed": 4817080704134566831,
  "steps": 36,
  "total_reward": 121.17000000000002,
  "chase_count": 5,
  "samples": 36,
  "episode": 3320,
  "replay_size": 20000,
  "loss": 0.8506771922111511,
  "policy_loss": 0.8491667211055756,
  "value_loss": 0.0015104703488759696
}
{
  "seed": 6112042331548389095,
  "steps": 39,
  "total_reward": 107.67000000000002,
  "chase_count": 4,
  "samples": 39,
  "episode": 3321,
  "replay_size": 20000,
  "loss": 0.8218457996845245,
  "policy_loss": 0.8208943605422974,
  "value_loss": 0.0009514256671536714
}
{
  "seed": 6351707204323887643,
  "steps": 29,
  "total_reward": 113.96000000000001,
  "chase_count": 4,
  "samples": 29,
  "episode": 3322,
  "replay_size": 20000,
  "loss": 0.7710592150688171,
  "policy_loss": 0.769332617521286,
  "value_loss": 0.0017265958013013005
}
{
  "seed": 2823139643496386002,
  "steps": 32,
  "total_reward": 126.22999999999999,
  "chase_count": 4,
  "samples": 32,
  "episode": 3323,
  "replay_size": 20000,
  "loss": 0.854322761297226,
  "policy_loss": 0.8526245057582855,
  "value_loss": 0.0016982296365313232
}
{
  "seed": 466361840880558671,
  "steps": 32,
  "total_reward": 71.59000000000003,
  "chase_count": 4,
  "samples": 32,
  "episode": 3324,
  "replay_size": 20000,
  "loss": 0.8709950149059296,
  "policy_loss": 0.8692471981048584,
  "value_loss": 0.0017478253575973213
}
{
  "seed": 3754350781712392307,
  "steps": 30,
  "total_reward": 107.28000000000002,
  "chase_count": 5,
  "samples": 30,
  "episode": 3325,
  "replay_size": 20000,
  "loss": 0.8400332927703857,
  "policy_loss": 0.8388892710208893,
  "value_loss": 0.0011440320522524416
}
{
  "seed": 1147269748337258020,
  "steps": 36,
  "total_reward": 86.07999999999998,
  "chase_count": 5,
  "samples": 36,
  "episode": 3326,
  "replay_size": 20000,
  "loss": 0.7675936818122864,
  "policy_loss": 0.7659848034381866,
  "value_loss": 0.0016088844859041274
}
{
  "seed": 8271080696074444500,
  "steps": 34,
  "total_reward": 118.40000000000006,
  "chase_count": 5,
  "samples": 34,
  "episode": 3327,
  "replay_size": 20000,
  "loss": 0.8106829524040222,
  "policy_loss": 0.8092663586139679,
  "value_loss": 0.0014166110195219517
}
{
  "seed": 1263671871677661825,
  "steps": 30,
  "total_reward": 78.32000000000002,
  "chase_count": 5,
  "samples": 30,
  "episode": 3328,
  "replay_size": 20000,
  "loss": 0.9034512937068939,
  "policy_loss": 0.9021818041801453,
  "value_loss": 0.001269478932954371
}
{
  "seed": 6282128257715539023,
  "steps": 33,
  "total_reward": 81.48000000000002,
  "chase_count": 5,
  "samples": 33,
  "episode": 3329,
  "replay_size": 20000,
  "loss": 0.865459680557251,
  "policy_loss": 0.8640780448913574,
  "value_loss": 0.001381619949825108
}
{
  "seed": 8379457625638817640,
  "steps": 36,
  "total_reward": 68.83000000000001,
  "chase_count": 5,
  "samples": 36,
  "episode": 3330,
  "replay_size": 20000,
  "loss": 0.784716784954071,
  "policy_loss": 0.7828601896762848,
  "value_loss": 0.0018566054059192538
}
{
  "seed": 5609547804337710880,
  "steps": 37,
  "total_reward": 92.19000000000001,
  "chase_count": 4,
  "samples": 37,
  "episode": 3331,
  "replay_size": 20000,
  "loss": 0.733673483133316,
  "policy_loss": 0.7322833240032196,
  "value_loss": 0.001390147430356592
}
{
  "seed": 7477621821597177057,
  "steps": 27,
  "total_reward": 93.18,
  "chase_count": 5,
  "samples": 27,
  "episode": 3332,
  "replay_size": 20000,
  "loss": 0.7678644955158234,
  "policy_loss": 0.7666891813278198,
  "value_loss": 0.0011753076687455177
}
{
  "seed": 2976413743901333342,
  "steps": 28,
  "total_reward": 98.75000000000003,
  "chase_count": 4,
  "samples": 28,
  "episode": 3333,
  "replay_size": 20000,
  "loss": 0.9015363156795502,
  "policy_loss": 0.9002001881599426,
  "value_loss": 0.0013361062738113105
}
{
  "seed": 2667142866629472275,
  "steps": 29,
  "total_reward": 108.42000000000003,
  "chase_count": 5,
  "samples": 29,
  "episode": 3334,
  "replay_size": 20000,
  "loss": 0.7849172055721283,
  "policy_loss": 0.7835015952587128,
  "value_loss": 0.0014156066463328898
}
{
  "seed": 6723543186427511039,
  "steps": 32,
  "total_reward": 76.90000000000003,
  "chase_count": 5,
  "samples": 32,
  "episode": 3335,
  "replay_size": 20000,
  "loss": 0.8420127630233765,
  "policy_loss": 0.8408628702163696,
  "value_loss": 0.0011499130341690034
}
{
  "seed": 7393725701120357,
  "steps": 33,
  "total_reward": 107.96000000000001,
  "chase_count": 4,
  "samples": 33,
  "episode": 3336,
  "replay_size": 20000,
  "loss": 0.769081711769104,
  "policy_loss": 0.7678953409194946,
  "value_loss": 0.0011863558902405202
}
{
  "seed": 3225491505173705410,
  "steps": 39,
  "total_reward": 102.14000000000001,
  "chase_count": 3,
  "samples": 39,
  "episode": 3337,
  "replay_size": 20000,
  "loss": 0.7871507406234741,
  "policy_loss": 0.7860282957553864,
  "value_loss": 0.0011224591289646924
}
{
  "seed": 1526242370220146621,
  "steps": 45,
  "total_reward": 126.23000000000005,
  "chase_count": 4,
  "samples": 45,
  "episode": 3338,
  "replay_size": 20000,
  "loss": 0.8574256300926208,
  "policy_loss": 0.8560111224651337,
  "value_loss": 0.001414534926880151
}
{
  "seed": 4622860301525932383,
  "steps": 26,
  "total_reward": 79.81000000000002,
  "chase_count": 5,
  "samples": 26,
  "episode": 3339,
  "replay_size": 20000,
  "loss": 0.8119042813777924,
  "policy_loss": 0.8103683590888977,
  "value_loss": 0.0015359394601546228
}
{
  "seed": 356722841372816126,
  "steps": 30,
  "total_reward": 101.97000000000001,
  "chase_count": 5,
  "samples": 30,
  "episode": 3340,
  "replay_size": 20000,
  "loss": 0.7697137892246246,
  "policy_loss": 0.7684338986873627,
  "value_loss": 0.00127990182954818
}
{
  "seed": 537492895719295851,
  "steps": 38,
  "total_reward": 104.86000000000001,
  "chase_count": 4,
  "samples": 38,
  "episode": 3341,
  "replay_size": 20000,
  "loss": 0.8186675906181335,
  "policy_loss": 0.8172789216041565,
  "value_loss": 0.0013886544620618224
}
{
  "seed": 4635987405648697035,
  "steps": 35,
  "total_reward": 99.59000000000002,
  "chase_count": 4,
  "samples": 35,
  "episode": 3342,
  "replay_size": 20000,
  "loss": 0.7966827750205994,
  "policy_loss": 0.7949730455875397,
  "value_loss": 0.0017097161617130041
}
{
  "seed": 8100066651061632452,
  "steps": 31,
  "total_reward": 69.88000000000002,
  "chase_count": 4,
  "samples": 31,
  "episode": 3343,
  "replay_size": 20000,
  "loss": 0.7450052201747894,
  "policy_loss": 0.7433722019195557,
  "value_loss": 0.0016330268699675798
}
{
  "seed": 4933818209727175562,
  "steps": 30,
  "total_reward": 107.23000000000002,
  "chase_count": 3,
  "samples": 30,
  "episode": 3344,
  "replay_size": 20000,
  "loss": 0.8214778304100037,
  "policy_loss": 0.8198606669902802,
  "value_loss": 0.0016171637689694762
}
{
  "seed": 1790718118453453588,
  "steps": 36,
  "total_reward": 93.75000000000001,
  "chase_count": 4,
  "samples": 36,
  "episode": 3345,
  "replay_size": 20000,
  "loss": 0.9084822833538055,
  "policy_loss": 0.9073452949523926,
  "value_loss": 0.00113699707435444
}
{
  "seed": 1948844213577037923,
  "steps": 38,
  "total_reward": 104.43000000000004,
  "chase_count": 5,
  "samples": 38,
  "episode": 3346,
  "replay_size": 20000,
  "loss": 0.7222777009010315,
  "policy_loss": 0.7207443416118622,
  "value_loss": 0.0015333599294535816
}
{
  "seed": 7010810363153663636,
  "steps": 40,
  "total_reward": 101.87000000000005,
  "chase_count": 4,
  "samples": 40,
  "episode": 3347,
  "replay_size": 20000,
  "loss": 0.8364536166191101,
  "policy_loss": 0.8352194428443909,
  "value_loss": 0.0012341609690338373
}
{
  "seed": 7085815599333368657,
  "steps": 39,
  "total_reward": 89.60000000000002,
  "chase_count": 5,
  "samples": 39,
  "episode": 3348,
  "replay_size": 20000,
  "loss": 0.724958211183548,
  "policy_loss": 0.7237949073314667,
  "value_loss": 0.0011633012327365577
}
{
  "seed": 5707895652705849185,
  "steps": 30,
  "total_reward": 90.19000000000003,
  "chase_count": 5,
  "samples": 30,
  "episode": 3349,
  "replay_size": 20000,
  "loss": 0.8175337016582489,
  "policy_loss": 0.8158758878707886,
  "value_loss": 0.0016578127979300916
}
{
  "seed": 4649607379706907628,
  "steps": 33,
  "total_reward": 100.55000000000003,
  "chase_count": 4,
  "samples": 33,
  "episode": 3350,
  "replay_size": 20000,
  "loss": 0.8021958470344543,
  "policy_loss": 0.8009518086910248,
  "value_loss": 0.0012440665159374475
}
{
  "seed": 7894628727196618143,
  "steps": 34,
  "total_reward": 85.54000000000002,
  "chase_count": 5,
  "samples": 34,
  "episode": 3351,
  "replay_size": 20000,
  "loss": 0.6579963266849518,
  "policy_loss": 0.6562222838401794,
  "value_loss": 0.001774037315044552
}
{
  "seed": 8674665087599416322,
  "steps": 32,
  "total_reward": 108.56000000000004,
  "chase_count": 5,
  "samples": 32,
  "episode": 3352,
  "replay_size": 20000,
  "loss": 0.8225502371788025,
  "policy_loss": 0.8211008310317993,
  "value_loss": 0.0014494095812551677
}
{
  "seed": 9145037261428214230,
  "steps": 29,
  "total_reward": 89.21000000000004,
  "chase_count": 4,
  "samples": 29,
  "episode": 3353,
  "replay_size": 20000,
  "loss": 0.8239570558071136,
  "policy_loss": 0.8225547969341278,
  "value_loss": 0.001402252324623987
}
{
  "seed": 8905558680662310301,
  "steps": 32,
  "total_reward": 85.43000000000002,
  "chase_count": 5,
  "samples": 32,
  "episode": 3354,
  "replay_size": 20000,
  "loss": 0.8710940182209015,
  "policy_loss": 0.8694456815719604,
  "value_loss": 0.0016483207582496107
}
{
  "seed": 1760492092915034002,
  "steps": 36,
  "total_reward": 97.42000000000003,
  "chase_count": 3,
  "samples": 36,
  "episode": 3355,
  "replay_size": 20000,
  "loss": 0.8429974913597107,
  "policy_loss": 0.8422345519065857,
  "value_loss": 0.0007629400352016091
}
{
  "seed": 5487856252277143102,
  "steps": 30,
  "total_reward": 71.63000000000002,
  "chase_count": 5,
  "samples": 30,
  "episode": 3356,
  "replay_size": 20000,
  "loss": 0.8510920107364655,
  "policy_loss": 0.8493037819862366,
  "value_loss": 0.0017882093670777977
}
{
  "seed": 8187159269348786433,
  "steps": 35,
  "total_reward": 73.26000000000002,
  "chase_count": 4,
  "samples": 35,
  "episode": 3357,
  "replay_size": 20000,
  "loss": 0.7708081603050232,
  "policy_loss": 0.7694739699363708,
  "value_loss": 0.0013341899029910564
}
{
  "seed": 6134396731018452485,
  "steps": 30,
  "total_reward": 90.81,
  "chase_count": 4,
  "samples": 30,
  "episode": 3358,
  "replay_size": 20000,
  "loss": 0.8733665347099304,
  "policy_loss": 0.8715485334396362,
  "value_loss": 0.0018180218758061528
}
{
  "seed": 6047127761040193415,
  "steps": 34,
  "total_reward": 77.34,
  "chase_count": 5,
  "samples": 34,
  "episode": 3359,
  "replay_size": 20000,
  "loss": 0.8634630739688873,
  "policy_loss": 0.8618970811367035,
  "value_loss": 0.001565996091812849
}
{
  "seed": 4939160397117415843,
  "steps": 30,
  "total_reward": 101.96000000000002,
  "chase_count": 5,
  "samples": 30,
  "episode": 3360,
  "replay_size": 20000,
  "loss": 0.7695719003677368,
  "policy_loss": 0.7682468593120575,
  "value_loss": 0.0013250588672235608
}
{
  "seed": 5482046069418814931,
  "steps": 30,
  "total_reward": 98.34,
  "chase_count": 4,
  "samples": 30,
  "episode": 3361,
  "replay_size": 20000,
  "loss": 0.7882317006587982,
  "policy_loss": 0.7870523035526276,
  "value_loss": 0.0011794156162068248
}
{
  "seed": 4036586182244993849,
  "steps": 35,
  "total_reward": 104.12000000000002,
  "chase_count": 3,
  "samples": 35,
  "episode": 3362,
  "replay_size": 20000,
  "loss": 0.8206994235515594,
  "policy_loss": 0.819390743970871,
  "value_loss": 0.0013086819380987436
}
{
  "seed": 5293323790743598320,
  "steps": 36,
  "total_reward": 101.58000000000001,
  "chase_count": 5,
  "samples": 36,
  "episode": 3363,
  "replay_size": 20000,
  "loss": 0.7990508377552032,
  "policy_loss": 0.7980299293994904,
  "value_loss": 0.001020922209136188
}
{
  "seed": 5075599890269535810,
  "steps": 29,
  "total_reward": 107.09,
  "chase_count": 5,
  "samples": 29,
  "episode": 3364,
  "replay_size": 20000,
  "loss": 0.7936777174472809,
  "policy_loss": 0.7920737564563751,
  "value_loss": 0.0016039445181377232
}
{
  "seed": 8393998007758348015,
  "steps": 42,
  "total_reward": 140.54000000000002,
  "chase_count": 4,
  "samples": 42,
  "episode": 3365,
  "replay_size": 20000,
  "loss": 0.8975605964660645,
  "policy_loss": 0.8960182666778564,
  "value_loss": 0.0015423502773046494
}
{
  "seed": 8756447549423021470,
  "steps": 34,
  "total_reward": 110.65000000000002,
  "chase_count": 4,
  "samples": 34,
  "episode": 3366,
  "replay_size": 20000,
  "loss": 0.7756270170211792,
  "policy_loss": 0.7738887667655945,
  "value_loss": 0.001738229242619127
}
{
  "seed": 3315391449272442296,
  "steps": 35,
  "total_reward": 99.93000000000002,
  "chase_count": 4,
  "samples": 35,
  "episode": 3367,
  "replay_size": 20000,
  "loss": 0.6826111674308777,
  "policy_loss": 0.6812880337238312,
  "value_loss": 0.0013231488410383463
}
{
  "seed": 2980345939906749126,
  "steps": 24,
  "total_reward": 84.58000000000001,
  "chase_count": 5,
  "samples": 24,
  "episode": 3368,
  "replay_size": 20000,
  "loss": 0.8634730875492096,
  "policy_loss": 0.8616012632846832,
  "value_loss": 0.0018718237988650799
}
{
  "seed": 8907653175998711276,
  "steps": 41,
  "total_reward": 92.17000000000002,
  "chase_count": 5,
  "samples": 41,
  "episode": 3369,
  "replay_size": 20000,
  "loss": 0.7388330399990082,
  "policy_loss": 0.7373465299606323,
  "value_loss": 0.0014865208650007844
}
{
  "seed": 3632665455801384001,
  "steps": 27,
  "total_reward": 84.17000000000002,
  "chase_count": 5,
  "samples": 27,
  "episode": 3370,
  "replay_size": 20000,
  "loss": 0.6950120627880096,
  "policy_loss": 0.6934726536273956,
  "value_loss": 0.0015394134679809213
}
{
  "seed": 5134751106805082009,
  "steps": 33,
  "total_reward": 121.80000000000005,
  "chase_count": 5,
  "samples": 33,
  "episode": 3371,
  "replay_size": 20000,
  "loss": 0.8049498796463013,
  "policy_loss": 0.8032641410827637,
  "value_loss": 0.0016857284936122596
}
{
  "seed": 2885011999946251603,
  "steps": 33,
  "total_reward": 91.60000000000002,
  "chase_count": 4,
  "samples": 33,
  "episode": 3372,
  "replay_size": 20000,
  "loss": 0.8880101442337036,
  "policy_loss": 0.886762797832489,
  "value_loss": 0.0012473411625251174
}
{
  "seed": 2558028819461703446,
  "steps": 42,
  "total_reward": 108.99000000000004,
  "chase_count": 2,
  "samples": 42,
  "episode": 3373,
  "replay_size": 20000,
  "loss": 0.7493897080421448,
  "policy_loss": 0.7473384737968445,
  "value_loss": 0.0020512303453870118
}
{
  "seed": 4423593460477403393,
  "steps": 41,
  "total_reward": 91.69000000000003,
  "chase_count": 4,
  "samples": 41,
  "episode": 3374,
  "replay_size": 20000,
  "loss": 0.8663020431995392,
  "policy_loss": 0.8647116720676422,
  "value_loss": 0.0015903658349998295
}
{
  "seed": 1776113775665818226,
  "steps": 41,
  "total_reward": 110.99000000000004,
  "chase_count": 3,
  "samples": 41,
  "episode": 3375,
  "replay_size": 20000,
  "loss": 0.8325336277484894,
  "policy_loss": 0.8310849666595459,
  "value_loss": 0.0014486637664958835
}
{
  "seed": 534773813294638743,
  "steps": 37,
  "total_reward": 89.27000000000001,
  "chase_count": 4,
  "samples": 37,
  "episode": 3376,
  "replay_size": 20000,
  "loss": 0.7484493255615234,
  "policy_loss": 0.7472640872001648,
  "value_loss": 0.001185241126222536
}
{
  "seed": 863386018973669987,
  "steps": 31,
  "total_reward": 96.65,
  "chase_count": 4,
  "samples": 31,
  "episode": 3377,
  "replay_size": 20000,
  "loss": 0.7858922481536865,
  "policy_loss": 0.7849898338317871,
  "value_loss": 0.0009024023893289268
}
{
  "seed": 9169047277785528203,
  "steps": 37,
  "total_reward": 117.82000000000002,
  "chase_count": 5,
  "samples": 37,
  "episode": 3378,
  "replay_size": 20000,
  "loss": 0.7149516642093658,
  "policy_loss": 0.7134255766868591,
  "value_loss": 0.001526106323581189
}
{
  "seed": 8300117148005209197,
  "steps": 38,
  "total_reward": 74.36000000000001,
  "chase_count": 4,
  "samples": 38,
  "episode": 3379,
  "replay_size": 20000,
  "loss": 0.9045908153057098,
  "policy_loss": 0.9032331109046936,
  "value_loss": 0.0013576892670243979
}
{
  "seed": 9114423988411981489,
  "steps": 31,
  "total_reward": 102.75000000000003,
  "chase_count": 5,
  "samples": 31,
  "episode": 3380,
  "replay_size": 20000,
  "loss": 0.9119478762149811,
  "policy_loss": 0.9110243618488312,
  "value_loss": 0.0009235248144250363
}
{
  "seed": 8847278313553626837,
  "steps": 35,
  "total_reward": 92.42000000000002,
  "chase_count": 4,
  "samples": 35,
  "episode": 3381,
  "replay_size": 20000,
  "loss": 0.8454224765300751,
  "policy_loss": 0.8439304828643799,
  "value_loss": 0.0014919864479452372
}
{
  "seed": 8563670494319322858,
  "steps": 28,
  "total_reward": 101.33000000000001,
  "chase_count": 4,
  "samples": 28,
  "episode": 3382,
  "replay_size": 20000,
  "loss": 0.7591897249221802,
  "policy_loss": 0.7575184404850006,
  "value_loss": 0.0016713046934455633
}
{
  "seed": 2300885117787888466,
  "steps": 38,
  "total_reward": 100.14000000000004,
  "chase_count": 5,
  "samples": 38,
  "episode": 3383,
  "replay_size": 20000,
  "loss": 0.7670041620731354,
  "policy_loss": 0.7653991281986237,
  "value_loss": 0.0016050266567617655
}
{
  "seed": 1504240977988802664,
  "steps": 33,
  "total_reward": 99.48000000000005,
  "chase_count": 4,
  "samples": 33,
  "episode": 3384,
  "replay_size": 20000,
  "loss": 0.8691530525684357,
  "policy_loss": 0.8675923943519592,
  "value_loss": 0.0015606574597768486
}
{
  "seed": 4973780735279044693,
  "steps": 27,
  "total_reward": 94.03000000000002,
  "chase_count": 4,
  "samples": 27,
  "episode": 3385,
  "replay_size": 20000,
  "loss": 0.7907268404960632,
  "policy_loss": 0.7890557646751404,
  "value_loss": 0.0016710692434571683
}
{
  "seed": 4901848157447286183,
  "steps": 27,
  "total_reward": 93.06,
  "chase_count": 5,
  "samples": 27,
  "episode": 3386,
  "replay_size": 20000,
  "loss": 0.7594663798809052,
  "policy_loss": 0.7580068409442902,
  "value_loss": 0.001459519611671567
}
{
  "seed": 4455663197229854489,
  "steps": 32,
  "total_reward": 96.16,
  "chase_count": 4,
  "samples": 32,
  "episode": 3387,
  "replay_size": 20000,
  "loss": 0.8046649694442749,
  "policy_loss": 0.803191214799881,
  "value_loss": 0.0014737662277184427
}
{
  "seed": 3702413730002410456,
  "steps": 36,
  "total_reward": 97.03000000000003,
  "chase_count": 3,
  "samples": 36,
  "episode": 3388,
  "replay_size": 20000,
  "loss": 0.879217118024826,
  "policy_loss": 0.8779862523078918,
  "value_loss": 0.0012308666482567787
}
{
  "seed": 7105198008566858964,
  "steps": 33,
  "total_reward": 81.98000000000002,
  "chase_count": 5,
  "samples": 33,
  "episode": 3389,
  "replay_size": 20000,
  "loss": 0.825678139925003,
  "policy_loss": 0.8244893252849579,
  "value_loss": 0.0011888208682648838
}
{
  "seed": 6868391691981650583,
  "steps": 35,
  "total_reward": 120.02000000000001,
  "chase_count": 4,
  "samples": 35,
  "episode": 3390,
  "replay_size": 20000,
  "loss": 0.8619524538516998,
  "policy_loss": 0.8599425554275513,
  "value_loss": 0.0020099093089811504
}
{
  "seed": 7640668627682932926,
  "steps": 38,
  "total_reward": 76.84000000000003,
  "chase_count": 5,
  "samples": 38,
  "episode": 3391,
  "replay_size": 20000,
  "loss": 0.7939618825912476,
  "policy_loss": 0.7923722863197327,
  "value_loss": 0.0015896035474725068
}
{
  "seed": 7187634896240006798,
  "steps": 35,
  "total_reward": 132.27000000000004,
  "chase_count": 5,
  "samples": 35,
  "episode": 3392,
  "replay_size": 20000,
  "loss": 0.8105489611625671,
  "policy_loss": 0.8097156882286072,
  "value_loss": 0.0008332767465617508
}
{
  "seed": 5852023910217378785,
  "steps": 31,
  "total_reward": 104.65,
  "chase_count": 5,
  "samples": 31,
  "episode": 3393,
  "replay_size": 20000,
  "loss": 0.8279227614402771,
  "policy_loss": 0.8266298770904541,
  "value_loss": 0.001292878936510533
}
{
  "seed": 2937853566680967870,
  "steps": 44,
  "total_reward": 136.50000000000006,
  "chase_count": 2,
  "samples": 44,
  "episode": 3394,
  "replay_size": 20000,
  "loss": 0.7975413799285889,
  "policy_loss": 0.7960065603256226,
  "value_loss": 0.001534821407403797
}
{
  "seed": 3054133184041334116,
  "steps": 37,
  "total_reward": 104.67000000000002,
  "chase_count": 5,
  "samples": 37,
  "episode": 3395,
  "replay_size": 20000,
  "loss": 0.8273071348667145,
  "policy_loss": 0.8258183002471924,
  "value_loss": 0.0014888403238728642
}
{
  "seed": 6847087028126860404,
  "steps": 35,
  "total_reward": 92.37,
  "chase_count": 4,
  "samples": 35,
  "episode": 3396,
  "replay_size": 20000,
  "loss": 0.8066626489162445,
  "policy_loss": 0.8056477904319763,
  "value_loss": 0.0010148431465495378
}
{
  "seed": 1264276182742095886,
  "steps": 31,
  "total_reward": 94.32000000000001,
  "chase_count": 4,
  "samples": 31,
  "episode": 3397,
  "replay_size": 20000,
  "loss": 0.7306211590766907,
  "policy_loss": 0.7293648719787598,
  "value_loss": 0.0012562856718432158
}
{
  "seed": 1689202872342803049,
  "steps": 32,
  "total_reward": 100.95000000000002,
  "chase_count": 5,
  "samples": 32,
  "episode": 3398,
  "replay_size": 20000,
  "loss": 0.8347295522689819,
  "policy_loss": 0.8330575227737427,
  "value_loss": 0.0016720134299248457
}
{
  "seed": 2979131869611456736,
  "steps": 33,
  "total_reward": 99.72000000000003,
  "chase_count": 5,
  "samples": 33,
  "episode": 3399,
  "replay_size": 20000,
  "loss": 0.8148307502269745,
  "policy_loss": 0.8132882416248322,
  "value_loss": 0.0015425060410052538
}
{
  "seed": 7397711416268814538,
  "steps": 38,
  "total_reward": 115.51000000000003,
  "chase_count": 4,
  "samples": 38,
  "episode": 3400,
  "replay_size": 20000,
  "loss": 0.8347760140895844,
  "policy_loss": 0.8335137069225311,
  "value_loss": 0.0012623197981156409
}
{
  "seed": 7118474879804712517,
  "steps": 38,
  "total_reward": 90.13000000000002,
  "chase_count": 4,
  "samples": 38,
  "episode": 3401,
  "replay_size": 20000,
  "loss": 0.8095748126506805,
  "policy_loss": 0.80817511677742,
  "value_loss": 0.0013997036730870605
}
{
  "seed": 3501803249299185643,
  "steps": 36,
  "total_reward": 96.83000000000004,
  "chase_count": 5,
  "samples": 36,
  "episode": 3402,
  "replay_size": 20000,
  "loss": 0.7480684220790863,
  "policy_loss": 0.7464252710342407,
  "value_loss": 0.0016431579133495688
}
{
  "seed": 7542044348307256498,
  "steps": 29,
  "total_reward": 114.78000000000002,
  "chase_count": 5,
  "samples": 29,
  "episode": 3403,
  "replay_size": 20000,
  "loss": 0.7411343157291412,
  "policy_loss": 0.739572674036026,
  "value_loss": 0.0015616485616192222
}
{
  "seed": 2710829542576457282,
  "steps": 34,
  "total_reward": 105.10000000000002,
  "chase_count": 3,
  "samples": 34,
  "episode": 3404,
  "replay_size": 20000,
  "loss": 0.8520268499851227,
  "policy_loss": 0.8509985208511353,
  "value_loss": 0.0010283212759532034
}
{
  "seed": 4800759592565186016,
  "steps": 32,
  "total_reward": 97.39000000000004,
  "chase_count": 4,
  "samples": 32,
  "episode": 3405,
  "replay_size": 20000,
  "loss": 0.7988103926181793,
  "policy_loss": 0.7976360023021698,
  "value_loss": 0.0011743889190256596
}
{
  "seed": 2880663367281266888,
  "steps": 32,
  "total_reward": 95.93000000000002,
  "chase_count": 5,
  "samples": 32,
  "episode": 3406,
  "replay_size": 20000,
  "loss": 0.8945440351963043,
  "policy_loss": 0.8926893174648285,
  "value_loss": 0.0018547148210927844
}
{
  "seed": 723375594160671420,
  "steps": 31,
  "total_reward": 65.71000000000001,
  "chase_count": 5,
  "samples": 31,
  "episode": 3407,
  "replay_size": 20000,
  "loss": 0.8076103329658508,
  "policy_loss": 0.8062536716461182,
  "value_loss": 0.0013566678389906883
}
{
  "seed": 6162682424252217228,
  "steps": 29,
  "total_reward": 74.58000000000001,
  "chase_count": 5,
  "samples": 29,
  "episode": 3408,
  "replay_size": 20000,
  "loss": 0.7657601237297058,
  "policy_loss": 0.7641937136650085,
  "value_loss": 0.0015664187376387417
}
{
  "seed": 6784855105284323920,
  "steps": 34,
  "total_reward": 113.64000000000001,
  "chase_count": 3,
  "samples": 34,
  "episode": 3409,
  "replay_size": 20000,
  "loss": 0.7700960338115692,
  "policy_loss": 0.7683563232421875,
  "value_loss": 0.001739704457577318
}
{
  "seed": 4943385772158330623,
  "steps": 32,
  "total_reward": 90.81,
  "chase_count": 5,
  "samples": 32,
  "episode": 3410,
  "replay_size": 20000,
  "loss": 0.8226037919521332,
  "policy_loss": 0.821033775806427,
  "value_loss": 0.001570009655551985
}
{
  "seed": 525952115902672278,
  "steps": 26,
  "total_reward": 92.17,
  "chase_count": 5,
  "samples": 26,
  "episode": 3411,
  "replay_size": 20000,
  "loss": 0.8231845796108246,
  "policy_loss": 0.8210129141807556,
  "value_loss": 0.0021716805640608072
}
{
  "seed": 2197531605185409455,
  "steps": 42,
  "total_reward": 121.46000000000002,
  "chase_count": 3,
  "samples": 42,
  "episode": 3412,
  "replay_size": 20000,
  "loss": 0.8005826771259308,
  "policy_loss": 0.7992653846740723,
  "value_loss": 0.001317288726568222
}
{
  "seed": 7803653515619625859,
  "steps": 28,
  "total_reward": 99.67,
  "chase_count": 5,
  "samples": 28,
  "episode": 3413,
  "replay_size": 20000,
  "loss": 0.8518226742744446,
  "policy_loss": 0.8501758277416229,
  "value_loss": 0.0016468249377794564
}
{
  "seed": 7526343089818850383,
  "steps": 32,
  "total_reward": 89.03,
  "chase_count": 5,
  "samples": 32,
  "episode": 3414,
  "replay_size": 20000,
  "loss": 0.8056724667549133,
  "policy_loss": 0.8041598498821259,
  "value_loss": 0.0015126009529922158
}
{
  "seed": 2186972665835939967,
  "steps": 28,
  "total_reward": 84.13000000000002,
  "chase_count": 5,
  "samples": 28,
  "episode": 3415,
  "replay_size": 20000,
  "loss": 0.8954760134220123,
  "policy_loss": 0.8940055668354034,
  "value_loss": 0.0014704539789818227
}
{
  "seed": 67570689441728593,
  "steps": 34,
  "total_reward": 98.43000000000004,
  "chase_count": 4,
  "samples": 34,
  "episode": 3416,
  "replay_size": 20000,
  "loss": 0.816042423248291,
  "policy_loss": 0.8144535720348358,
  "value_loss": 0.0015888482448644936
}
{
  "seed": 1561486067641630934,
  "steps": 38,
  "total_reward": 84.45000000000005,
  "chase_count": 4,
  "samples": 38,
  "episode": 3417,
  "replay_size": 20000,
  "loss": 0.8045532703399658,
  "policy_loss": 0.8031993806362152,
  "value_loss": 0.0013538665953092277
}
{
  "seed": 7302447240750857896,
  "steps": 39,
  "total_reward": 113.21000000000004,
  "chase_count": 4,
  "samples": 39,
  "episode": 3418,
  "replay_size": 20000,
  "loss": 0.8326254785060883,
  "policy_loss": 0.8315027952194214,
  "value_loss": 0.0011226980714127421
}
{
  "seed": 7928109740456131305,
  "steps": 32,
  "total_reward": 102.70000000000002,
  "chase_count": 5,
  "samples": 32,
  "episode": 3419,
  "replay_size": 20000,
  "loss": 0.7732542455196381,
  "policy_loss": 0.7717895805835724,
  "value_loss": 0.00146467360900715
}
{
  "seed": 8420758239313957748,
  "steps": 38,
  "total_reward": 106.20000000000005,
  "chase_count": 2,
  "samples": 38,
  "episode": 3420,
  "replay_size": 20000,
  "loss": 0.7919368743896484,
  "policy_loss": 0.7902483642101288,
  "value_loss": 0.0016885182121768594
}
{
  "seed": 4709832561764368087,
  "steps": 28,
  "total_reward": 77.52000000000002,
  "chase_count": 5,
  "samples": 28,
  "episode": 3421,
  "replay_size": 20000,
  "loss": 0.8352477848529816,
  "policy_loss": 0.8338862061500549,
  "value_loss": 0.0013615707284770906
}
{
  "seed": 6061831931075474862,
  "steps": 34,
  "total_reward": 94.08000000000001,
  "chase_count": 5,
  "samples": 34,
  "episode": 3422,
  "replay_size": 20000,
  "loss": 0.8936439156532288,
  "policy_loss": 0.8919948935508728,
  "value_loss": 0.0016490099369548261
}
{
  "seed": 2995881610628942459,
  "steps": 41,
  "total_reward": 102.44000000000003,
  "chase_count": 5,
  "samples": 41,
  "episode": 3423,
  "replay_size": 20000,
  "loss": 0.8181718587875366,
  "policy_loss": 0.8167324364185333,
  "value_loss": 0.0014394464087672532
}
{
  "seed": 552029463162271143,
  "steps": 40,
  "total_reward": 117.88000000000002,
  "chase_count": 2,
  "samples": 40,
  "episode": 3424,
  "replay_size": 20000,
  "loss": 0.7650230228900909,
  "policy_loss": 0.7638616561889648,
  "value_loss": 0.0011613797396421432
}
{
  "seed": 2220674949388184403,
  "steps": 37,
  "total_reward": 119.35000000000004,
  "chase_count": 4,
  "samples": 37,
  "episode": 3425,
  "replay_size": 20000,
  "loss": 0.8666875064373016,
  "policy_loss": 0.8652060627937317,
  "value_loss": 0.0014814339810982347
}
{
  "seed": 1718680360384571862,
  "steps": 43,
  "total_reward": 117.20000000000005,
  "chase_count": 4,
  "samples": 43,
  "episode": 3426,
  "replay_size": 20000,
  "loss": 0.7695421874523163,
  "policy_loss": 0.7679236829280853,
  "value_loss": 0.0016184875858016312
}
{
  "seed": 1024763723159565301,
  "steps": 33,
  "total_reward": 75.71000000000001,
  "chase_count": 5,
  "samples": 33,
  "episode": 3427,
  "replay_size": 20000,
  "loss": 0.8265922665596008,
  "policy_loss": 0.8251708149909973,
  "value_loss": 0.0014214523253031075
}
{
  "seed": 5661267431420690872,
  "steps": 34,
  "total_reward": 104.25000000000004,
  "chase_count": 4,
  "samples": 34,
  "episode": 3428,
  "replay_size": 20000,
  "loss": 0.7894264161586761,
  "policy_loss": 0.7884805202484131,
  "value_loss": 0.0009458793501835316
}
{
  "seed": 6107470137938932815,
  "steps": 38,
  "total_reward": 107.57000000000004,
  "chase_count": 4,
  "samples": 38,
  "episode": 3429,
  "replay_size": 20000,
  "loss": 0.8359718322753906,
  "policy_loss": 0.8345468044281006,
  "value_loss": 0.0014250018866732717
}
{
  "seed": 3610002257081159257,
  "steps": 32,
  "total_reward": 113.25,
  "chase_count": 4,
  "samples": 32,
  "episode": 3430,
  "replay_size": 20000,
  "loss": 0.8561696410179138,
  "policy_loss": 0.8547549843788147,
  "value_loss": 0.0014146411558613181
}
{
  "seed": 2215060088676485101,
  "steps": 35,
  "total_reward": 89.86,
  "chase_count": 5,
  "samples": 35,
  "episode": 3431,
  "replay_size": 20000,
  "loss": 0.8106701076030731,
  "policy_loss": 0.809280127286911,
  "value_loss": 0.0013899857294745743
}
{
  "seed": 830973198340890642,
  "steps": 33,
  "total_reward": 101.10000000000002,
  "chase_count": 4,
  "samples": 33,
  "episode": 3432,
  "replay_size": 20000,
  "loss": 0.7930535972118378,
  "policy_loss": 0.7916878461837769,
  "value_loss": 0.0013657415402121842
}
{
  "seed": 2324898628731881050,
  "steps": 38,
  "total_reward": 99.49000000000002,
  "chase_count": 2,
  "samples": 38,
  "episode": 3433,
  "replay_size": 20000,
  "loss": 0.9000340402126312,
  "policy_loss": 0.8981966972351074,
  "value_loss": 0.0018373337225057185
}
{
  "seed": 73399970813182720,
  "steps": 37,
  "total_reward": 91.96000000000001,
  "chase_count": 4,
  "samples": 37,
  "episode": 3434,
  "replay_size": 20000,
  "loss": 0.7668280601501465,
  "policy_loss": 0.765435129404068,
  "value_loss": 0.0013929509441368282
}
{
  "seed": 7560758063711779226,
  "steps": 26,
  "total_reward": 94.69000000000003,
  "chase_count": 5,
  "samples": 26,
  "episode": 3435,
  "replay_size": 20000,
  "loss": 0.7927433550357819,
  "policy_loss": 0.7909682989120483,
  "value_loss": 0.0017750526894815266
}
{
  "seed": 8710105253970947710,
  "steps": 26,
  "total_reward": 78.03000000000003,
  "chase_count": 5,
  "samples": 26,
  "episode": 3436,
  "replay_size": 20000,
  "loss": 0.8726243674755096,
  "policy_loss": 0.8711390495300293,
  "value_loss": 0.0014852946624159813
}
{
  "seed": 6330179182777280453,
  "steps": 33,
  "total_reward": 97.05000000000004,
  "chase_count": 4,
  "samples": 33,
  "episode": 3437,
  "replay_size": 20000,
  "loss": 0.889823704957962,
  "policy_loss": 0.887910932302475,
  "value_loss": 0.0019127747509628534
}
{
  "seed": 7214039599408066262,
  "steps": 33,
  "total_reward": 100.49000000000001,
  "chase_count": 5,
  "samples": 33,
  "episode": 3438,
  "replay_size": 20000,
  "loss": 0.6767752170562744,
  "policy_loss": 0.6754225492477417,
  "value_loss": 0.0013526628026738763
}
{
  "seed": 2956778831138766429,
  "steps": 42,
  "total_reward": 106.94000000000005,
  "chase_count": 4,
  "samples": 42,
  "episode": 3439,
  "replay_size": 20000,
  "loss": 0.8381637334823608,
  "policy_loss": 0.8364066481590271,
  "value_loss": 0.0017571008065715432
}
{
  "seed": 7143085412754742186,
  "steps": 39,
  "total_reward": 74.19000000000001,
  "chase_count": 4,
  "samples": 39,
  "episode": 3440,
  "replay_size": 20000,
  "loss": 0.8671167492866516,
  "policy_loss": 0.8652132153511047,
  "value_loss": 0.001903525204397738
}
{
  "seed": 550242638433320973,
  "steps": 36,
  "total_reward": 129.26000000000002,
  "chase_count": 4,
  "samples": 36,
  "episode": 3441,
  "replay_size": 20000,
  "loss": 0.8212892413139343,
  "policy_loss": 0.8198448419570923,
  "value_loss": 0.0014443983673118055
}
{
  "seed": 5341359889077433599,
  "steps": 33,
  "total_reward": 86.20000000000002,
  "chase_count": 4,
  "samples": 33,
  "episode": 3442,
  "replay_size": 20000,
  "loss": 0.7629530131816864,
  "policy_loss": 0.761520504951477,
  "value_loss": 0.0014325084630399942
}
{
  "seed": 3715392520778867027,
  "steps": 30,
  "total_reward": 74.67,
  "chase_count": 5,
  "samples": 30,
  "episode": 3443,
  "replay_size": 20000,
  "loss": 0.8201690912246704,
  "policy_loss": 0.8187106549739838,
  "value_loss": 0.0014584145974367857
}
{
  "seed": 5672167240162514782,
  "steps": 34,
  "total_reward": 83.47,
  "chase_count": 4,
  "samples": 34,
  "episode": 3444,
  "replay_size": 20000,
  "loss": 0.7463085055351257,
  "policy_loss": 0.7446177899837494,
  "value_loss": 0.001690730219706893
}
{
  "seed": 7365352582847815465,
  "steps": 36,
  "total_reward": 111.56000000000003,
  "chase_count": 4,
  "samples": 36,
  "episode": 3445,
  "replay_size": 20000,
  "loss": 0.8556754887104034,
  "policy_loss": 0.8546085059642792,
  "value_loss": 0.00106697779847309
}
{
  "seed": 318478538385373297,
  "steps": 35,
  "total_reward": 79.13000000000002,
  "chase_count": 5,
  "samples": 35,
  "episode": 3446,
  "replay_size": 20000,
  "loss": 0.7483762204647064,
  "policy_loss": 0.7463331520557404,
  "value_loss": 0.0020430615404620767
}
{
  "seed": 6583775915967895731,
  "steps": 33,
  "total_reward": 97.59,
  "chase_count": 4,
  "samples": 33,
  "episode": 3447,
  "replay_size": 20000,
  "loss": 0.820153534412384,
  "policy_loss": 0.8187133967876434,
  "value_loss": 0.0014401344233192503
}
{
  "seed": 1309492077273133394,
  "steps": 37,
  "total_reward": 112.96000000000004,
  "chase_count": 4,
  "samples": 37,
  "episode": 3448,
  "replay_size": 20000,
  "loss": 0.8682667016983032,
  "policy_loss": 0.8668938875198364,
  "value_loss": 0.0013728227349929512
}
{
  "seed": 3355237638725612928,
  "steps": 25,
  "total_reward": 90.62,
  "chase_count": 3,
  "samples": 25,
  "episode": 3449,
  "replay_size": 20000,
  "loss": 0.7789627015590668,
  "policy_loss": 0.777383953332901,
  "value_loss": 0.0015787578886374831
}
{
  "seed": 2154043565930353819,
  "steps": 33,
  "total_reward": 90.58000000000001,
  "chase_count": 5,
  "samples": 33,
  "episode": 3450,
  "replay_size": 20000,
  "loss": 0.7864333689212799,
  "policy_loss": 0.7846902906894684,
  "value_loss": 0.0017430931911803782
}
{
  "seed": 3341663664309967442,
  "steps": 42,
  "total_reward": 125.40000000000003,
  "chase_count": 5,
  "samples": 42,
  "episode": 3451,
  "replay_size": 20000,
  "loss": 0.7512162923812866,
  "policy_loss": 0.7502113282680511,
  "value_loss": 0.00100497726816684
}
{
  "seed": 5982122602285752421,
  "steps": 33,
  "total_reward": 107.68,
  "chase_count": 3,
  "samples": 33,
  "episode": 3452,
  "replay_size": 20000,
  "loss": 0.7896229326725006,
  "policy_loss": 0.7883483171463013,
  "value_loss": 0.001274616428418085
}
{
  "seed": 7484196900635898225,
  "steps": 29,
  "total_reward": 105.88000000000002,
  "chase_count": 4,
  "samples": 29,
  "episode": 3453,
  "replay_size": 20000,
  "loss": 0.8628745675086975,
  "policy_loss": 0.8615546822547913,
  "value_loss": 0.0013198704982642084
}
{
  "seed": 3319493247807124025,
  "steps": 34,
  "total_reward": 77.87,
  "chase_count": 4,
  "samples": 34,
  "episode": 3454,
  "replay_size": 20000,
  "loss": 0.9006088972091675,
  "policy_loss": 0.8989155888557434,
  "value_loss": 0.0016932948492467403
}
{
  "seed": 8750881010485679119,
  "steps": 41,
  "total_reward": 102.05000000000003,
  "chase_count": 5,
  "samples": 41,
  "episode": 3455,
  "replay_size": 20000,
  "loss": 0.8278205990791321,
  "policy_loss": 0.8265811204910278,
  "value_loss": 0.001239471836015582
}
{
  "seed": 449712293220608261,
  "steps": 34,
  "total_reward": 99.76000000000002,
  "chase_count": 4,
  "samples": 34,
  "episode": 3456,
  "replay_size": 20000,
  "loss": 0.8087630867958069,
  "policy_loss": 0.8076347410678864,
  "value_loss": 0.0011283595231361687
}
{
  "seed": 5631636838343286232,
  "steps": 39,
  "total_reward": 85.89000000000004,
  "chase_count": 4,
  "samples": 39,
  "episode": 3457,
  "replay_size": 20000,
  "loss": 0.8444060981273651,
  "policy_loss": 0.8427968919277191,
  "value_loss": 0.0016091950819827616
}
{
  "seed": 7014469655302763135,
  "steps": 35,
  "total_reward": 122.56000000000004,
  "chase_count": 4,
  "samples": 35,
  "episode": 3458,
  "replay_size": 20000,
  "loss": 0.8465805351734161,
  "policy_loss": 0.8445002734661102,
  "value_loss": 0.002080271835438907
}
{
  "seed": 1787882565374622295,
  "steps": 41,
  "total_reward": 78.57000000000002,
  "chase_count": 4,
  "samples": 41,
  "episode": 3459,
  "replay_size": 20000,
  "loss": 0.842847466468811,
  "policy_loss": 0.8417907357215881,
  "value_loss": 0.00105672690551728
}
{
  "seed": 1978819782108119600,
  "steps": 38,
  "total_reward": 68.13999999999999,
  "chase_count": 3,
  "samples": 38,
  "episode": 3460,
  "replay_size": 20000,
  "loss": 0.8002813160419464,
  "policy_loss": 0.7990704774856567,
  "value_loss": 0.001210841117426753
}
{
  "seed": 8687844244531372032,
  "steps": 33,
  "total_reward": 68.95000000000002,
  "chase_count": 5,
  "samples": 33,
  "episode": 3461,
  "replay_size": 20000,
  "loss": 0.775431364774704,
  "policy_loss": 0.774273008108139,
  "value_loss": 0.0011583672021515667
}
{
  "seed": 4531808681868429660,
  "steps": 32,
  "total_reward": 87.55000000000001,
  "chase_count": 4,
  "samples": 32,
  "episode": 3462,
  "replay_size": 20000,
  "loss": 0.7180174291133881,
  "policy_loss": 0.7168588042259216,
  "value_loss": 0.0011585983447730541
}
{
  "seed": 2003757493622414263,
  "steps": 38,
  "total_reward": 105.21000000000004,
  "chase_count": 3,
  "samples": 38,
  "episode": 3463,
  "replay_size": 20000,
  "loss": 0.8166892528533936,
  "policy_loss": 0.8150638043880463,
  "value_loss": 0.0016254495712928474
}
{
  "seed": 3599937602793175575,
  "steps": 36,
  "total_reward": 104.58000000000001,
  "chase_count": 4,
  "samples": 36,
  "episode": 3464,
  "replay_size": 20000,
  "loss": 0.8637675940990448,
  "policy_loss": 0.8624625205993652,
  "value_loss": 0.0013050633715465665
}
{
  "seed": 2789462477844208231,
  "steps": 30,
  "total_reward": 101.87000000000002,
  "chase_count": 2,
  "samples": 30,
  "episode": 3465,
  "replay_size": 20000,
  "loss": 0.826211541891098,
  "policy_loss": 0.8253171145915985,
  "value_loss": 0.0008944460423663259
}
{
  "seed": 7704046681885544555,
  "steps": 37,
  "total_reward": 106.10000000000005,
  "chase_count": 4,
  "samples": 37,
  "episode": 3466,
  "replay_size": 20000,
  "loss": 0.8696602284908295,
  "policy_loss": 0.8684588074684143,
  "value_loss": 0.0012014075182378292
}
{
  "seed": 8163869017445113883,
  "steps": 34,
  "total_reward": 100.07000000000002,
  "chase_count": 4,
  "samples": 34,
  "episode": 3467,
  "replay_size": 20000,
  "loss": 0.7917309701442719,
  "policy_loss": 0.7901327908039093,
  "value_loss": 0.0015981838805601
}
{
  "seed": 3532061511756502745,
  "steps": 26,
  "total_reward": 96.73,
  "chase_count": 4,
  "samples": 26,
  "episode": 3468,
  "replay_size": 20000,
  "loss": 0.7107796669006348,
  "policy_loss": 0.709734708070755,
  "value_loss": 0.0010449514084029943
}
{
  "seed": 1854083704932696051,
  "steps": 33,
  "total_reward": 110.80000000000004,
  "chase_count": 4,
  "samples": 33,
  "episode": 3469,
  "replay_size": 20000,
  "loss": 0.7341460883617401,
  "policy_loss": 0.7328572869300842,
  "value_loss": 0.0012887923803646117
}
{
  "seed": 3521916371035983449,
  "steps": 29,
  "total_reward": 104.88000000000002,
  "chase_count": 4,
  "samples": 29,
  "episode": 3470,
  "replay_size": 20000,
  "loss": 0.7343933880329132,
  "policy_loss": 0.7326722741127014,
  "value_loss": 0.0017211027443408966
}
{
  "seed": 6123525171572028237,
  "steps": 32,
  "total_reward": 104.22000000000003,
  "chase_count": 4,
  "samples": 32,
  "episode": 3471,
  "replay_size": 20000,
  "loss": 0.7967289090156555,
  "policy_loss": 0.7955024540424347,
  "value_loss": 0.001226446416694671
}
{
  "seed": 3853179077515115119,
  "steps": 27,
  "total_reward": 73.99000000000001,
  "chase_count": 5,
  "samples": 27,
  "episode": 3472,
  "replay_size": 20000,
  "loss": 0.872186154127121,
  "policy_loss": 0.8707618415355682,
  "value_loss": 0.0014243117184378207
}
{
  "seed": 1426651270774052491,
  "steps": 43,
  "total_reward": 129.43000000000006,
  "chase_count": 3,
  "samples": 43,
  "episode": 3473,
  "replay_size": 20000,
  "loss": 0.7675792276859283,
  "policy_loss": 0.766228049993515,
  "value_loss": 0.001351174316368997
}
{
  "seed": 6607217299650613604,
  "steps": 36,
  "total_reward": 91.59000000000002,
  "chase_count": 4,
  "samples": 36,
  "episode": 3474,
  "replay_size": 20000,
  "loss": 0.77706578373909,
  "policy_loss": 0.7754854559898376,
  "value_loss": 0.0015803079004399478
}
{
  "seed": 5615014193084758375,
  "steps": 31,
  "total_reward": 115.17000000000004,
  "chase_count": 4,
  "samples": 31,
  "episode": 3475,
  "replay_size": 20000,
  "loss": 0.8672506213188171,
  "policy_loss": 0.8661681413650513,
  "value_loss": 0.0010824843775480986
}
{
  "seed": 8350787438318396307,
  "steps": 38,
  "total_reward": 104.92000000000004,
  "chase_count": 3,
  "samples": 38,
  "episode": 3476,
  "replay_size": 20000,
  "loss": 0.8670008778572083,
  "policy_loss": 0.8650905191898346,
  "value_loss": 0.0019103637314401567
}
{
  "seed": 2945705868175543800,
  "steps": 36,
  "total_reward": 121.85000000000005,
  "chase_count": 5,
  "samples": 36,
  "episode": 3477,
  "replay_size": 20000,
  "loss": 0.7682863473892212,
  "policy_loss": 0.7673763036727905,
  "value_loss": 0.0009100608876906335
}
{
  "seed": 6416811892096877001,
  "steps": 40,
  "total_reward": 111.43,
  "chase_count": 3,
  "samples": 40,
  "episode": 3478,
  "replay_size": 20000,
  "loss": 0.7389300167560577,
  "policy_loss": 0.7377438545227051,
  "value_loss": 0.0011861416860483587
}
{
  "seed": 5597792442975463581,
  "steps": 45,
  "total_reward": 118.24000000000005,
  "chase_count": 3,
  "samples": 45,
  "episode": 3479,
  "replay_size": 20000,
  "loss": 0.8097083270549774,
  "policy_loss": 0.8083471655845642,
  "value_loss": 0.001361167524009943
}
{
  "seed": 3632004604767894701,
  "steps": 36,
  "total_reward": 112.36000000000001,
  "chase_count": 5,
  "samples": 36,
  "episode": 3480,
  "replay_size": 20000,
  "loss": 0.7619581520557404,
  "policy_loss": 0.7604724168777466,
  "value_loss": 0.0014857313362881541
}
{
  "seed": 168037461240176651,
  "steps": 34,
  "total_reward": 79.60000000000001,
  "chase_count": 4,
  "samples": 34,
  "episode": 3481,
  "replay_size": 20000,
  "loss": 0.8256591856479645,
  "policy_loss": 0.8237627446651459,
  "value_loss": 0.0018964643822982907
}
{
  "seed": 1838008732112299087,
  "steps": 40,
  "total_reward": 116.12000000000005,
  "chase_count": 3,
  "samples": 40,
  "episode": 3482,
  "replay_size": 20000,
  "loss": 0.7087962031364441,
  "policy_loss": 0.7074751853942871,
  "value_loss": 0.0013210364850237966
}
{
  "seed": 2189520400940843848,
  "steps": 38,
  "total_reward": 80.72000000000004,
  "chase_count": 4,
  "samples": 38,
  "episode": 3483,
  "replay_size": 20000,
  "loss": 0.7651688158512115,
  "policy_loss": 0.763315349817276,
  "value_loss": 0.0018534654518589377
}
{
  "seed": 3456140700533616131,
  "steps": 38,
  "total_reward": 108.41000000000003,
  "chase_count": 4,
  "samples": 38,
  "episode": 3484,
  "replay_size": 20000,
  "loss": 0.8476988971233368,
  "policy_loss": 0.8467595875263214,
  "value_loss": 0.0009393163782078773
}
{
  "seed": 8515816327028001525,
  "steps": 38,
  "total_reward": 83.98000000000002,
  "chase_count": 5,
  "samples": 38,
  "episode": 3485,
  "replay_size": 20000,
  "loss": 0.8346350491046906,
  "policy_loss": 0.8334779739379883,
  "value_loss": 0.0011570743226911873
}
{
  "seed": 9088216454399800554,
  "steps": 27,
  "total_reward": 85.44,
  "chase_count": 5,
  "samples": 27,
  "episode": 3486,
  "replay_size": 20000,
  "loss": 0.8171292543411255,
  "policy_loss": 0.8151127099990845,
  "value_loss": 0.0020165410824120045
}
{
  "seed": 1874027653364012999,
  "steps": 38,
  "total_reward": 99.12000000000003,
  "chase_count": 3,
  "samples": 38,
  "episode": 3487,
  "replay_size": 20000,
  "loss": 0.8310940265655518,
  "policy_loss": 0.8299603760242462,
  "value_loss": 0.0011336549650877714
}
{
  "seed": 7967774578485695203,
  "steps": 29,
  "total_reward": 78.68,
  "chase_count": 5,
  "samples": 29,
  "episode": 3488,
  "replay_size": 20000,
  "loss": 0.8285524249076843,
  "policy_loss": 0.8271880447864532,
  "value_loss": 0.0013643840793520212
}
{
  "seed": 5476228368758448024,
  "steps": 39,
  "total_reward": 79.13000000000002,
  "chase_count": 5,
  "samples": 39,
  "episode": 3489,
  "replay_size": 20000,
  "loss": 0.826116681098938,
  "policy_loss": 0.8251706659793854,
  "value_loss": 0.0009460147120989859
}
{
  "seed": 6297547196679196874,
  "steps": 27,
  "total_reward": 104.62,
  "chase_count": 4,
  "samples": 27,
  "episode": 3490,
  "replay_size": 20000,
  "loss": 0.8184207677841187,
  "policy_loss": 0.8166911005973816,
  "value_loss": 0.0017296685255132616
}
{
  "seed": 7486839876698077013,
  "steps": 31,
  "total_reward": 100.72000000000003,
  "chase_count": 4,
  "samples": 31,
  "episode": 3491,
  "replay_size": 20000,
  "loss": 0.8161167800426483,
  "policy_loss": 0.8152076601982117,
  "value_loss": 0.0009091135871130973
}
{
  "seed": 2289860870995535406,
  "steps": 29,
  "total_reward": 92.72,
  "chase_count": 4,
  "samples": 29,
  "episode": 3492,
  "replay_size": 20000,
  "loss": 0.8244754076004028,
  "policy_loss": 0.8230307102203369,
  "value_loss": 0.001444702676963061
}
{
  "seed": 3319759399002974401,
  "steps": 32,
  "total_reward": 96.29000000000002,
  "chase_count": 3,
  "samples": 32,
  "episode": 3493,
  "replay_size": 20000,
  "loss": 0.8215714693069458,
  "policy_loss": 0.820629209280014,
  "value_loss": 0.0009422593284398317
}
{
  "seed": 6545479332571218906,
  "steps": 32,
  "total_reward": 116.83000000000001,
  "chase_count": 5,
  "samples": 32,
  "episode": 3494,
  "replay_size": 20000,
  "loss": 0.8445873856544495,
  "policy_loss": 0.8437163531780243,
  "value_loss": 0.0008710073307156563
}
{
  "seed": 399134532002376847,
  "steps": 40,
  "total_reward": 92.69000000000003,
  "chase_count": 4,
  "samples": 40,
  "episode": 3495,
  "replay_size": 20000,
  "loss": 0.8058822154998779,
  "policy_loss": 0.8037956953048706,
  "value_loss": 0.0020865312544628978
}
{
  "seed": 2157705575986220865,
  "steps": 36,
  "total_reward": 87.35000000000002,
  "chase_count": 5,
  "samples": 36,
  "episode": 3496,
  "replay_size": 20000,
  "loss": 0.8365508615970612,
  "policy_loss": 0.8350323438644409,
  "value_loss": 0.001518510573077947
}
{
  "seed": 2324596012778649036,
  "steps": 29,
  "total_reward": 76.72000000000001,
  "chase_count": 5,
  "samples": 29,
  "episode": 3497,
  "replay_size": 20000,
  "loss": 0.8510420620441437,
  "policy_loss": 0.8498339354991913,
  "value_loss": 0.001208119560033083
}
{
  "seed": 7749571694262253400,
  "steps": 35,
  "total_reward": 109.81,
  "chase_count": 3,
  "samples": 35,
  "episode": 3498,
  "replay_size": 20000,
  "loss": 0.7941088974475861,
  "policy_loss": 0.7927304804325104,
  "value_loss": 0.0013783975737169385
}
{
  "seed": 2069837337496810797,
  "steps": 39,
  "total_reward": 113.9,
  "chase_count": 4,
  "samples": 39,
  "episode": 3499,
  "replay_size": 20000,
  "loss": 0.8453587889671326,
  "policy_loss": 0.8442210257053375,
  "value_loss": 0.0011377747578080744
}
{
  "seed": 5028425569670493499,
  "steps": 34,
  "total_reward": 75.03,
  "chase_count": 5,
  "samples": 34,
  "episode": 3500,
  "replay_size": 20000,
  "loss": 0.7987193465232849,
  "policy_loss": 0.7973730266094208,
  "value_loss": 0.0013463065843097866
}
{
  "checkpoint": "C:\\Users\\wzm52\\Documents\\ChatGPT\\方舟自动化\\artifacts\\blackflow_policy.pt",
  "simulation_profile": "synthetic",
  "rules_sha256": "e0b2e231b57984166923cb9f5e3ef967ea52b74ad6235f51918b9810812c0691",
  "environment_sha256": "7327f79f6c7321ea2d6a6ebb0af304339e967314e4e03e17958773ad60bbbce6"
}
